date,close,high,low,open,volume,year,month,day,Negative,Neutral,Positive,positive_ratio,negative_ratio,neutral_ratio,SMA_20,EMA_20,RSI,Bollinger_Upper,Bollinger_Lower,Volatility
2017-01-20,895.0260009765625,899.3980102539062,887.0079956054688,898.1719970703125,86728400,2017,1,20,7,3,10,0.5,0.35,0.15,911.574545288086,900.770613291924,48.91711047435268,1099.6509653402234,723.4981252359485,94.03821002606874
2017-01-21,921.7890014648438,927.3670043945312,895.5349731445312,895.5490112304688,111158000,2017,1,21,1,1,2,0.5,0.25,0.25,907.7477447509766,902.7723645464878,51.87733610472414,1091.4559329824035,724.0395565195496,91.85409411571352
2017-01-22,924.6729736328124,937.5250244140624,897.5640258789062,922.2050170898438,116573000,2017,1,22,5,3,2,0.2,0.5,0.3,902.8938934326172,904.8581368404234,51.914257549922354,1078.8873557687136,726.900431096521,87.99673116804816
2017-01-23,921.0120239257812,928.2659912109376,916.7379760742188,925.4990234375,73588600,2017,1,23,1,1,1,0.3333333333333333,0.3333333333333333,0.3333333333333333,896.7524963378906,906.3966022771242,52.61845570640656,1060.1591285517577,733.3458641240236,81.70331610693354
2017-01-24,892.68701171875,924.14501953125,892.2860107421875,910.677001953125,111349000,2017,1,24,4,1,0,0.0,0.8,0.2,883.6503479003907,905.0909269858504,47.977889814921376,993.064121080972,774.2365747198093,54.70688659029073
2017-01-25,901.5419921875,903.2520141601562,891.68701171875,891.9240112304688,120831000,2017,1,25,4,2,9,0.6,0.2666666666666666,0.1333333333333333,878.058447265625,904.7529331955312,74.79319778221081,969.513314303092,786.6035802281581,45.72743351873343
2017-01-26,917.5859985351562,919.3259887695312,902.2239990234376,902.39501953125,131958000,2017,1,26,5,0,2,0.2857142857142857,0.7142857142857143,0.0,878.8276977539062,905.9751298945432,73.62763493299876,971.3897058984516,786.2656896093608,46.28100407227269
2017-01-27,919.75,923.2230224609376,915.8460083007812,918.3590087890624,125594000,2017,1,27,4,3,2,0.2222222222222222,0.4444444444444444,0.3333333333333333,879.3859466552734,907.2870222855393,71.60629321864548,972.8340454622808,785.9378478482661,46.72404940350367
2017-01-28,921.5900268554688,923.9110107421876,919.8109741210938,919.8109741210938,68979600,2017,1,28,2,0,1,0.3333333333333333,0.6666666666666666,0.0,879.9054992675781,908.649213196961,73.67728991814975,974.2099513588956,785.6010471762606,47.1522260456587
2017-01-29,919.4959716796876,923.4180297851562,919.1480102539062,922.0670166015624,60851700,2017,1,29,7,0,2,0.2222222222222222,0.7777777777777778,0.0,880.7388977050781,909.6822378143636,72.55345985677916,976.1839927214156,785.2938026887406,47.72254750816874
2017-01-30,920.3820190429688,923.0479736328124,919.4739990234376,920.1510009765624,78227296,2017,1,30,8,6,5,0.2631578947368421,0.4210526315789473,0.3157894736842105,881.3740478515625,910.70126459804,71.38421563229554,977.7386275510288,785.0094681520964,48.18228984973309
2017-01-31,970.4030151367188,972.0189819335938,920.958984375,920.958984375,164582000,2017,1,31,0,1,3,0.75,0.0,0.25,891.00634765625,916.3871456017238,67.22136833741284,982.1316776772284,799.8810176352717,45.56266501048911
2017-02-01,989.0230102539062,989.114013671875,970.7420043945312,970.9409790039062,150110000,2017,2,1,7,1,2,0.2,0.7,0.1,900.2157989501953,923.3048469971696,78.6593444135081,991.9000196035926,808.5315782967981,45.8421103266986
2017-02-02,1011.7999877929688,1013.52001953125,983.2210083007812,990.0009765625,145820992,2017,2,2,2,1,0,0.0,0.6666666666666666,0.3333333333333333,909.6065979003906,931.7329556443888,79.82495038376891,1006.727776440634,812.4854193601471,48.56058927012176
2017-02-03,1029.9100341796875,1033.8699951171875,1008.7899780273438,1011.4600219726562,201278000,2017,2,3,4,6,8,0.4444444444444444,0.2222222222222222,0.3333333333333333,920.1815002441406,941.0831536001314,83.21545784167617,1021.4621154853456,818.9008850029356,50.64030762060246
2017-02-04,1042.9000244140625,1045.9000244140625,1015.1599731445312,1031.3299560546875,155064000,2017,2,4,1,0,1,0.5,0.5,0.0,931.2366027832032,950.7799984395534,81.99406839756126,1035.5242478961852,826.948957670221,52.14382255649106
2017-02-05,1027.3399658203125,1043.6300048828125,1022.3699951171876,1043.52001953125,114208000,2017,2,5,0,0,1,1.0,0.0,0.0,941.0269012451172,958.0714239043876,75.41927317721579,1042.6338158559925,839.419986634242,50.8034573054376
2017-02-06,1038.1500244140625,1044.6400146484375,1028.1600341796875,1028.4000244140625,111762000,2017,2,6,7,0,4,0.3636363636363636,0.6363636363636364,0.0,947.5375030517578,965.6979572862616,78.0105451725172,1056.6285807753882,838.4464253281274,54.5455388618152
2017-02-07,1061.3499755859375,1061.9300537109375,1040.1400146484375,1040.1400146484375,146007008,2017,2,7,2,2,1,0.2,0.4,0.4,956.2741027832031,974.807673314802,91.34480038685,1072.5719306305327,839.9762749358736,58.14891392366477
2017-02-08,1063.0699462890625,1078.969970703125,1037.489990234375,1062.3199462890625,201855008,2017,2,8,3,2,4,0.4444444444444444,0.3333333333333333,0.2222222222222222,964.4739501953125,983.2136040742554,91.03106267232756,1086.7620168980286,842.1858834925963,61.14403335135807
2017-02-09,994.3829956054688,1088.989990234375,953.343994140625,1064.699951171875,407220000,2017,2,9,2,0,2,0.5,0.5,0.0,969.4417999267578,984.2773556486568,65.39146747642673,1087.8622873101226,851.0213125433929,59.21024369168245
2017-02-10,988.6740112304688,998.905029296875,946.6909790039062,995.6320190429688,190452000,2017,2,10,1,0,2,0.6666666666666666,0.3333333333333333,0.0,972.7860504150392,984.6960847516864,63.620048210766896,1089.3026990798285,856.2694017502497,58.25832433239472
2017-02-11,1004.4500122070312,1009.2899780273438,982.8300170898438,988.8980102539062,102261000,2017,2,11,3,1,0,0.0,0.75,0.25,976.77490234375,986.577411176005,65.51917133415367,1091.8091162483463,861.7406884391537,57.51710695229817
2017-02-12,999.1810302734376,1004.760009765625,996.9210205078124,1003.52001953125,67530000,2017,2,12,1,2,1,0.25,0.25,0.5,980.6833526611327,987.7777558519508,64.74911724009534,1093.02039302839,868.3463122938755,56.16852018362868
2017-02-13,990.6420288085938,1002.0999755859376,976.0020141601562,998.885009765625,100607000,2017,2,13,1,1,1,0.3333333333333333,0.3333333333333333,0.3333333333333333,985.581103515625,988.0505437525836,62.646338017585386,1090.0287337832317,881.1334732480184,52.22381513380334
2017-02-14,1004.5499877929688,1011.510009765625,986.4710083007812,991.7349853515624,137946000,2017,2,14,1,1,0,0.0,0.5,0.5,990.7315032958984,989.6219193754772,57.064649426886845,1087.6155082279354,893.8474983638614,48.442002466018494
2017-02-15,1007.47998046875,1008.8400268554688,1001.5800170898438,1006.2100219726562,89759400,2017,2,15,3,1,1,0.2,0.6,0.2,995.226202392578,991.3226870986462,54.08367289779954,1085.968317812799,904.4840869723575,45.37105771011027
2017-02-16,1027.43994140625,1033.3699951171875,1007.6500244140624,1007.6500244140624,122277000,2017,2,16,2,0,1,0.3333333333333333,0.6666666666666666,0.0,1000.6106994628906,994.7624256041322,53.50407766363644,1085.0573021574248,916.1640967683564,42.22330134726709
2017-02-17,1046.2099609375,1053.1700439453125,1025.6400146484375,1026.1199951171875,136474000,2017,2,17,1,0,3,0.75,0.25,0.0,1006.8416961669922,999.6621908739768,53.64117434683066,1084.8860235251643,928.79736880882,39.02216367908608
2017-02-18,1054.4200439453125,1061.0999755859375,1046.9599609375,1049.2099609375,99073504,2017,2,18,2,1,1,0.25,0.5,0.25,1013.5878997802736,1004.8772244998182,52.629565418980064,1082.650882832002,944.5249167285448,34.531491525864325
2017-02-19,1047.8699951171875,1056.81005859375,1043.4599609375,1054.760009765625,77423296,2017,2,19,3,0,0,0.0,1.0,0.0,1019.9622985839844,1008.9717740824248,54.88721870058136,1074.8906172078505,965.0339799601184,27.46415931193301
2017-02-20,1079.97998046875,1080.489990234375,1041.68994140625,1048.68994140625,109478000,2017,2,20,3,3,2,0.25,0.375,0.375,1025.441146850586,1015.734460404932,59.04087867786736,1081.4053551193472,969.4769385818248,27.982104134380624
2017-02-21,1115.300048828125,1117.25,1076.9300537109375,1079.280029296875,186868992,2017,2,21,1,1,1,0.3333333333333333,0.3333333333333333,0.3333333333333333,1031.7549987792968,1025.216897397617,61.07995455292999,1097.9731580820137,965.53683947658,33.10907965135835
2017-02-22,1117.43994140625,1125.3900146484375,1100.550048828125,1114.800048828125,136100000,2017,2,22,1,2,0,0.0,0.3333333333333333,0.6666666666666666,1037.0369964599608,1034.0000444460584,61.14696913879335,1112.7285156836997,961.345477236222,37.84575961186942
2017-02-23,1166.719970703125,1176.6199951171875,1116.9599609375,1117.27001953125,189454000,2017,2,23,0,5,3,0.375,0.0,0.625,1043.877493286133,1046.6400374229218,88.38735710286744,1139.0723197400068,948.6826668322592,47.59741322693692
2017-02-24,1173.6800537109375,1200.3900146484375,1131.9599609375,1172.7099609375,330759008,2017,2,24,1,1,2,0.5,0.25,0.25,1050.4164947509769,1058.7390865932089,90.98093115330003,1161.9015323274812,938.931457174472,55.7425187882523
2017-02-25,1143.8399658203125,1174.8499755859375,1124.5899658203125,1170.4100341796875,139960992,2017,2,25,2,1,1,0.25,0.5,0.25,1056.2414947509765,1066.8439322338854,79.0654669012846,1174.6112507348334,937.8717387671196,59.18487799192849
2017-02-26,1165.199951171875,1167.469970703125,1130.199951171875,1144.27001953125,116486000,2017,2,26,3,0,6,0.6666666666666666,0.3333333333333333,0.0,1062.5939910888671,1076.2111721327417,82.44113244020213,1190.1554979107548,935.0324842669796,63.7807534109438
2017-02-27,1179.969970703125,1181.97998046875,1163.3800048828125,1163.780029296875,131570000,2017,2,27,2,0,3,0.6,0.4,0.0,1068.5249908447263,1086.092962472778,86.11636927417479,1206.452312256701,930.5976694327522,68.96366070598712
2017-02-28,1179.969970703125,1193.25,1171.8199462890625,1180.719970703125,184956000,2017,2,28,3,0,5,0.625,0.375,0.0,1074.3699920654296,1095.0336299232872,85.33839680335461,1220.9597803940376,927.7802037368218,73.29489416430393
2017-03-01,1222.5,1222.5,1179.68994140625,1180.0400390625,229056992,2017,3,1,9,1,8,0.4444444444444444,0.5,0.0555555555555555,1085.7758422851562,1107.1732842163074,87.35576800726143,1241.3822282749936,930.1694562953188,77.80319299491875
2017-03-02,1251.010009765625,1262.1300048828125,1215.6199951171875,1224.6800537109375,368275008,2017,3,2,3,7,9,0.4736842105263157,0.1578947368421052,0.3684210526315789,1098.892642211914,1120.872019982909,87.72056866946602,1263.973774205473,933.8115102183552,82.54056599677945
2017-03-03,1274.989990234375,1280.31005859375,1250.7099609375,1250.7099609375,315739008,2017,3,3,57,46,76,0.4245810055865922,0.3184357541899441,0.2569832402234637,1112.4196411132812,1135.54992191162,87.93271647866605,1288.8624019521244,935.9768802744378,88.22138041942166
2017-03-04,1255.1500244140625,1279.4000244140625,1230.510009765625,1277.4300537109375,183270000,2017,3,4,2,0,2,0.5,0.5,0.0,1125.2180908203125,1146.9404078642335,82.0460202349966,1304.1918909218564,946.2442907187684,89.48690005077196
2017-03-05,1267.1199951171875,1267.2900390625,1238.06005859375,1254.2900390625,134127000,2017,3,5,1,2,3,0.5,0.1666666666666666,0.3333333333333333,1139.041989135742,1158.3860828407053,84.40725747436643,1316.9560020846536,961.1279761868308,88.95700647445574
2017-03-06,1272.8299560546875,1276.0,1264.5999755859375,1267.469970703125,153656992,2017,3,6,0,1,1,0.5,0.0,0.5,1152.455987548828,1169.285499337275,82.99851490422073,1328.1147749842694,976.7972001133868,87.82939371772069
2017-03-07,1223.5400390625,1275.550048828125,1204.800048828125,1273.2099609375,291256000,2017,3,7,2,0,2,0.5,0.5,0.0,1163.2589904785157,1174.452598358725,67.67587928679472,1327.5865503417442,998.931430615287,82.16377993161431
2017-03-08,1150.0,1232.1600341796875,1148.0799560546875,1223.22998046875,332603008,2017,3,8,6,2,1,0.1111111111111111,0.6666666666666666,0.2222222222222222,1169.3869934082031,1172.123779467418,54.31167591725679,1321.040883468747,1017.7331033476592,75.82694503027194
2017-03-10,1116.719970703125,1270.469970703125,1077.25,1189.3599853515625,563795968,2017,3,10,2,0,3,0.6,0.4,0.0,1172.9124938964844,1166.847226251771,43.08590226274652,1315.5179024735676,1030.3070853194013,71.30270428854158
2017-03-11,1175.8299560546875,1193.8299560546875,1116.3199462890625,1116.3199462890625,283320000,2017,3,11,1,1,1,0.3333333333333333,0.3333333333333333,0.3333333333333333,1178.9829895019532,1167.7027243282394,50.25981950127401,1310.234832348499,1047.7311466554074,65.62592142327287
2017-03-12,1221.3800048828125,1226.97998046875,1175.3599853515625,1176.6199951171875,227176000,2017,3,12,1,3,0,0.0,0.25,0.75,1187.6584899902343,1172.8148462858176,59.028042292548086,1304.5750802610585,1070.7418997194102,58.45829513541207
2017-03-13,1231.9200439453125,1237.3699951171875,1217.030029296875,1221.780029296875,380276992,2017,3,13,6,3,5,0.3571428571428571,0.4285714285714285,0.2142857142857142,1195.2554931640625,1178.4439127295789,57.96905230897535,1302.0166212505544,1088.4943650775706,53.380564043245975
2017-03-14,1240.0,1244.81005859375,1220.719970703125,1232.1600341796875,245306000,2017,3,14,4,0,2,0.3333333333333333,0.6666666666666666,0.0,1201.4904907226562,1184.3063972315238,57.28643692603118,1303.0280405887522,1099.9529408565602,50.76877493304803
2017-03-15,1249.6099853515625,1251.6099853515625,1239.75,1240.1600341796875,297804992,2017,3,15,4,1,4,0.4444444444444444,0.4444444444444444,0.1111111111111111,1208.0989929199218,1190.5257865762894,58.26019219547933,1303.6301358750347,1112.5678499648088,47.76557147755649
2017-03-16,1187.81005859375,1257.97998046875,1152.43994140625,1251.3299560546875,638568000,2017,3,16,7,1,3,0.2727272727272727,0.6363636363636364,0.0909090909090909,1209.153497314453,1190.2671458160476,46.06520314783748,1303.215765983542,1115.091228645364,47.03113433454449
2017-03-17,1100.22998046875,1180.1600341796875,1099.5699462890625,1180.1600341796875,706598976,2017,3,17,2,1,1,0.25,0.5,0.25,1205.4809936523438,1181.6921776877334,34.91837394530326,1310.4750746855802,1100.4869126191074,52.49704051661824
2017-03-18,973.8179931640624,1114.0699462890625,957.655029296875,1099.68994140625,621302016,2017,3,18,1,2,1,0.25,0.25,0.5,1196.979895019531,1161.8946363045268,24.998667447349973,1342.6439655963673,1051.3158244426954,72.83203528841794
2017-03-19,1036.739990234375,1069.9100341796875,976.72998046875,976.72998046875,406648000,2017,3,19,1,1,3,0.6,0.2,0.2,1190.5568969726562,1149.9751462026074,33.079323564464005,1352.536340825853,1028.5774531194595,80.98972192659821
2017-03-20,1054.22998046875,1063.030029296875,1036.6800537109375,1037.239990234375,286529984,2017,3,20,9,4,2,0.1333333333333333,0.6,0.2666666666666666,1184.2698974609375,1140.8565589898592,33.64683858914572,1357.359338286757,1011.1804566351178,86.54472041290984
2017-03-21,1120.5400390625,1122.4300537109375,1055.3599853515625,1055.3599853515625,337391008,2017,3,21,1,2,3,0.5,0.1666666666666666,0.3333333333333333,1181.2984008789062,1138.9216523301106,39.29817903509912,1356.723414781682,1005.8733869761306,87.7125069513878
2017-03-22,1049.1400146484375,1120.6500244140625,1014.2100219726562,1120.6500244140625,380840992,2017,3,22,0,1,4,0.8,0.0,0.2,1172.630401611328,1130.3710201699514,38.11380285927317,1356.4161903598483,988.844612862808,91.89289437426012
2017-03-23,1038.5899658203125,1058.010009765625,1028.9300537109375,1050.050048828125,248540000,2017,3,23,2,2,2,0.3333333333333333,0.3333333333333333,0.3333333333333333,1162.0093994140625,1121.6299673747476,41.69368027980455,1351.1955446685724,972.8232541595526,94.59307262725498
2017-03-24,937.52001953125,1040.469970703125,934.3579711914062,1038.449951171875,491038016,2017,3,24,2,1,2,0.4,0.4,0.2,1145.1359008789063,1104.095686627748,37.86605435125811,1351.327282144484,938.9445196133288,103.0956906327888
2017-03-25,972.7789916992188,975.760986328125,903.7130126953124,936.5399780273438,435803008,2017,3,25,6,3,8,0.4705882352941176,0.3529411764705882,0.1764705882352941,1131.017349243164,1091.5893347297929,35.79214806836434,1344.0470402169942,917.987658269334,106.51484548691506
2017-03-26,966.7249755859376,1007.9600219726562,954.1859741210938,974.0150146484376,303668000,2017,3,26,9,6,7,0.3181818181818182,0.4090909090909091,0.2727272727272727,1115.9975982666017,1079.6974910018064,31.13881680530163,1330.9732538347237,901.0219426984794,107.48782778406104
2017-03-27,1045.77001953125,1046.4000244140625,971.9840087890624,972.0549926757812,372535008,2017,3,27,4,2,3,0.3333333333333333,0.4444444444444444,0.2222222222222222,1104.6446014404296,1076.4663032427056,37.4828857751488,1308.438482315428,900.8507205654312,101.89694043749918
2017-03-28,1047.1500244140625,1064.6500244140625,1027.72998046875,1044.5799560546875,326332000,2017,3,28,3,4,2,0.2222222222222222,0.3333333333333333,0.4444444444444444,1095.8251007080078,1073.6742766875968,36.91446156720954,1293.1176019001823,898.532599515833,98.6462505960874
2017-03-29,1039.969970703125,1055.1300048828125,1015.8800048828124,1046.0799560546875,298457984,2017,3,29,2,1,0,0.0,0.6666666666666666,0.3333333333333333,1090.3235992431642,1070.464342784314,35.72813660533002,1287.3916440472858,893.2555544390425,98.53402240206084
2017-03-30,1026.4300537109375,1049.2900390625,1020.0399780273438,1042.2099609375,352968992,2017,3,30,0,2,3,0.6,0.0,0.4,1085.8091033935548,1066.2706009678018,38.24090252657487,1284.4614689511686,887.1567378359408,99.32618277880698
2017-03-31,1071.7900390625,1074.9200439453125,1026.6400146484375,1026.6400146484375,447287008,2017,3,31,2,1,1,0.25,0.5,0.25,1080.6071075439454,1066.7962617387254,47.79183416521038,1274.7311515317033,886.4830635561876,97.06202199387889
2017-04-01,1080.5,1091.719970703125,1061.0899658203125,1071.7099609375,289633984,2017,4,1,1,0,4,0.8,0.2,0.0,1073.5631072998046,1068.1013796683706,60.1356720767563,1256.0548260537032,891.0713885459061,91.2458593769493
2017-04-02,1102.1700439453125,1107.5899658203125,1075.449951171875,1080.6099853515625,514187008,2017,4,2,0,1,3,0.75,0.0,0.25,1067.0756072998047,1071.3460143614127,56.74511510424165,1234.4642282617433,899.6869863378661,83.69431048096929
2017-04-03,1143.81005859375,1151.739990234375,1102.949951171875,1102.949951171875,580444032,2017,4,3,3,4,8,0.5333333333333333,0.2,0.2666666666666666,1062.266110229492,1078.2473519073496,58.79670974477987,1213.480645672615,911.0515747863692,75.60726772156144
2017-04-04,1133.25,1156.43994140625,1120.52001953125,1145.52001953125,436310016,2017,4,4,1,0,0,0.0,1.0,0.0,1056.4481109619142,1083.485699344745,51.40157188198043,1184.49146091211,928.4047610117184,64.02167497509788
2017-04-05,1124.780029296875,1135.0899658203125,1113.6300048828125,1134.1400146484375,414784000,2017,4,5,0,0,1,1.0,0.0,0.0,1053.2966094970702,1087.4184926735193,59.68531778954996,1170.3583323199807,936.2348866741596,58.53086141145528
2017-04-06,1182.6800537109375,1188.3699951171875,1125.81005859375,1125.81005859375,511222016,2017,4,6,1,6,0,0.0,0.1428571428571428,0.8571428571428571,1057.4191131591797,1096.4910222961305,66.4547256876593,1186.618108275663,928.2201180426964,64.59949755824168
2017-04-07,1176.9000244140625,1186.5799560546875,1163.3900146484375,1178.93994140625,317022016,2017,4,7,0,2,1,0.3333333333333333,0.0,0.6666666666666666,1067.5732147216795,1104.1490224978384,84.94107949884435,1200.960842909759,934.1855865336004,66.69381409403964
2017-04-08,1175.949951171875,1184.97998046875,1162.5799560546875,1172.6500244140625,209312000,2017,4,8,0,1,1,0.5,0.0,0.5,1074.5337127685548,1110.98720618108,82.95670401376901,1215.4622803703503,933.6051451667594,70.46428380089772
2017-04-10,1187.1300048828125,1190.3399658203125,1179.0400390625,1187.300048828125,215883008,2017,4,10,1,0,0,0.0,1.0,0.0,1081.178713989258,1118.2389012955307,85.16743485225282,1230.3671523503913,931.9902756281246,74.59421918056665
2017-04-11,1205.010009765625,1208.0699462890625,1187.4599609375,1187.4599609375,216182000,2017,4,11,2,0,2,0.5,0.5,0.0,1085.4022125244142,1126.5028163879206,81.57015600980434,1243.7820160432198,927.0224090056088,79.18990175940276
2017-04-12,1200.3699951171875,1207.1400146484375,1196.760009765625,1204.81005859375,288702016,2017,4,12,1,0,3,0.75,0.25,0.0,1092.9637115478515,1133.537785790708,79.98900957122993,1258.3397671955065,927.5876559001966,82.68802782382744
2017-04-13,1169.280029296875,1205.8900146484375,1156.43994140625,1201.02001953125,351968992,2017,4,13,1,2,1,0.25,0.25,0.5,1099.4982147216797,1136.9418089817716,73.14314428034606,1266.1510656665412,932.8453637768182,83.32642547243077
2017-04-14,1167.5400390625,1190.800048828125,1159.7900390625,1170.3299560546875,254827008,2017,4,14,0,0,2,1.0,0.0,0.0,1110.999215698242,1139.855926132317,76.3687791836893,1261.555981793789,960.4424496026952,75.27838304777349
2017-04-15,1172.52001953125,1188.0,1164.9599609375,1167.300048828125,203559008,2017,4,15,1,3,0,0.0,0.25,0.75,1120.9862670898438,1142.9667921703106,72.16864699200814,1258.9069301754766,983.0656040042109,68.96033154281649
2017-04-16,1182.93994140625,1187.219970703125,1172.6099853515625,1172.6099853515625,183231008,2017,4,16,0,1,1,0.5,0.0,0.5,1131.7970153808594,1146.7737587642096,72.37655654214329,1251.4977697521574,1012.0962610095614,59.850377185648966
2017-04-17,1193.9100341796875,1194.9000244140625,1172.6500244140625,1183.25,253206000,2017,4,17,0,0,1,1.0,0.0,0.0,1139.204016113281,1151.262927851398,71.02197711211662,1254.7524978299843,1023.6555343965784,57.774240858351504
2017-04-18,1211.6700439453125,1217.5699462890625,1193.77001953125,1193.77001953125,270524000,2017,4,18,3,0,1,0.25,0.75,0.0,1147.4300170898437,1157.0159865270089,67.4608683743846,1258.7318269669163,1036.128207212771,55.650904938536335
2017-04-19,1210.2900390625,1215.510009765625,1205.0799560546875,1212.1300048828125,288060992,2017,4,19,1,1,1,0.3333333333333333,0.3333333333333333,0.3333333333333333,1155.9460205078126,1162.089705816103,70.80587181901379,1258.335078000611,1053.5569630150142,51.19452874639924
2017-04-20,1229.0799560546875,1240.7900390625,1208.4100341796875,1211.0799560546875,315108000,2017,4,20,3,5,4,0.3333333333333333,0.25,0.4166666666666667,1166.078515625,1168.4697296483491,76.68062070597904,1253.518785072508,1078.638246177492,43.72013472375394
2017-04-21,1222.050048828125,1235.93994140625,1215.56005859375,1229.4200439453125,272167008,2017,4,21,1,0,4,0.8,0.2,0.0,1173.5915161132812,1173.5726171892802,63.61435936920896,1252.3063854567993,1094.876646769763,39.357434671759
2017-04-22,1231.7099609375,1235.56005859375,1208.469970703125,1222.7099609375,249320000,2017,4,22,0,1,2,0.6666666666666666,0.0,0.3333333333333333,1181.1520141601563,1179.109507070063,68.45827184042952,1250.7367164370432,1111.5673118832694,34.79235113844345
2017-04-23,1207.2099609375,1232.199951171875,1203.93994140625,1231.9200439453125,258951008,2017,4,23,0,1,7,0.875,0.0,0.125,1186.4040100097657,1181.7857407717238,59.08616747540779,1246.0324066716537,1126.775613347878,29.81419833094392
2017-04-24,1250.1500244140625,1250.93994140625,1209.6300048828125,1209.6300048828125,235806000,2017,4,24,2,1,5,0.625,0.25,0.125,1191.7210083007812,1188.2966249281371,65.46277504486739,1254.2514089221715,1129.190607679391,31.265200310695167
2017-04-25,1265.489990234375,1267.5799560546875,1249.969970703125,1250.449951171875,242556000,2017,4,25,2,2,1,0.2,0.4,0.4,1198.3330078125,1195.6483740049218,65.02684773826306,1262.768002214185,1133.898013410815,32.21749720084238
2017-04-26,1281.0799560546875,1294.8299560546875,1265.9300537109375,1265.989990234375,329631008,2017,4,26,2,0,3,0.6,0.4,0.0,1206.1480041503903,1203.7847151525186,69.0183505555562,1270.9341443697629,1141.3618639310182,32.393070109686185
2017-04-27,1317.72998046875,1319.699951171875,1281.300048828125,1281.8800048828125,449196992,2017,4,27,1,2,4,0.5714285714285714,0.1428571428571428,0.2857142857142857,1212.9005004882813,1214.636645182636,84.0872830341416,1293.5880426518745,1132.2129583246883,40.34377108179653
2017-04-28,1316.47998046875,1331.280029296875,1292.3699951171875,1317.739990234375,527488992,2017,4,28,0,0,1,1.0,0.0,0.0,1219.8794982910156,1224.3360104479802,84.27692674200131,1310.9356679143516,1128.8233286676796,45.52808481166797
2017-04-29,1321.7900390625,1327.199951171875,1315.2099609375,1317.8399658203125,422705984,2017,4,29,1,0,1,0.5,0.5,0.0,1227.1715026855468,1233.617346506506,84.30077823456546,1326.4062698042037,1127.93673556689,49.617383559328346
2017-04-30,1347.8900146484375,1347.9100341796875,1314.9200439453125,1321.8699951171875,413115008,2017,4,30,0,1,3,0.75,0.0,0.25,1235.209503173828,1244.5004577581185,85.3560564474054,1346.141686175737,1124.2773201719192,55.46609150095442
2017-05-01,1421.5999755859375,1434.3199462890625,1348.300048828125,1348.300048828125,713624000,2017,5,1,9,3,4,0.25,0.5625,0.1875,1246.0390014648438,1261.367078503625,88.45986988393805,1383.6403302226936,1108.437672706994,68.80066437892488
2017-05-02,1452.8199462890625,1473.9000244140625,1415.68994140625,1421.030029296875,477337984,2017,5,2,2,2,2,0.3333333333333333,0.3333333333333333,0.3333333333333333,1258.6614990234375,1279.600684959381,88.96179200181763,1422.44778407996,1094.875213966915,81.89314252826125
2017-05-03,1490.0899658203125,1492.77001953125,1447.489990234375,1453.780029296875,583795968,2017,5,3,15,7,22,0.5,0.3409090909090909,0.1590909090909091,1274.7019958496094,1299.6472831366125,90.5084746960876,1462.6814944041012,1086.7224972951176,93.98974927724592
2017-05-04,1537.6700439453125,1608.9100341796875,1490.719970703125,1490.719970703125,933548992,2017,5,4,0,1,2,0.6666666666666666,0.0,0.3333333333333333,1293.20849609375,1322.316117499346,91.23883047376933,1507.766099560627,1078.650892626873,107.27880173343854
2017-05-05,1555.449951171875,1618.030029296875,1530.31005859375,1540.8699951171875,946035968,2017,5,5,0,1,1,0.5,0.0,0.5,1312.3549926757812,1344.5193397538726,93.30994893913926,1548.7931187691515,1075.9168665824109,118.2190630466852
2017-05-06,1578.800048828125,1578.800048828125,1542.5,1556.81005859375,582529984,2017,5,6,1,1,2,0.5,0.25,0.25,1332.147998046875,1366.8317882371346,93.53972896409157,1588.416213504457,1075.8797825892934,128.1341077287908
2017-05-07,1596.7099609375,1596.719970703125,1559.760009765625,1579.469970703125,1080029952,2017,5,7,1,3,2,0.3333333333333333,0.1666666666666666,0.5,1352.2879943847656,1388.7249475419312,99.6811224489796,1625.5603860460042,1079.015602723527,136.63619583061933
2017-05-08,1723.3499755859375,1723.3499755859375,1596.9200439453125,1596.9200439453125,1340320000,2017,5,8,4,3,2,0.2222222222222222,0.4444444444444444,0.3333333333333333,1377.8719909667968,1420.5939978318368,99.73722931925457,1688.9117814472745,1066.8322004863192,155.51989524023887
2017-05-09,1755.3599853515625,1833.489990234375,1716.300048828125,1723.8900146484375,1167920000,2017,5,9,4,2,4,0.4,0.4,0.2,1405.12548828125,1452.4764728337154,99.74612587842552,1748.2077191725332,1062.0432573899668,171.54111544564157
2017-05-10,1787.1300048828125,1788.43994140625,1719.0999755859375,1756.52001953125,915723008,2017,5,10,1,2,1,0.25,0.25,0.5,1433.0279907226563,1484.3482377907724,99.75420315013626,1805.3507595573756,1060.7052218879371,186.1613844173595
2017-05-11,1848.5699462890625,1873.9300537109373,1755.3499755859375,1780.3699951171875,799489984,2017,5,11,3,1,5,0.5555555555555556,0.3333333333333333,0.1111111111111111,1464.353985595703,1519.0360195525143,99.76562791463088,1866.192451620036,1062.51551957137,200.91923301216656
2017-05-12,1724.239990234375,1856.1500244140625,1694.010009765625,1845.760009765625,740984000,2017,5,12,1,4,2,0.2857142857142857,0.1428571428571428,0.5714285714285714,1488.980487060547,1538.5792548555487,81.05938715273129,1891.156260991267,1086.804713129827,201.08788696536
2017-05-13,1804.9100341796875,1812.989990234375,1651.0799560546875,1723.1199951171875,579635008,2017,5,13,4,2,1,0.1428571428571428,0.5714285714285714,0.2857142857142857,1518.8654907226562,1563.9440909816572,83.00992486581156,1921.709330879435,1116.0216505658775,201.4219200783893
2017-05-14,1808.9100341796875,1831.4200439453125,1776.6199951171875,1800.8599853515625,437196000,2017,5,14,5,1,1,0.1428571428571428,0.7142857142857143,0.1428571428571428,1546.8034912109374,1587.274180810041,82.48084093807418,1948.681243192236,1144.925739229639,200.9388759906492
2017-05-15,1738.4300537109375,1812.800048828125,1708.5400390625,1808.43994140625,731529024,2017,5,15,6,3,6,0.4,0.4,0.2,1570.4504943847655,1601.669978229174,72.42409937175557,1958.0346568565787,1182.8663319129523,193.79208123590655
2017-05-16,1734.449951171875,1785.93994140625,1686.5400390625,1741.699951171875,959044992,2017,5,16,5,5,5,0.3333333333333333,0.3333333333333333,0.3333333333333333,1593.118994140625,1614.3156899380026,70.73217196921185,1962.025012694357,1224.2129755868932,184.45300927686597
2017-05-17,1839.0899658203125,1864.050048828125,1661.9100341796875,1726.72998046875,1064729984,2017,5,17,3,2,2,0.2857142857142857,0.4285714285714285,0.2857142857142857,1619.186993408203,1635.722763831556,73.37324623478413,1979.7442049677652,1258.6297818486407,180.27860577978117
2017-05-18,1888.6500244140625,1904.47998046875,1807.1199951171875,1818.699951171875,894321024,2017,5,18,3,5,9,0.5294117647058824,0.1764705882352941,0.2941176470588235,1647.795495605469,1659.8110743632233,73.4436753897946,1997.8682699261813,1297.722721284756,175.0363871603563
2017-05-19,1987.7099609375,2004.52001953125,1890.25,1897.3699951171875,1157289984,2017,5,19,7,4,6,0.3529411764705882,0.4117647058823529,0.2352941176470588,1681.0914916992188,1691.0395397512495,76.0447775465023,2027.2605464448427,1334.9224369535948,173.08452737281195
2017-05-20,2084.72998046875,2084.72998046875,1974.9200439453125,1984.239990234375,961336000,2017,5,20,4,7,4,0.2666666666666666,0.2666666666666666,0.4666666666666667,1717.9334899902344,1728.5338674386303,77.99802581998321,2071.5496861087618,1364.317293871707,176.80809805926364
2017-05-21,2041.199951171875,2119.080078125,2037.5,2067.030029296875,1147859968,2017,5,21,0,1,5,0.8333333333333334,0.0,0.1666666666666666,1748.913488769531,1758.3115896989395,73.91968451674153,2101.7824562275578,1396.044521311505,176.4344837290132
2017-05-22,2173.39990234375,2303.89990234375,2017.8699951171875,2043.18994140625,1942220032,2017,5,22,5,2,1,0.125,0.625,0.25,1784.9424865722656,1797.8438099508262,74.07482139501195,2157.1362588787792,1412.748714265752,186.0968861532569
2017-05-23,2320.419921875,2320.820068359375,2178.5,2191.56005859375,1378749952,2017,5,23,1,2,2,0.4,0.2,0.4,1826.458984375,1847.612963467414,76.91530423438708,2242.792517826336,1410.1254509236649,208.1667667256676
2017-05-24,2443.639892578125,2523.719970703125,2321.3701171875,2321.3701171875,1725379968,2017,5,24,2,1,4,0.5714285714285714,0.2857142857142857,0.1428571428571428,1871.7574768066409,1904.3774329065293,78.76527510186075,2348.5469162904706,1394.9680373228107,238.3947197419149
2017-05-25,2304.97998046875,2763.7099609375,2285.300048828125,2446.239990234375,2406700032,2017,5,25,3,4,2,0.2222222222222222,0.3333333333333333,0.4444444444444444,1909.2339782714844,1942.530056483884,68.73035432622372,2398.992313797312,1419.4756427456568,244.8791677629137
2017-05-26,2202.419921875,2573.7900390625,2071.989990234375,2320.889892578125,1763480064,2017,5,26,5,7,1,0.0769230769230769,0.3846153846153846,0.5384615384615384,1940.414971923828,1967.2814722354187,69.98077438641464,2420.9139795962237,1459.915964251433,240.24950383619756
2017-05-27,2038.8699951171875,2260.199951171875,1855.8299560546875,2196.27001953125,1700480000,2017,5,27,4,0,3,0.4285714285714285,0.5714285714285714,0.0,1962.5229736328124,1974.099426795587,59.142775366121256,2416.386305717157,1508.659641548467,226.93166604217265
2017-05-28,2155.800048828125,2267.340087890625,2054.080078125,2054.080078125,1147139968,2017,5,28,7,3,5,0.3333333333333333,0.4666666666666667,0.2,1984.1454772949216,1991.404247941543,62.45646060188015,2431.185635978401,1537.1053186114427,223.52007934173955
2017-05-29,2255.610107421875,2307.050048828125,2107.169921875,2159.429931640625,994625024,2017,5,29,3,0,3,0.5,0.5,0.0,2009.1579833984372,2016.5667107491936,68.1882767896508,2458.2743149146936,1560.0416518821812,224.55816575812813
2017-05-30,2175.469970703125,2301.9599609375,2124.570068359375,2255.360107421875,1443970048,2017,5,30,3,3,6,0.5,0.25,0.25,2028.574981689453,2031.7003545543296,64.72127566601618,2470.799950345686,1586.3500130332204,221.1124843281164
2017-05-31,2286.409912109375,2311.080078125,2145.570068359375,2187.18994140625,1544829952,2017,5,31,5,2,2,0.2222222222222222,0.5555555555555556,0.2222222222222222,2050.4669799804688,2055.9584076548103,64.86903086385638,2498.4838336533385,1602.450126307599,224.0084268364348
2017-06-01,2407.8798828125,2448.389892578125,2288.330078125,2288.330078125,1653180032,2017,6,1,2,0,2,0.5,0.5,0.0,2084.648974609375,2089.4747386222093,66.47187896860572,2532.184328041872,1637.1136211768776,223.76767671624864
2017-06-02,2488.550048828125,2488.550048828125,2373.320068359375,2404.030029296875,1317030016,2017,6,2,4,1,3,0.375,0.5,0.125,2118.830975341797,2127.4819110227727,66.0760604862813,2580.608207849712,1657.0537428338826,230.88861625395725
2017-06-03,2515.35009765625,2581.909912109375,2423.570068359375,2493.719970703125,1514950016,2017,6,3,3,3,5,0.4545454545454545,0.2727272727272727,0.2727272727272727,2154.152978515625,2164.421738321199,64.47462341212194,2624.114915523888,1684.1910415073614,234.9809685041317
2017-06-04,2511.81005859375,2585.889892578125,2452.5400390625,2547.7900390625,1355120000,2017,6,4,0,0,1,1.0,0.0,0.0,2192.821978759765,2197.506340251918,66.25584710546565,2645.7172869242986,1739.926670595232,226.44765408226667
2017-06-05,2686.81005859375,2686.81005859375,2510.219970703125,2512.39990234375,1369309952,2017,6,5,2,4,0,0.0,0.3333333333333333,0.6666666666666666,2240.43998413086,2244.106694379712,67.22494152083667,2690.670820686247,1790.2091475754717,225.11541827769392
2017-06-06,2863.199951171875,2999.909912109375,2690.840087890625,2690.840087890625,2089609984,2017,6,6,2,1,3,0.5,0.3333333333333333,0.1666666666666666,2291.6454833984376,2303.067956931346,67.85836381717087,2780.9350125014325,1802.3559542954424,244.64476455149747
2017-06-07,2732.159912109375,2869.3798828125,2700.56005859375,2869.3798828125,1517709952,2017,6,7,4,0,0,0.0,1.0,0.0,2333.820977783203,2343.933857424492,59.4441889825547,2822.264764568865,1845.3771909975408,244.22189339283088
2017-06-08,2805.6201171875,2815.300048828125,2670.949951171875,2720.489990234375,1281170048,2017,6,8,2,1,1,0.25,0.5,0.25,2374.716485595703,2387.903977401921,67.11823677875404,2877.8843600222744,1871.548611169132,251.58393721328576
2017-06-09,2823.81005859375,2901.7099609375,2795.6201171875,2807.43994140625,1348950016,2017,6,9,0,0,4,1.0,0.0,0.0,2411.670489501953,2429.418842277333,72.54795045289664,2933.3834510893475,1889.9575279145583,260.8564807936973
2017-06-10,2947.7099609375,2950.989990234375,2746.550048828125,2828.139892578125,2018889984,2017,6,10,1,0,0,0.0,1.0,0.0,2456.995989990234,2478.7799011973493,83.9555136902178,3000.2566801789344,1913.7352998015335,271.6303450943502
2017-06-11,2958.110107421875,2996.60009765625,2840.530029296875,2942.409912109375,1752400000,2017,6,11,3,2,1,0.1666666666666666,0.5,0.3333333333333333,2496.2315002441405,2524.4303970282563,82.56788067984738,3065.954970674942,1926.508029813339,284.8617352154009
2017-06-12,2659.6298828125,2997.260009765625,2518.56005859375,2953.219970703125,2569530112,2017,6,12,1,1,1,0.3333333333333333,0.3333333333333333,0.3333333333333333,2513.191998291016,2537.306538531517,64.12241127031339,3081.071545575844,1945.3124510061875,283.9397736424141
2017-06-13,2717.02001953125,2789.0400390625,2650.3798828125,2680.909912109375,1781200000,2017,6,13,2,2,2,0.3333333333333333,0.3333333333333333,0.3333333333333333,2526.861004638672,2554.4221081505398,69.235680134947,3100.819675112788,1952.9023341645564,286.97933523705785
2017-06-14,2506.3701171875,2786.830078125,2412.93994140625,2716.8798828125,1696560000,2017,6,14,1,2,0,0.0,0.3333333333333333,0.6666666666666666,2536.9305114746094,2549.845728058821,57.29610699696853,3101.4883592275737,1972.3726637216448,282.2789238764823
2017-06-15,2464.580078125,2534.7099609375,2212.9599609375,2499.580078125,2026259968,2017,6,15,3,0,1,0.25,0.75,0.0,2550.038519287109,2541.7251899698854,51.985717173216464,3093.6806770783846,2006.3963614958343,271.8210788956376
2017-06-16,2518.56005859375,2539.919921875,2385.14990234375,2469.570068359375,1195190016,2017,6,16,2,2,0,0.0,0.5,0.5,2574.0230224609377,2539.518986981682,51.07101302265263,3062.2075831697016,2085.8384617521738,244.092280354382
2017-06-17,2655.8798828125,2685.18994140625,2484.9599609375,2514.010009765625,1534509952,2017,6,17,0,1,0,0.0,0.0,1.0,2599.0270141601563,2550.6009770608075,54.64859313855022,3046.552581354019,2151.5014469662938,223.7627835969312
2017-06-19,2589.60009765625,2662.85009765625,2549.030029296875,2549.030029296875,1446840064,2017,6,19,1,1,4,0.6666666666666666,0.1666666666666666,0.1666666666666666,2615.726513671875,2554.3151790222782,52.470670154973234,3033.21325783714,2198.23976950661,208.74337208263256
2017-06-20,2721.7900390625,2763.449951171875,2589.820068359375,2591.260009765625,1854189952,2017,6,20,6,1,3,0.3,0.6,0.1,2643.042517089844,2570.265165692776,51.14204684944347,3007.345016992278,2278.7400171874096,182.15124995121695
2017-06-21,2689.10009765625,2772.010009765625,2660.39990234375,2709.429931640625,1626579968,2017,6,21,0,1,2,0.6666666666666666,0.0,0.3333333333333333,2663.1770263671874,2581.5827782607257,43.7273068725684,2986.719587085805,2339.63446564857,161.7712803593088
2017-06-22,2705.409912109375,2723.739990234375,2642.360107421875,2691.030029296875,1097939968,2017,6,22,6,2,2,0.2,0.6,0.2,2678.0535278320312,2593.375838627264,48.94935686847591,2978.7228776245,2377.384178039563,150.33467489623422
2017-06-23,2744.909912109375,2765.169921875,2706.3701171875,2707.340087890625,961318976,2017,6,23,1,0,1,0.5,0.5,0.0,2690.8715209960938,2607.8076551493696,47.55016965736916,2979.126511781737,2402.61653021045,144.12749539282183
2017-06-24,2608.719970703125,2757.93994140625,2583.18994140625,2738.52001953125,982750016,2017,6,24,1,1,1,0.3333333333333333,0.3333333333333333,0.3333333333333333,2695.5400146484376,2607.894542344965,42.07520045220369,2974.706885756629,2416.373143540246,139.5834355540958
2017-06-25,2589.409912109375,2682.260009765625,2552.1201171875,2607.25,1161100032,2017,6,25,0,2,0,0.0,0.0,1.0,2699.4200073242187,2606.134101370147,35.696373424828906,2969.8555193143247,2428.9844953341126,135.217755995053
2017-06-26,2478.449951171875,2615.25,2376.2900390625,2590.570068359375,1663280000,2017,6,26,2,1,1,0.25,0.5,0.25,2689.002001953125,2593.973706113169,32.27471783906677,2976.968026038627,2401.0359778676225,143.98301204275126
2017-06-27,2552.449951171875,2552.449951171875,2332.989990234375,2478.449951171875,1489789952,2017,6,27,5,0,3,0.375,0.625,0.0,2673.464501953125,2590.0190627854267,45.2514710943826,2955.324603988348,2391.604399917902,140.9300510176114
2017-06-28,2574.7900390625,2603.97998046875,2484.419921875,2553.030029296875,1183869952,2017,6,28,5,1,2,0.25,0.625,0.125,2665.596008300781,2588.56867957372,43.4966267129328,2949.337009891616,2381.855006709947,141.8705007954173
2017-06-29,2539.320068359375,2588.830078125,2510.47998046875,2567.56005859375,949979008,2017,6,29,2,0,0,0.0,1.0,0.0,2652.281005859375,2583.878335648544,51.79401602083437,2933.335642638392,2371.226369080358,140.52731838950857
2017-06-30,2480.840087890625,2559.25,2478.429931640625,2539.239990234375,860273024,2017,6,30,2,2,3,0.4285714285714285,0.2857142857142857,0.2857142857142857,2635.1325073242188,2574.0651691954085,50.86950130279628,2913.964269255463,2356.3007453929745,139.41588096562214
2017-07-01,2434.550048828125,2515.27001953125,2419.22998046875,2492.60009765625,779913984,2017,7,1,0,1,1,0.5,0.0,0.5,2609.47451171875,2560.7780148747147,45.47032507086647,2860.2253726910485,2358.7236507464518,125.37543048614933
2017-07-02,2506.469970703125,2514.280029296875,2394.840087890625,2436.39990234375,803747008,2017,7,2,1,1,1,0.3333333333333333,0.3333333333333333,0.3333333333333333,2586.8925048828123,2555.6058201917062,41.33282235219573,2780.215354048852,2393.569655716773,96.66142458301964
2017-07-03,2564.06005859375,2595.0,2480.469970703125,2498.56005859375,964112000,2017,7,3,2,2,4,0.5,0.25,0.25,2582.114013671875,2556.4109857538056,48.50334919467677,2772.570033701561,2391.657993642189,95.22801001484294
2017-07-04,2601.639892578125,2631.590087890625,2559.35009765625,2561.0,985516032,2017,7,4,0,2,2,0.5,0.0,0.5,2576.345007324219,2560.718500689455,42.08110648730251,2756.295354149289,2396.394660499149,89.97517341253497
2017-07-05,2601.989990234375,2622.64990234375,2538.550048828125,2602.8701171875,941566016,2017,7,5,5,0,3,0.375,0.625,0.0,2581.1260009765624,2564.649118741352,44.00307507891908,2758.3081116777103,2403.9438902754146,88.59105535057395
2017-07-06,2608.56005859375,2616.719970703125,2581.68994140625,2608.10009765625,761956992,2017,7,6,0,1,0,0.0,0.0,1.0,2588.325,2568.8311130130087,43.24193378578251,2757.067900244985,2419.5820997550145,84.37145012249262
2017-07-07,2518.659912109375,2916.139892578125,2498.8701171875,2608.590087890625,917411968,2017,7,7,0,0,2,1.0,0.0,0.0,2588.3299926757813,2564.052903403139,35.25002005457391,2757.064207371418,2419.5957779801447,84.36710734781832
2017-07-08,2571.340087890625,2571.340087890625,2492.31005859375,2520.27001953125,733329984,2017,7,8,0,0,1,1.0,0.0,0.0,2584.103002929688,2564.7469209733763,47.2653152206995,2749.9226180498736,2418.2833878095016,82.90980756009307
2017-07-09,2518.43994140625,2635.489990234375,2517.590087890625,2572.610107421875,527856000,2017,7,9,0,0,1,1.0,0.0,0.0,2580.544995117188,2560.336732443174,45.05111923667932,2748.9023336374366,2412.1876565969387,84.17866926012447
2017-07-10,2372.56005859375,2537.159912109375,2321.1298828125,2525.25,1111200000,2017,7,10,2,0,1,0.3333333333333333,0.6666666666666666,0.0,2563.08349609375,2542.4532396956097,42.958984593776144,2741.8773563606046,2384.2896358268954,89.39693013342725
2017-07-11,2337.7900390625,2413.469970703125,2296.81005859375,2385.889892578125,1329760000,2017,7,11,1,0,4,0.8,0.2,0.0,2545.5179931640623,2522.96150630198,34.94080607597087,2740.4811104731184,2350.5548758550062,97.48155865452811
2017-07-12,2398.840087890625,2423.7099609375,2275.139892578125,2332.77001953125,1117410048,2017,7,12,3,0,0,0.0,1.0,0.0,2530.189501953125,2511.140418834232,38.29233242978318,2720.369560995198,2340.009442911052,95.09002952103644
2017-07-13,2357.89990234375,2425.219970703125,2340.830078125,2402.699951171875,835769984,2017,7,13,1,3,2,0.3333333333333333,0.1666666666666666,0.5,2510.839001464844,2496.546083930377,38.01558898997344,2687.2894864143614,2334.3885165153265,88.22524247475873
2017-07-14,2233.340087890625,2363.25,2183.219970703125,2360.590087890625,882502976,2017,7,14,2,1,0,0.0,0.6666666666666666,0.3333333333333333,2492.0700073242188,2471.4788462123056,34.96319114499035,2701.464942596854,2282.675072051584,104.69746763631764
2017-07-15,1998.8599853515625,2231.139892578125,1990.4100341796875,2230.1201171875,993608000,2017,7,15,2,2,0,0.0,0.5,0.5,2462.542510986328,2426.46752613033,28.456153062669458,2761.527897980302,2163.5571239923543,149.49269349698685
2017-07-16,1929.8199462890625,2058.77001953125,1843.030029296875,1991.97998046875,1182870016,2017,7,16,2,1,0,0.0,0.6666666666666666,0.3333333333333333,2435.111010742188,2379.1677566216376,21.404573435786347,2817.101306276727,2053.120715207648,190.9951477672699
2017-07-17,2228.409912109375,2230.489990234375,1932.6199951171875,1932.6199951171875,1201760000,2017,7,17,1,2,3,0.5,0.1666666666666666,0.3333333333333333,2418.9090087890627,2364.809866668089,36.56636950581717,2807.377148194208,2030.440869383918,194.2340697025724
2017-07-18,2318.8798828125,2387.610107421875,2164.77001953125,2233.52001953125,1512450048,2017,7,18,0,0,3,1.0,0.0,0.0,2406.1135009765626,2360.4355824913664,39.1428271986669,2789.7918292048303,2022.435172748295,191.83916411413375
2017-07-19,2273.429931640625,2397.169921875,2260.22998046875,2323.080078125,1245100032,2017,7,19,0,0,1,1.0,0.0,0.0,2392.818994140625,2352.149330029391,37.80654606420159,2775.4880402695435,2010.1499480117063,191.3345230644592
2017-07-20,2817.60009765625,2900.699951171875,2269.889892578125,2269.889892578125,2249260032,2017,7,20,2,1,0,0.0,0.6666666666666666,0.3333333333333333,2409.6569946289064,2396.4779745652822,55.54517982128293,2835.800040135537,1983.513949122275,213.0715227533157
2017-07-21,2667.760009765625,2838.409912109375,2621.85009765625,2838.409912109375,1489449984,2017,7,21,0,1,1,0.5,0.0,0.5,2421.317492675781,2422.314358870077,53.83326104681342,2862.8145059198228,1979.8204794317396,220.74850662202084
2017-07-22,2810.1201171875,2862.419921875,2657.7099609375,2668.6298828125,1177129984,2017,7,22,0,1,0,0.0,0.0,1.0,2436.5,2459.248240614593,55.86827161439015,2910.047535785663,1962.952464214337,236.7737678928316
2017-07-23,2730.39990234375,2832.179931640625,2653.93994140625,2808.10009765625,1072840000,2017,7,23,0,0,2,1.0,0.0,0.0,2444.8169921875,2485.0722083983223,55.14136339092585,2933.4017718693217,1956.2322125056785,244.2923898409109
2017-07-24,2754.860107421875,2777.260009765625,2699.18994140625,2732.699951171875,866473984,2017,7,24,3,2,4,0.4444444444444444,0.3333333333333333,0.2222222222222222,2452.478002929688,2510.7662940196133,59.853597495240905,2955.993256961925,1948.9627488974495,251.75762701611896
2017-07-25,2576.47998046875,2768.080078125,2480.9599609375,2757.5,1460089984,2017,7,25,1,3,3,0.4285714285714285,0.1428571428571428,0.4285714285714285,2451.202502441406,2517.0247403481026,55.72807014151879,2953.250155979729,1949.154848903083,251.0238267691616
2017-07-26,2529.449951171875,2610.760009765625,2450.800048828125,2577.77001953125,937404032,2017,7,26,0,0,2,1.0,0.0,0.0,2447.2469970703123,2518.2080937598903,53.15560360921521,2945.30525043994,1949.1887437006844,249.02912668481392
2017-07-27,2671.780029296875,2693.320068359375,2529.340087890625,2538.7099609375,789104000,2017,7,27,2,1,4,0.5714285714285714,0.2857142857142857,0.1428571428571428,2454.903002929688,2532.83399238246,57.22932641829758,2962.2049689426067,1947.601036916768,253.6509830064598
2017-07-28,2809.010009765625,2897.449951171875,2679.72998046875,2679.72998046875,1380099968,2017,7,28,1,1,1,0.3333333333333333,0.3333333333333333,0.3333333333333333,2466.786499023437,2559.136470228476,63.18196632872401,2996.224618337952,1937.348379708923,264.7190596572572
2017-07-29,2726.449951171875,2808.760009765625,2692.800048828125,2807.02001953125,803745984,2017,7,29,1,1,0,0.0,0.5,0.5,2477.1869995117186,2575.0710874611805,67.90654829704116,3018.9270910946107,1935.4469079288265,270.87004579144616
2017-07-30,2757.179931640625,2758.530029296875,2644.85009765625,2724.389892578125,705942976,2017,7,30,2,0,0,0.0,1.0,0.0,2496.4179931640624,2592.414786906841,70.75330610005275,3049.7036194811726,1943.132366846952,276.6428131585551
2017-07-31,2875.340087890625,2889.6201171875,2720.610107421875,2763.239990234375,860574976,2017,7,31,0,1,2,0.6666666666666666,0.0,0.3333333333333333,2523.2954956054687,2619.3600536672016,67.84249950374394,3096.020247843321,1950.570743367616,286.3623761189262
2017-08-01,2718.260009765625,2921.35009765625,2685.610107421875,2871.300048828125,1324669952,2017,8,1,5,3,2,0.2,0.5,0.3,2539.266491699219,2628.779097105147,60.62463068802148,3115.184131575064,1963.348851823374,287.95881993792256
2017-08-02,2710.669921875,2762.530029296875,2668.590087890625,2727.1298828125,1094950016,2017,8,2,6,1,4,0.3636363636363636,0.5454545454545454,0.0909090909090909,2556.904992675781,2636.578223273704,61.87093210283,3131.0401902928697,1982.7697950586928,287.0675988085443
2017-08-03,2804.72998046875,2813.31005859375,2685.139892578125,2709.56005859375,804796992,2017,8,3,5,5,8,0.4444444444444444,0.2777777777777778,0.2777777777777778,2585.4744873046875,2652.5926763398998,49.53755558175571,3148.576231112529,2022.372743496846,281.5508719039207
2017-08-04,2895.889892578125,2899.330078125,2743.719970703125,2806.929931640625,1002120000,2017,8,4,1,0,2,0.6666666666666666,0.3333333333333333,0.0,2630.3259826660155,2675.7638397911587,58.55796597328843,3136.7385444819656,2123.913420850065,253.2062809079751
2017-08-05,3252.909912109375,3290.010009765625,2874.830078125,2897.6298828125,1945699968,2017,8,5,0,1,2,0.6666666666666666,0.0,0.3333333333333333,2696.4804809570314,2730.7301323928937,64.30651539258244,3161.5845853084606,2231.376376605602,232.55205217571464
2017-08-06,3213.93994140625,3293.2900390625,3155.60009765625,3257.610107421875,1105030016,2017,8,6,2,0,1,0.3333333333333333,0.6666666666666666,0.0,2745.756982421875,2776.750114203689,66.04568082788319,3210.886154363181,2280.6278104805683,232.56458597065335
2017-08-07,3378.93994140625,3397.679931640625,3180.889892578125,3212.780029296875,1482279936,2017,8,7,5,1,4,0.4,0.5,0.1,2798.7599853515626,2834.101526318219,68.94250077400838,3299.3175021670554,2298.20246853607,250.2787584077465
2017-08-08,3419.93994140625,3484.85009765625,3345.830078125,3370.219970703125,1752760064,2017,8,8,0,1,2,0.6666666666666666,0.0,0.3333333333333333,2856.085485839844,2889.8956610885075,77.93060996010435,3365.846687650606,2346.324284029082,254.88060090538104
2017-08-09,3342.469970703125,3422.760009765625,3247.669921875,3420.39990234375,1468960000,2017,8,9,1,3,2,0.3333333333333333,0.1666666666666666,0.5,2882.3289794921875,2932.9979762899,76.39057863007653,3435.907313505083,2328.750645479292,276.7891670064479
2017-08-10,3381.280029296875,3453.449951171875,3319.469970703125,3341.840087890625,1515110016,2017,8,10,2,2,5,0.5555555555555556,0.2222222222222222,0.2222222222222222,2918.00498046875,2975.691505147707,74.68959090941529,3504.3566591858894,2331.653301751611,293.1758393585696
2017-08-11,3650.6201171875,3679.719970703125,3372.1201171875,3373.820068359375,2021190016,2017,8,11,0,1,0,0.0,0.0,1.0,2960.02998046875,3039.9704205800685,76.82079963326399,3628.548084811665,2291.511876125836,334.2590521714572
2017-08-12,3884.7099609375,3949.919921875,3613.699951171875,3650.6298828125,2219589888,2017,8,12,0,0,1,1.0,0.0,0.0,3017.745483398437,3120.421805376014,83.6609509716568,3793.501097811573,2241.9898689853026,387.87780720656735
2017-08-13,4073.260009765625,4208.39013671875,3857.800048828125,3880.0400390625,3159089920,2017,8,13,1,0,1,0.5,0.5,0.0,3083.665478515625,3211.168301032168,85.03380378131305,3980.047440391599,2187.283516639651,448.1909809379869
2017-08-14,4325.1298828125,4325.1298828125,3989.159912109375,4066.10009765625,2463089920,2017,8,14,4,2,2,0.25,0.5,0.25,3171.0979736328127,3317.259880249342,86.02839419001594,4191.700052505636,2150.49589475999,510.3010394364114
2017-08-15,4181.93017578125,4455.97021484375,3906.179931640625,4326.990234375,3258050048,2017,8,15,2,1,0,0.0,0.6666666666666666,0.3333333333333333,3253.721984863281,3399.609432204762,86.62600608308136,4322.047864347404,2185.396105379158,534.1629397420616
2017-08-16,4376.6298828125,4381.22998046875,3994.419921875,4200.33984375,2272039936,2017,8,16,5,0,0,0.0,1.0,0.0,3338.9644775390625,3492.6589989293084,88.11847958939708,4481.280770189582,2196.6481848885437,571.1581463252595
2017-08-17,4331.68994140625,4484.7001953125,4243.7099609375,4384.43994140625,2553359872,2017,8,17,3,2,4,0.4444444444444444,0.3333333333333333,0.2222222222222222,3415.0984741210937,3572.566707736636,85.74145121162886,4610.434615714454,2219.762332527734,597.6680707966798
2017-08-18,4160.6201171875,4370.1298828125,4015.39990234375,4324.33984375,2941710080,2017,8,18,0,1,3,0.75,0.0,0.25,3486.806982421875,3628.571794351004,78.53595766375028,4680.268014177174,2293.3459506665754,596.7305158776499
2017-08-19,4193.7001953125,4243.259765625,3970.550048828125,4137.75,2975820032,2017,8,19,3,0,1,0.25,0.75,0.0,3558.6329956054688,3682.3935468235272,74.86115155915545,4740.052455926032,2377.213535284906,590.7097301602814
2017-08-20,4087.659912109375,4196.2900390625,4069.8798828125,4189.31005859375,2109769984,2017,8,20,2,2,3,0.4285714285714285,0.2857142857142857,0.2857142857142857,3619.248986816406,3720.9903435174174,72.29833774823462,4777.225082711596,2461.2728909212165,578.988047947595
2017-08-21,4001.739990234375,4109.14013671875,3988.60009765625,4090.47998046875,2800890112,2017,8,21,5,3,3,0.2727272727272727,0.4545454545454545,0.2727272727272727,3683.422985839844,3747.728405109509,66.56313203619621,4771.295677847183,2595.5502938325053,543.9363460036692
2017-08-22,4100.52001953125,4128.759765625,3674.580078125,3998.35009765625,3764239872,2017,8,22,1,2,0,0.0,0.3333333333333333,0.6666666666666666,3752.915490722656,3781.327606483008,67.56009973956444,4753.189713011732,2752.64126843358,500.1371111445383
2017-08-23,4151.52001953125,4255.77978515625,4078.409912109375,4089.010009765625,2369819904,2017,8,23,0,0,1,1.0,0.0,0.0,3820.254992675781,3816.584026773317,71.16392523180652,4728.896906627465,2911.613078724097,454.3209569758421
2017-08-24,4334.68017578125,4376.39013671875,4130.259765625,4137.60009765625,2037750016,2017,8,24,7,0,2,0.2222222222222222,0.7777777777777778,0.0,3892.194506835937,3865.9265171550246,73.18873927310744,4716.6138768405135,3067.775136831361,412.209685002288
2017-08-25,4371.60009765625,4455.7001953125,4307.35009765625,4332.81982421875,1727970048,2017,8,25,4,0,3,0.4285714285714285,0.5714285714285714,0.0,3948.129016113281,3914.085905774189,69.77108360171155,4741.123501350249,3155.134530876313,396.497242618484
2017-08-26,4352.39990234375,4379.27978515625,4269.52001953125,4372.06005859375,1511609984,2017,8,26,1,1,3,0.6,0.2,0.2,4005.052014160157,3955.830095923671,64.5387126661777,4737.256760127132,3272.8472681931803,366.102372983488
2017-08-27,4382.8798828125,4416.58984375,4317.2900390625,4345.10009765625,1537459968,2017,8,27,1,3,2,0.3333333333333333,0.1666666666666666,0.5,4055.249011230469,3996.501504198797,60.67390007832445,4743.026637925139,3367.4713845357983,343.88881334733514
2017-08-28,4382.66015625,4403.93017578125,4224.64013671875,4384.4501953125,1959330048,2017,8,28,3,1,6,0.6,0.3,0.1,4103.385021972656,4033.278518679864,52.39967543219697,4736.534166461325,3470.235877483988,316.5745722443345
2017-08-29,4579.02001953125,4625.68017578125,4352.1298828125,4389.2099609375,2486080000,2017,8,29,3,3,11,0.6470588235294118,0.1764705882352941,0.1764705882352941,4165.212524414063,4085.253899713329,65.85987208975325,4722.452691956551,3607.972356871575,278.6200837712438
2017-08-30,4565.2998046875,4626.52001953125,4471.41015625,4570.35986328125,1937849984,2017,8,30,2,2,6,0.6,0.2,0.2,4224.413513183594,4130.9725573299165,58.80902323244344,4671.716166885901,3777.110859481287,223.6513268511534
2017-08-31,4703.39013671875,4736.0498046875,4549.39990234375,4555.58984375,1944930048,2017,8,31,7,1,4,0.3333333333333333,0.5833333333333334,0.0833333333333333,4277.052014160156,4185.48851727171,65.96594734380473,4686.195384462593,3867.90864385772,204.57168515121825
2017-09-01,4892.009765625,4892.009765625,4678.52978515625,4701.759765625,2599079936,2017,9,1,2,2,5,0.5555555555555556,0.2222222222222222,0.2222222222222222,4327.417004394531,4252.776255210119,80.94937511803188,4778.999022935464,3875.8349858536,225.79100927046585
2017-09-02,4578.77001953125,4975.0400390625,4469.240234375,4901.419921875,2722139904,2017,9,2,2,0,4,0.6666666666666666,0.3333333333333333,0.0,4352.6925048828125,4283.82328038356,63.171534948477856,4800.953603440574,3904.431406325052,224.13054927888044
2017-09-03,4582.9599609375,4714.080078125,4417.58984375,4585.27001953125,1933190016,2017,9,3,11,1,4,0.25,0.6875,0.0625,4365.584008789063,4312.312488055364,68.21090423254387,4825.1937162135055,3905.9743013646207,229.8048537122212
2017-09-04,4236.31005859375,4591.6298828125,4108.39990234375,4591.6298828125,2987330048,2017,9,4,12,1,5,0.2777777777777778,0.6666666666666666,0.0555555555555555,4368.303002929688,4305.074161439972,57.2370041483262,4823.96453711398,3912.641468745396,227.8307670921458
2017-09-05,4376.52978515625,4427.83984375,3998.110107421875,4228.2900390625,2697969920,2017,9,5,19,3,1,0.0434782608695652,0.8260869565217391,0.1304347826086956,4368.297998046875,4311.879458936761,58.30319649298251,4823.959149332821,3912.6368467609295,227.8305756429729
2017-09-06,4597.1201171875,4617.25,4376.58984375,4376.58984375,2172100096,2017,9,6,13,2,7,0.3181818181818182,0.5909090909090909,0.0909090909090909,4381.569506835937,4339.045235913021,62.16383440244677,4848.073956240927,3915.065057430947,233.25222470249508
2017-09-07,4599.8798828125,4655.0400390625,4491.330078125,4589.14013671875,1844620032,2017,9,7,2,0,6,0.75,0.25,0.0,4403.532495117188,4363.886630855829,58.03022610288845,4867.59209578861,3939.472894445765,232.0298003357113
2017-09-08,4228.75,4661.0,4075.179931640625,4605.16015625,2700890112,2017,9,8,3,2,0,0.0,0.6,0.4,4405.284985351563,4351.016475536227,46.40261115856144,4866.262582421187,3944.307388281938,230.48879853481236
2017-09-09,4226.06005859375,4308.81982421875,4114.10986328125,4229.81005859375,1386230016,2017,9,9,8,0,2,0.2,0.8,0.0,4412.204992675781,4339.115864398847,46.79170961019019,4856.976914343102,3967.433071008459,222.3859608336608
2017-09-10,4122.93994140625,4245.43994140625,3951.0400390625,4229.33984375,1679090048,2017,9,10,3,1,4,0.5,0.375,0.125,4418.264990234375,4318.527681256695,43.63391327120596,4842.308949274085,3994.2210311946646,212.02197951985505
2017-09-11,4161.27001953125,4261.669921875,4099.39990234375,4122.47021484375,1557330048,2017,9,11,5,3,6,0.4285714285714285,0.3571428571428571,0.2142857142857142,4421.302490234375,4303.550761092367,44.67737826774464,4836.541951046899,4006.063029421851,207.619730406262
2017-09-12,4130.81005859375,4344.64990234375,4085.219970703125,4168.8798828125,1864530048,2017,9,12,7,4,7,0.3888888888888889,0.3888888888888889,0.2222222222222222,4420.2669921875,4287.099265616308,38.29011078504762,4838.432137817312,4002.101846557689,209.08257281490592
2017-09-13,3882.590087890625,4131.97998046875,3789.919921875,4131.97998046875,2219409920,2017,9,13,12,4,7,0.3043478260869565,0.5217391304347826,0.1739130434782608,4397.662487792969,4248.574582023386,34.110535003508744,4879.358395522572,3915.966580063366,240.8479538648015
2017-09-14,3154.949951171875,3920.60009765625,3153.860107421875,3875.3701171875,2716310016,2017,9,14,9,2,1,0.0833333333333333,0.75,0.1666666666666666,4336.82998046875,4144.419855275623,21.72169729088944,5072.6489402228935,3601.011020714607,367.9094798770716
2017-09-15,3637.52001953125,3733.449951171875,2946.6201171875,3166.300048828125,4148069888,2017,9,15,13,4,6,0.2608695652173913,0.5652173913043478,0.1739130434782608,4301.085986328125,4096.143680442826,29.3112047937027,5100.431726548692,3501.740246107558,399.6728701102833
2017-09-16,3625.0400390625,3808.840087890625,3487.7900390625,3637.75,1818400000,2017,9,16,2,1,2,0.4,0.4,0.2,4263.193994140625,4051.2766669780326,32.539132409233375,5116.258004673438,3410.129983607812,426.53200526640666
2017-09-17,3582.8798828125,3664.81005859375,3445.639892578125,3606.280029296875,1239149952,2017,9,17,3,0,2,0.4,0.6,0.0,4223.20498046875,4006.667449438458,31.941624273733183,5126.209810054144,3320.2001508833564,451.5024147926969
2017-09-18,4065.199951171875,4079.22998046875,3591.090087890625,3591.090087890625,1943209984,2017,9,18,6,5,6,0.3529411764705882,0.3529411764705882,0.2941176470588235,4197.513977050781,4012.241973413069,47.05458936251992,5087.03127664726,3307.9966774543027,444.7586497982393
2017-09-19,3924.969970703125,4094.070068359375,3868.8701171875,4073.7900390625,1563980032,2017,9,19,4,2,8,0.5714285714285714,0.2857142857142857,0.1428571428571428,4165.497485351562,4003.93035410736,42.22708461912614,5045.318948150486,3285.676022552638,439.9107313994619
2017-09-20,3905.949951171875,4031.389892578125,3857.72998046875,3916.360107421875,1213830016,2017,9,20,4,1,4,0.4444444444444444,0.4444444444444444,0.1111111111111111,4125.625476074219,3994.598887161124,37.21537377864439,4974.544101650056,3276.706850498381,424.4593127879188
2017-09-21,3631.0400390625,3916.419921875,3613.6298828125,3901.469970703125,1411480064,2017,9,21,1,1,1,0.3333333333333333,0.3333333333333333,0.3333333333333333,4062.5769897460937,3959.974234961255,33.71851128783496,4857.417734960789,3267.736244531398,397.4203726073479
2017-09-22,3630.699951171875,3758.27001953125,3553.530029296875,3628.02001953125,1194829952,2017,9,22,1,0,1,0.5,0.5,0.0,4015.173486328125,3928.614779362266,38.51886666967253,4793.300358465622,3237.046614190628,389.06343606874833
2017-09-23,3792.39990234375,3819.2099609375,3594.580078125,3629.919921875,928113984,2017,9,23,3,1,1,0.2,0.6,0.2,3975.6454833984376,3915.641933931931,42.15378904239468,4711.499318582473,3239.7916482144024,367.9269175920176
2017-09-24,3682.840087890625,3796.14990234375,3666.89990234375,3796.14990234375,768014976,2017,9,24,1,2,4,0.5714285714285714,0.1428571428571428,0.2857142857142857,3947.971984863281,3893.470329547045,42.05578777816216,4684.179427817368,3211.7645419091946,368.10372147704334
2017-09-25,3926.070068359375,3950.25,3681.580078125,3681.580078125,1374210048,2017,9,25,4,2,3,0.3333333333333333,0.4444444444444444,0.2222222222222222,3925.448999023437,3896.5750665767914,46.04684715441884,4633.474995196709,3217.423002850166,354.0129980866358
2017-09-26,3892.35009765625,3969.889892578125,3869.89990234375,3928.409912109375,1043740032,2017,9,26,1,4,2,0.2857142857142857,0.1428571428571428,0.5714285714285714,3890.210498046875,3896.172688584358,45.99644147076912,4523.713251872306,3256.707744221444,316.75137691271533
2017-09-27,4200.669921875,4210.0498046875,3884.820068359375,3892.93994140625,1686880000,2017,9,27,1,2,2,0.4,0.2,0.4,3870.25,3925.172425088229,55.234675780007294,4430.528736883968,3309.971263116032,280.139368441984
2017-09-28,4174.72998046875,4279.31005859375,4109.7001953125,4197.1298828125,1712320000,2017,9,28,8,0,2,0.2,0.8,0.0,3867.548999023437,3948.939811314945,71.82281480534107,4421.03044922392,3314.0675488229544,276.74072510024155
2017-09-29,4163.06982421875,4214.6298828125,4039.2900390625,4171.6201171875,1367049984,2017,9,29,6,2,2,0.2,0.6,0.2,3864.399487304688,3969.333145877212,64.0853523202908,4409.951287046969,3318.8476875624065,272.7758998711406
2017-09-30,4338.7099609375,4358.43017578125,4160.85986328125,4166.10986328125,1207449984,2017,9,30,5,25,1,0.032258064516129,0.1612903225806451,0.8064516129032258,3875.18798828125,4004.511890168668,67.58890750154035,4450.015479727989,3300.3604968345107,287.4137457233697
2017-10-01,4403.740234375,4403.740234375,4269.81005859375,4341.0498046875,1208210048,2017,10,1,3,0,4,0.5714285714285714,0.4285714285714285,0.0,3887.3114990234376,4042.533637235938,70.00517407403353,4496.730812170897,3277.8921858759786,304.7096565737296
2017-10-02,4409.31982421875,4470.22998046875,4377.4599609375,4395.81005859375,1431730048,2017,10,2,6,0,8,0.5714285714285714,0.4285714285714285,0.0,3901.2369873046873,4077.465655043825,60.92527532253442,4545.79873641216,3256.675238197214,322.2808745537364
2017-10-03,4317.47998046875,4432.47021484375,4258.89013671875,4408.4599609375,1288019968,2017,10,3,4,2,10,0.625,0.25,0.125,3922.981481933594,4100.324162227152,62.856623293622825,4593.705888672331,3252.2570751948565,335.3622033693686
2017-10-04,4229.35986328125,4352.31005859375,4210.419921875,4319.3701171875,1116770048,2017,10,4,1,1,5,0.7142857142857143,0.1428571428571428,0.1428571428571428,3976.701977539063,4112.613276613256,60.13449549271788,4554.021699024752,3399.3822560533736,288.6598607428446
2017-10-05,4328.41015625,4362.64013671875,4164.0498046875,4229.8798828125,1161769984,2017,10,5,5,2,5,0.4166666666666667,0.4166666666666667,0.1666666666666666,4011.246484375,4133.165360388184,74.55995600505845,4585.785855415816,3436.707113334184,287.2696855204081
2017-10-06,4370.81005859375,4413.27001953125,4320.52978515625,4324.4599609375,1069939968,2017,10,6,2,4,1,0.1428571428571428,0.2857142857142857,0.5714285714285714,4048.534985351562,4155.7981887887145,75.31520297901073,4614.2716679286605,3482.7983027744654,282.8683412885487
2017-10-07,4426.89013671875,4443.8798828125,4321.0498046875,4369.35009765625,906928000,2017,10,7,2,1,1,0.25,0.5,0.25,4090.735498046875,4181.616469543956,73.3927262410367,4635.756164419668,3545.7148316740827,272.51033318639617
2017-10-08,4610.47998046875,4624.14013671875,4405.64013671875,4429.669921875,1313869952,2017,10,8,3,0,3,0.5,0.5,0.0,4117.999499511719,4222.460613441555,82.4304266623012,4710.157284229723,3525.8417147937143,296.07889235900205
2017-10-09,4772.02001953125,4878.7099609375,4564.25,4614.52001953125,1968739968,2017,10,9,3,4,6,0.4615384615384615,0.2307692307692307,0.3076923076923077,4160.352001953125,4274.799604497717,81.3660983250285,4812.506205846283,3508.197798059967,326.0771019465789
2017-10-10,4781.990234375,4922.169921875,4765.10009765625,4776.2099609375,1597139968,2017,10,10,4,5,7,0.4375,0.25,0.3125,4204.154016113282,4323.103474009839,83.57740142397523,4900.541780379092,3507.766251847472,348.19388213290483
2017-10-11,4826.47998046875,4873.72998046875,4751.6298828125,4789.25,1222279936,2017,10,11,5,2,3,0.3,0.5,0.2,4263.926013183594,4371.044093672593,79.49346115699436,4958.402984736996,3569.4490416301915,347.2384857767011
2017-10-12,5446.91015625,5446.91015625,4822.0,4829.580078125,2791610112,2017,10,12,9,3,10,0.4545454545454545,0.4090909090909091,0.1363636363636363,4354.7365234375,4473.507528203774,88.42468559576274,5165.773808033058,3543.699238841942,405.51864229777897
2017-10-13,5647.2099609375,5840.2998046875,5436.85009765625,5464.16015625,3615480064,2017,10,13,5,2,13,0.65,0.25,0.1,4447.477026367187,4585.288712273653,90.24110087419092,5399.672396558628,3495.2816561757463,476.0976850957205
2017-10-14,5831.7900390625,5837.7001953125,5591.64013671875,5643.52978515625,1669030016,2017,10,14,4,2,3,0.3333333333333333,0.4444444444444444,0.2222222222222222,4554.924523925782,4704.003124348781,90.2881834356449,5621.889198931156,3487.959848920408,533.482337502687
2017-10-15,5678.18994140625,5852.47998046875,5478.60986328125,5835.9599609375,1976039936,2017,10,15,2,2,3,0.4285714285714285,0.2857142857142857,0.2857142857142857,4642.530517578125,4796.782821211397,82.82008432388116,5777.638743669352,3507.422291486898,567.5541130456136
2017-10-16,5725.58984375,5776.22998046875,5544.2099609375,5687.56982421875,2008070016,2017,10,16,5,4,11,0.55,0.25,0.2,4734.1925048828125,4885.240632881741,83.18232744942557,5909.59337237716,3558.791637388465,587.7004337471741
2017-10-17,5605.509765625,5800.35009765625,5472.72021484375,5741.580078125,1821570048,2017,10,17,3,2,6,0.5454545454545454,0.2727272727272727,0.1818181818181818,4804.434497070312,4953.837693143004,82.01457394123383,6013.027665280821,3595.8413288598035,604.2965841052544
2017-10-18,5590.68994140625,5603.81982421875,5151.43994140625,5603.81982421875,2399269888,2017,10,18,8,3,6,0.3529411764705882,0.4705882352941176,0.1764705882352941,4875.232495117188,5014.490288215694,85.11605410988236,6094.355180937213,3656.1098092971615,609.5613429100127
2017-10-19,5708.52001953125,5744.35009765625,5531.06005859375,5583.740234375,1780540032,2017,10,19,6,1,9,0.5625,0.375,0.0625,4952.5050048828125,5080.5883578647945,85.25887557909974,6177.465343475843,3727.544666289782,612.4801692965152
2017-10-20,6011.4501953125,6060.10986328125,5627.22998046875,5708.10986328125,2354429952,2017,10,20,2,1,10,0.7692307692307693,0.1538461538461538,0.0769230769230769,5036.142016601562,5169.241866193148,86.99067557341073,6312.009091316742,3760.274941886383,637.9335373575898
2017-10-21,6031.60009765625,6194.8798828125,5965.06982421875,5996.7900390625,2207099904,2017,10,21,1,1,2,0.5,0.25,0.25,5117.535009765625,5251.371221570586,86.77642742777647,6430.685753016412,3804.3842665148377,656.5753716253934
2017-10-22,6008.419921875,6076.259765625,5792.33984375,6036.66015625,2034630016,2017,10,22,1,1,0,0.0,0.5,0.5,5197.490014648438,5323.471097790054,84.58021418858674,6523.741897952359,3871.2381313445167,663.1259416519605
2017-10-23,5930.31982421875,6075.58984375,5732.47021484375,6006.0,2401840128,2017,10,23,7,4,4,0.2666666666666666,0.4666666666666667,0.2666666666666666,5278.132006835937,5381.266214592787,79.88604941923603,6574.892628888381,3981.371384783493,648.3803110262222
2017-10-24,5526.64013671875,5935.52001953125,5504.18017578125,5935.52001953125,2735699968,2017,10,24,9,1,2,0.1666666666666666,0.75,0.0833333333333333,5342.996020507812,5395.111350033355,65.96885271478548,6545.207141552944,4140.78489946268,601.1055605225663
2017-10-25,5750.7998046875,5754.330078125,5397.8798828125,5524.60009765625,1966989952,2017,10,25,6,1,8,0.5333333333333333,0.4,0.0666666666666666,5414.115502929688,5428.986440952797,68.40365551828606,6528.706750902375,4299.524254957001,557.2956239863436
2017-10-26,5904.830078125,5976.7998046875,5721.22021484375,5747.9501953125,1905040000,2017,10,26,3,3,3,0.3333333333333333,0.3333333333333333,0.3333333333333333,5490.81650390625,5474.304882588245,61.19696301093263,6510.170634911113,4471.4623729013865,509.6770655024316
2017-10-27,5780.89990234375,5988.39013671875,5728.81982421875,5899.740234375,1710130048,2017,10,27,3,1,3,0.4285714285714285,0.4285714285714285,0.1428571428571428,5558.5169921875,5503.504408279246,53.39578268439439,6452.495144736527,4664.538839638473,446.9890762745133
2017-10-28,5753.08984375,5876.72021484375,5689.18994140625,5787.81982421875,1403920000,2017,10,28,1,0,3,0.75,0.25,0.0,5615.647485351563,5527.274449752651,47.82800168824498,6392.956203518803,4838.338767184323,388.6543590836202
2017-10-29,6153.85009765625,6255.7099609375,5724.580078125,5754.43994140625,2859040000,2017,10,29,1,0,1,0.5,0.5,0.0,5684.738989257812,5586.948320981565,61.5515400519762,6388.484463346122,4980.993515169503,351.8727370441547
2017-10-30,6130.52978515625,6214.990234375,6040.85009765625,6114.85009765625,1772150016,2017,10,30,2,0,3,0.6,0.4,0.0,5752.165966796875,5638.7179842362975,59.95045631019735,6340.709255315803,5163.622678277948,294.27164425946376
2017-10-31,6468.39990234375,6470.43017578125,6103.330078125,6132.02001953125,2311379968,2017,10,31,5,5,2,0.1666666666666666,0.4166666666666667,0.4166666666666667,5834.261962890625,5717.735309770341,69.15345205619013,6329.847032403719,5338.676893377531,247.7925347565468
2017-11-01,6767.31005859375,6767.31005859375,6377.8798828125,6440.97021484375,2870320128,2017,11,1,3,4,10,0.5882352941176471,0.1764705882352941,0.2352941176470588,5900.281958007812,5817.694809658285,73.19229994829726,6515.8666089950175,5284.697307020607,307.79232549360256
2017-11-02,7078.5,7367.330078125,6758.72021484375,6777.77001953125,4653770240,2017,11,2,8,2,7,0.4117647058823529,0.4705882352941176,0.1176470588235294,5971.846459960938,5937.771494452733,75.09101546158409,6769.436112668094,5174.2568072537815,398.794826353578
2017-11-03,7207.759765625,7461.2900390625,7002.93994140625,7087.52978515625,3369860096,2017,11,3,5,4,13,0.5909090909090909,0.2272727272727272,0.1818181818181818,6040.644946289062,6058.722758373901,73.39877747781165,7006.908528140963,5074.381364437161,483.1317909259506
2017-11-04,7379.9501953125,7492.85986328125,7031.27978515625,7164.47998046875,2483800064,2017,11,4,1,0,2,0.6666666666666666,0.3333333333333333,0.0,6125.732958984375,6184.553942844244,74.89208613638351,7245.176029356651,5006.289888612098,559.721535186138
2017-11-05,7407.41015625,7617.47998046875,7333.18994140625,7404.52001953125,2380410112,2017,11,5,2,1,1,0.25,0.5,0.25,6209.823974609375,6301.016439359079,75.78621378621378,7448.977479327797,4970.6704698909525,619.5767523592111
2017-11-06,7022.759765625,7445.77001953125,7007.31005859375,7403.22021484375,3111899904,2017,11,6,13,1,16,0.5333333333333333,0.4333333333333333,0.0333333333333333,6280.686474609375,6369.753899003452,68.09141947790563,7536.315547244792,5025.057401973958,627.8145363177085
2017-11-07,7144.3798828125,7253.31982421875,7023.10009765625,7023.10009765625,2326340096,2017,11,7,2,2,3,0.4285714285714285,0.2857142857142857,0.2857142857142857,6358.370971679688,6443.5278022233615,79.55141073195584,7626.4440406406575,5090.2979027187175,634.0365344804849
2017-11-08,7459.68994140625,7776.419921875,7114.02001953125,7141.3798828125,4602200064,2017,11,8,11,1,11,0.4782608695652174,0.4782608695652174,0.0434782608695652,6445.929467773438,6540.305148812207,80.2104246214382,7765.84267244553,5126.016263101345,659.9566023360463
2017-11-09,7143.580078125,7446.830078125,7101.52001953125,7446.830078125,3226249984,2017,11,9,5,2,5,0.4166666666666667,0.4166666666666667,0.1666666666666666,6502.535961914063,6597.759903984854,70.71217026145914,7840.969441748228,5164.1024820798975,669.2167399170826
2017-11-10,6618.14013671875,7312.0,6436.8701171875,7173.72998046875,5208249856,2017,11,10,6,1,11,0.6111111111111112,0.3333333333333333,0.0555555555555555,6531.862963867187,6599.700878530939,62.34175383863275,7852.433186064806,5211.292741669568,660.2851110988094
2017-11-11,6357.60009765625,6873.14990234375,6204.22021484375,6618.60986328125,4908680192,2017,11,11,3,0,0,0.0,1.0,0.0,6549.32197265625,6576.643661304778,58.33892051252519,7849.834480490528,5248.809464821972,650.2562539171389
2017-11-12,5950.06982421875,6625.0498046875,5519.009765625,6295.4501953125,8957349888,2017,11,12,4,2,2,0.25,0.5,0.25,6550.30947265625,6516.96996253468,47.19419236773424,7848.87148657135,5251.747458741151,649.2810069575496
2017-11-13,6559.490234375,6811.18994140625,5844.2900390625,5938.25,6263249920,2017,11,13,8,0,9,0.5294117647058824,0.4705882352941176,0.0,6601.951977539063,6521.019512233759,55.08548073776001,7807.954256035295,5395.949699042831,603.0011392481158
2017-11-14,6635.75,6764.97998046875,6461.75,6561.47998046875,3197110016,2017,11,14,6,1,4,0.3636363636363636,0.5454545454545454,0.0909090909090909,6646.199487304688,6531.946225354354,52.11520101115018,7783.705766969867,5508.693207639509,568.7531398325896
2017-11-15,7315.5400390625,7342.25,6634.759765625,6634.759765625,4200880128,2017,11,15,2,5,12,0.631578947368421,0.1052631578947368,0.2631578947368421,6716.7349853515625,6606.574207612272,56.32071627672474,7835.475404044768,5597.994566658357,559.3702093466025
2017-11-16,7871.68994140625,7967.3798828125,7176.580078125,7323.240234375,5123809792,2017,11,16,7,3,5,0.3333333333333333,0.4666666666666667,0.2,6821.274487304688,6727.061420354556,58.65600740031449,7962.333006911046,5680.215967698329,570.5292598031791
2017-11-17,7708.990234375,8004.58984375,7561.08984375,7853.56982421875,4651670016,2017,11,17,6,4,3,0.2307692307692307,0.4615384615384615,0.3076923076923077,6919.069506835937,6820.578450261264,55.43024819427266,8008.764064475388,5829.374949196486,544.8472788197256
2017-11-18,7790.14990234375,7884.990234375,7463.43994140625,7697.2099609375,3667190016,2017,11,18,2,2,4,0.5,0.25,0.25,7000.884497070312,6912.918588554834,54.53345491778641,8094.373268819243,5907.395725321381,546.7443858744655
2017-11-19,8036.490234375,8101.91015625,7694.10009765625,7766.02978515625,3149319936,2017,11,19,2,1,6,0.6666666666666666,0.2222222222222222,0.1111111111111111,7096.18251953125,7019.925411966278,56.63163987050874,8202.431440135686,5989.933598926815,553.124460302218
2017-11-20,8200.6396484375,8336.8603515625,7949.35986328125,8039.06982421875,3488450048,2017,11,20,12,2,12,0.4615384615384615,0.4615384615384615,0.0769230769230769,7182.794506835938,7132.3743868683,63.02238580368209,8351.569710232932,6014.019303438943,584.3876016984973
2017-11-21,8071.259765625,8348.66015625,7762.7099609375,8205.740234375,4277609984,2017,11,21,8,5,5,0.2777777777777778,0.4444444444444444,0.2777777777777778,7247.9919921875,7221.792041987986,60.22983156305467,8463.71334692911,6032.270637445889,607.8606773708051
2017-11-22,8253.5498046875,8302.259765625,8075.47021484375,8077.9501953125,3633530112,2017,11,22,2,0,14,0.875,0.125,0.0,7306.744482421875,7320.0546860546065,59.02675750064932,8599.133484921917,6014.355479921834,646.1945012500206
2017-11-23,8038.77001953125,8267.400390625,8038.77001953125,8232.3798828125,4225179904,2017,11,23,4,0,6,0.6,0.4,0.0,7348.294995117188,7388.503765433334,60.41904905659348,8680.117161702308,6016.472828532067,665.9110832925604
2017-11-24,8253.6904296875,8374.16015625,7940.93017578125,8074.02001953125,5058610176,2017,11,24,3,0,12,0.8,0.2,0.0,7391.982006835938,7470.902495362302,70.51922423576525,8784.131544143254,5999.83246952862,696.0747686536587
2017-11-25,8790.919921875,8790.919921875,8191.14990234375,8241.7099609375,4342060032,2017,11,25,4,2,3,0.3333333333333333,0.4444444444444444,0.2222222222222222,7461.157495117188,7596.618440744463,78.54602573853685,8987.554414341237,5934.760575893139,763.1984596120246
2017-11-26,9330.5498046875,9522.9296875,8775.58984375,8789.0400390625,5475579904,2017,11,26,8,2,15,0.6,0.32,0.08,7576.546997070312,7761.754761119991,88.46526053804737,9299.64739619584,5853.446597944785,861.550199562764
2017-11-27,9818.349609375,9818.349609375,9352.7197265625,9352.7197265625,5653320192,2017,11,27,7,5,18,0.6,0.2333333333333333,0.1666666666666666,7710.245483398437,7957.620937144277,88.13691967306039,9688.25676610415,5732.234200692724,989.0056413528569
2017-11-28,10058.7998046875,10125.7001953125,9736.2998046875,9823.4296875,6348819968,2017,11,28,3,2,13,0.7222222222222222,0.1666666666666666,0.1111111111111111,7840.2009765625,8157.733210243631,88.57593384120754,10073.89848849105,5606.50346463395,1116.8487559642747
2017-11-29,9888.6103515625,11517.400390625,9601.0302734375,10077.400390625,11568799744,2017,11,29,16,7,12,0.3428571428571428,0.4571428571428571,0.2,7977.452490234375,8322.578652274,82.75987089137668,10363.094297804411,5591.810682664338,1192.8209037850186
2017-11-30,10233.599609375,10801.0,9202.0498046875,9906.7900390625,8310689792,2017,11,30,15,7,6,0.2142857142857142,0.5357142857142857,0.25,8158.2254638671875,8504.580648188381,81.78020738246681,10655.48732651381,5660.963601220565,1248.6309313233114
2017-12-01,10975.599609375,11046.7001953125,9694.650390625,10198.599609375,6783119872,2017,12,1,6,4,11,0.5238095238095238,0.2857142857142857,0.1904761904761904,8389.125439453124,8739.915787349011,88.02532514701386,11034.938586466264,5743.312292439983,1322.9065735065708
2017-12-02,11074.599609375,11320.2001953125,10905.099609375,10978.2998046875,5138500096,2017,12,2,5,1,4,0.4,0.5,0.1,8645.351928710938,8962.266627541961,88.07485560083987,11289.164693379844,6001.539164042031,1321.9063823344532
2017-12-03,11323.2001953125,11858.7001953125,10862.0,11082.7001953125,6608309760,2017,12,3,4,4,8,0.5,0.25,0.25,8883.537426757812,9187.117443520108,88.08110155787152,11593.62380685021,6173.451046665414,1355.0431900461988
2017-12-04,11657.2001953125,11657.2001953125,11081.7998046875,11315.400390625,6132409856,2017,12,4,12,4,17,0.5151515151515151,0.3636363636363636,0.1212121212121212,9134.609936523437,9422.363419881289,88.53245386090067,11897.773936284992,6371.445936761881,1381.581999880778
2017-12-05,11916.7001953125,12032.0,11604.599609375,11685.7001953125,6895260160,2017,12,5,11,4,10,0.4,0.44,0.16,9364.667944335935,9659.91930325569,91.6589895195834,12253.451509219596,6475.884379452278,1444.3917824418295
2017-12-06,14291.5,14369.099609375,11923.400390625,11923.400390625,12656300032,2017,12,6,4,3,18,0.72,0.16,0.12,9685.658447265623,10101.022226755147,94.34524774367053,13228.570646085309,6142.746248445941,1771.456099409842
2017-12-07,17899.69921875,17899.69921875,14057.2998046875,14266.099609375,17950699520,2017,12,7,11,6,11,0.3928571428571428,0.3928571428571428,0.2142857142857142,10195.193896484376,10843.753368849895,98.33168990324128,15179.248441723936,5211.139351244817,2492.0272726197795
2017-12-08,16569.400390625,18353.400390625,14336.900390625,17802.900390625,21135998976,2017,12,8,10,4,11,0.44,0.4,0.16,10634.156420898438,11389.05308520943,86.74092210522574,16234.65091939499,5033.661922401886,2800.247249248276
2017-12-09,15178.2001953125,16783.0,13674.900390625,16523.30078125,13911300096,2017,12,9,6,1,0,0.0,0.8571428571428571,0.1428571428571428,10991.241918945312,11749.92423855258,76.24049036356574,16801.153081059936,5181.330756830686,2904.955581057313
2017-12-10,15455.400390625,15850.599609375,13226.599609375,15168.400390625,13433299968,2017,12,10,8,4,6,0.3333333333333333,0.4444444444444444,0.2222222222222222,11353.979956054687,12102.826729226144,75.71688593388976,17333.70436067387,5374.2555514355045,2989.862202309592
2017-12-11,16936.80078125,17513.900390625,15404.7998046875,15427.400390625,12153900032,2017,12,11,20,3,27,0.54,0.4,0.06,11797.257006835938,12563.205210371274,77.58698652201663,18060.062657404767,5534.451356267109,3131.4028252844146
2017-12-12,17415.400390625,17781.80078125,16571.599609375,16919.80078125,14603799552,2017,12,12,12,3,15,0.5,0.4,0.1,12255.349536132811,13025.319037062103,77.99320076487122,18762.29624461028,5748.402827655348,3253.473354238733
2017-12-13,16408.19921875,17653.099609375,16039.7001953125,17500.0,12976900096,2017,12,13,9,3,6,0.3333333333333333,0.5,0.1666666666666666,12673.82099609375,13347.498101984762,73.3225795159832,19115.150360010062,6232.491632177432,3220.664681958159
2017-12-14,16564.0,17085.80078125,16185.900390625,16384.599609375,13777399808,2017,12,14,12,5,14,0.4516129032258064,0.3870967741935484,0.1612903225806451,13089.336474609376,13653.83161608145,72.95652690033677,19400.96008888392,6777.712860334832,3155.811807137272
2017-12-15,17706.900390625,18154.099609375,16601.30078125,16601.30078125,14309999616,2017,12,15,13,6,14,0.4242424242424242,0.3939393939393939,0.1818181818181818,13535.135498046877,14039.838166037978,73.72063763874617,19827.898113706997,7242.372882386756,3146.3813078300595
2017-12-16,19497.400390625,19716.69921875,17515.30078125,17760.30078125,12740599808,2017,12,16,7,1,2,0.2,0.7,0.1,14043.47802734375,14559.605996951028,76.51981763356814,20545.241522623342,7541.714532064155,3250.8817476397976
2017-12-17,19140.80078125,20089.0,18974.099609375,19475.80078125,13314599936,2017,12,17,4,0,2,0.3333333333333333,0.6666666666666666,0.0,14509.6005859375,14995.91026212236,74.44803195618448,21072.36628858352,7946.83488329148,3281.38285132301
2017-12-18,19114.19921875,19371.0,18355.900390625,19106.400390625,14839499776,2017,12,18,11,2,9,0.4090909090909091,0.5,0.0909090909090909,14962.370556640624,15388.12825799166,73.77748006323168,21481.567842869736,8443.173270411511,3259.5986431145566
2017-12-19,17776.69921875,19177.80078125,17275.400390625,19118.30078125,16894499840,2017,12,19,28,3,20,0.392156862745098,0.5490196078431373,0.0588235294117647,15356.775,15615.61120663531,67.48334728258757,21528.714708246545,9184.835291753456,3085.969854123272
2017-12-20,16624.599609375,17934.69921875,16077.7001953125,17760.30078125,22149699584,2017,12,20,18,9,23,0.46,0.36,0.18,15676.325,15711.705340229566,57.50863915245791,21375.0635118874,9977.5864881126,2849.3692559437
2017-12-21,15802.900390625,17567.69921875,15342.7001953125,16642.400390625,16516599808,2017,12,21,17,6,23,0.5,0.3695652173913043,0.1304347826086956,15917.6900390625,15720.390583124368,41.77700252887804,21169.52196942012,10665.858108704875,2625.915965178812
2017-12-22,13831.7998046875,15943.400390625,11833.0,15898.0,22197999616,2017,12,22,30,5,21,0.375,0.5357142857142857,0.0892857142857142,16055.550048828123,15540.524794701809,39.77775157158742,20901.135429386115,11209.964668270137,2422.792690278995
2017-12-23,14699.2001953125,15603.2001953125,13828.7998046875,13948.7001953125,13086000128,2017,12,23,9,4,18,0.5806451612903226,0.2903225806451613,0.1290322580645161,16224.350048828124,15460.398642379016,48.13859190026992,20586.948139304408,11861.75195835184,2181.2990452381423
2017-12-24,13925.7998046875,14626.0,12747.7001953125,14608.2001953125,11572299776,2017,12,24,9,5,14,0.5,0.3214285714285714,0.1785714285714285,16337.780029296877,15314.24637212268,44.2766480035716,20299.98019431333,12375.579864280417,1981.100082508229
2017-12-25,14026.599609375,14593.0,13448.900390625,13995.900390625,10664699904,2017,12,25,8,1,5,0.3571428571428571,0.5714285714285714,0.0714285714285714,16443.275,15191.613347099094,37.856151571145226,20001.613389856822,12884.93661014318,1779.1691949284111
2017-12-26,16099.7998046875,16461.19921875,14028.900390625,14036.599609375,13454300160,2017,12,26,11,5,23,0.5897435897435898,0.282051282051282,0.1282051282051282,16533.689990234376,15278.107295440846,45.154969409782176,19950.91445984034,13116.465520628411,1708.612234802982
2017-12-27,15838.5,16930.900390625,15114.2998046875,16163.5,12487600128,2017,12,27,14,5,19,0.5,0.3684210526315789,0.131578947368421,16430.630029296874,15331.478029208383,47.77997211931278,19798.360497591,13062.899561002743,1683.8652341470638
2017-12-28,14606.5,15888.400390625,13937.2998046875,15864.099609375,12336499712,2017,12,28,22,5,24,0.4705882352941176,0.4313725490196078,0.0980392156862745,16332.485009765624,15262.43250261711,42.96222871745495,19796.227575319383,12868.742444211866,1731.8712827768793
2017-12-29,14656.2001953125,15279.0,14307.0,14695.7998046875,13025500160,2017,12,29,10,3,24,0.6486486486486487,0.2702702702702703,0.081081081081081,16306.385009765623,15204.696092397622,38.096130491825015,19814.33441251921,12798.435607012038,1753.9747013767942
2017-12-30,12952.2001953125,14681.900390625,12350.099609375,14681.900390625,14452599808,2017,12,30,7,4,15,0.5769230769230769,0.2692307692307692,0.1538461538461538,16181.225,14990.17267362761,24.2869734108226,19983.307481868665,12379.142518131335,1901.041240934333
2017-12-31,14156.400390625,14377.400390625,12755.599609375,12897.7001953125,12136299520,2017,12,31,8,3,19,0.6333333333333333,0.2666666666666666,0.1,16042.20498046875,14910.765789532124,31.641253504653903,19930.316057933363,12154.093903004135,1944.055538732307
2018-01-01,13657.2001953125,14112.2001953125,13154.7001953125,14112.2001953125,10291200000,2018,1,1,24,18,37,0.4683544303797468,0.3037974683544304,0.2278481012658227,15854.294970703126,14791.378590082635,30.57675761047659,19825.34986359417,11883.240077812085,1985.5274464455215
2018-01-02,14982.099609375,15444.599609375,13163.599609375,13625.0,16846600192,2018,1,2,28,11,37,0.4868421052631579,0.3684210526315789,0.1447368421052631,15782.989990234377,14809.54249668191,40.04417666770573,19763.370622620547,11802.609357848203,1990.1903161930848
2018-01-03,15201.0,15572.7998046875,14844.5,14978.2001953125,16871900160,2018,1,3,33,28,59,0.4916666666666666,0.275,0.2333333333333333,15714.839990234375,14846.824163664583,44.567160525703024,19685.578743243623,11744.101237225128,1985.3693765046237
2018-01-04,15599.2001953125,15739.7001953125,14522.2001953125,15270.7001953125,21783199744,2018,1,4,25,10,42,0.5454545454545454,0.3246753246753247,0.1298701298701298,15609.45498046875,14918.47902382153,49.19665819916703,19467.872643047784,11751.037317889715,1929.208831289517
2018-01-05,17429.5,17705.19921875,15202.7998046875,15477.2001953125,23840899072,2018,1,5,19,6,27,0.5192307692307693,0.3653846153846153,0.1153846153846153,15506.0599609375,15157.623878695673,64.34775639115804,19021.371471855717,11990.748450019288,1757.655755459106
2018-01-06,17527.0,17712.400390625,16764.599609375,17462.099609375,18314600448,2018,1,6,3,2,23,0.8214285714285714,0.1071428571428571,0.0714285714285714,15425.369921875,15383.27874739132,62.01519283407176,18651.59018067333,12199.14966307667,1613.1101293991655
2018-01-07,16477.599609375,17579.599609375,16087.7001953125,17527.30078125,15866000384,2018,1,7,13,5,22,0.55,0.325,0.125,15293.53994140625,15487.499781865958,60.59400710974701,18069.09126115285,12517.988621659646,1387.7756598733022
2018-01-08,15170.099609375,16537.900390625,14208.2001953125,16476.19921875,18413899776,2018,1,8,26,3,34,0.5396825396825397,0.4126984126984127,0.0476190476190476,15163.2099609375,15457.271194009676,54.31499638716928,17680.599745420113,12645.820176454888,1258.694892241306
2018-01-09,14595.400390625,15497.5,14424.0,15123.7001953125,16659999744,2018,1,9,15,9,30,0.5555555555555556,0.2777777777777778,0.1666666666666666,15061.75,15375.188260353993,43.59928079500455,17493.245504003204,12630.254495996796,1215.7477520016023
2018-01-10,14973.2998046875,14973.2998046875,13691.2001953125,14588.5,18500800512,2018,1,10,23,9,34,0.5151515151515151,0.3484848484848485,0.1363636363636363,15020.269970703124,15336.913169338137,46.35502579106264,17426.705072121593,12613.834869284656,1203.2175507092347
2018-01-11,13405.7998046875,15018.7998046875,13105.900390625,14968.2001953125,16534099968,2018,1,11,24,10,38,0.5277777777777778,0.3333333333333333,0.1388888888888889,14998.969970703123,15152.99761079998,45.08066989666868,17456.692313541163,12541.247627865088,1228.8611714190197
2018-01-12,13980.599609375,14229.900390625,13158.099609375,13453.900390625,12065699840,2018,1,12,17,3,20,0.5,0.425,0.075,14963.03994140625,15041.340658283318,47.3462147938988,17459.9134697378,12466.1664130747,1248.4367641657748
2018-01-13,14360.2001953125,14659.5,13952.400390625,13952.400390625,12763599872,2018,1,13,10,8,30,0.625,0.2083333333333333,0.1666666666666666,14984.7599609375,14976.470138000384,56.17294796935516,17451.01244306391,12518.507478811089,1233.1262410632066
2018-01-14,13772.0,14511.7998046875,13268.0,14370.7998046875,11084099584,2018,1,14,12,10,26,0.5416666666666666,0.25,0.2083333333333333,14972.02998046875,14861.75869628606,48.21848801261024,17461.62435102569,12482.435609911809,1244.7971852784704
2018-01-15,13819.7998046875,14445.5,13641.7001953125,13767.2998046875,12750799872,2018,1,15,15,10,26,0.5098039215686274,0.2941176470588235,0.196078431372549,14858.02998046875,14762.524516133815,50.78647806787002,17338.977601572184,12377.082359365311,1240.473810551718
2018-01-16,11490.5,13843.099609375,10194.900390625,13836.099609375,18853799936,2018,1,16,44,11,35,0.3888888888888889,0.4888888888888889,0.1222222222222222,14640.62998046875,14450.903133644882,34.60711129985212,17493.898161226254,11787.361799711243,1426.634090378753
2018-01-17,11188.599609375,11678.0,9402.2900390625,11431.099609375,18830600192,2018,1,17,28,14,39,0.4814814814814814,0.345679012345679,0.1728395061728395,14469.7349609375,14140.207559904891,32.43964546760819,17714.217188777657,11225.252733097344,1622.241113920078
2018-01-18,11474.900390625,12107.2998046875,10942.5,11198.7998046875,15020399616,2018,1,18,25,11,30,0.4545454545454545,0.3787878787878788,0.1666666666666666,14310.669970703126,13886.368781878236,31.771373175802736,17817.95231341757,10803.38762798868,1753.6411713572222
2018-01-19,11607.400390625,11992.7998046875,11172.099609375,11429.7998046875,10740400128,2018,1,19,18,6,21,0.4666666666666667,0.4,0.1333333333333333,14243.42998046875,13669.324173187451,19.72355732851985,17908.390431634558,10578.469529302944,1832.480225582903
2018-01-20,12899.2001953125,13103.0,11656.2001953125,11656.2001953125,11801700352,2018,1,20,17,12,28,0.4912280701754385,0.2982456140350877,0.2105263157894736,14180.569970703124,13595.979032437455,28.593236682329263,17894.612844223004,10466.527097183243,1857.02143675994
2018-01-21,11600.099609375,12895.900390625,11288.2001953125,12889.2001953125,9935179776,2018,1,21,14,10,24,0.5,0.2916666666666667,0.2083333333333333,14077.71494140625,13405.89527786008,27.94762667301525,17962.784118816508,10192.645763995992,1942.5345887051287
2018-01-22,10931.400390625,11966.400390625,10240.2001953125,11633.099609375,10537400320,2018,1,22,18,15,31,0.484375,0.28125,0.234375,13875.17998046875,13170.229098123404,29.660946739240245,17977.97356930325,9772.386391634253,2051.3967944172496
2018-01-23,10868.400390625,11377.599609375,10129.7001953125,10944.5,9660609536,2018,1,23,14,7,25,0.5434782608695652,0.3043478260869565,0.1521739130434782,13658.55,12951.007316456891,31.192726105788157,17921.01040052518,9396.089599474815,2131.23020026259
2018-01-24,11359.400390625,11501.400390625,10639.7998046875,10903.400390625,9940989952,2018,1,24,25,9,16,0.32,0.5,0.18,13446.560009765624,12799.425704472902,31.969270758370413,17724.33296184309,9168.787057688158,2138.886476038733
2018-01-25,11259.400390625,11785.7001953125,11057.400390625,11421.7001953125,8873169920,2018,1,25,19,10,22,0.4313725490196078,0.3725490196078431,0.196078431372549,13138.055029296876,12652.75662696358,37.45382763023105,17083.424642148373,9192.685416445376,1972.684806425749
2018-01-26,11171.400390625,11656.7001953125,10470.2998046875,11256.0,9746199552,2018,1,26,21,6,21,0.4375,0.4375,0.125,12820.275048828124,12511.67508064562,32.58876183388223,16269.864856838763,9370.685240817484,1724.7949040053195
2018-01-27,11440.7001953125,11614.900390625,10989.2001953125,11174.900390625,7583269888,2018,1,27,8,7,20,0.5714285714285714,0.2285714285714285,0.2,12568.430078125,12409.677472518655,31.65428837440379,15604.428753898776,9532.431402351223,1517.9993378868885
2018-01-28,11786.2998046875,12040.2998046875,11475.2998046875,11475.2998046875,8350360064,2018,1,28,9,4,25,0.6578947368421053,0.2368421052631578,0.1052631578947368,12399.240087890625,12350.30817082045,37.129744464261584,15192.188206411462,9606.291969369788,1396.474059260419
2018-01-29,11296.400390625,11875.599609375,11179.2001953125,11755.5,7107359744,2018,1,29,36,3,20,0.3389830508474576,0.6101694915254238,0.0508474576271186,12234.290087890626,12249.936001278027,34.53116819100416,14866.14440469212,9602.43577108913,1315.9271584007474
2018-01-30,10106.2998046875,11307.2001953125,10036.2001953125,11306.7998046875,8637859840,2018,1,30,22,14,62,0.6326530612244898,0.2244897959183673,0.1428571428571428,11990.940087890624,12045.78017303131,40.13709060034266,14450.86757526075,9531.0126005205,1229.9637436850628
2018-01-31,10221.099609375,10381.599609375,9777.419921875,10108.2001953125,8041160192,2018,1,31,15,7,30,0.5769230769230769,0.2884615384615384,0.1346153846153846,11831.705078125,11872.001071730709,42.91738001396049,14318.165125293828,9345.245030956172,1243.230023584414
2018-02-01,9170.5400390625,10288.7998046875,8812.2802734375,10237.2998046875,9959400448,2018,2,1,24,4,32,0.5333333333333333,0.4,0.0666666666666666,11591.202099609374,11614.71906861945,34.82847246163277,14132.400115651037,9050.004083567714,1270.5990080208298
2018-02-02,8830.75,9142.2802734375,7796.490234375,9142.2802734375,12726899712,2018,2,2,16,8,21,0.4666666666666667,0.3555555555555555,0.1777777777777777,11314.72958984375,11349.57915732236,32.204719855879816,13789.784902850111,8839.674276837388,1237.5276565031809
2018-02-03,9174.91015625,9430.75,8251.6298828125,8852.1201171875,7263790080,2018,2,3,28,5,20,0.3773584905660377,0.5283018867924528,0.0943396226415094,11084.87509765625,11142.467823886896,22.83130096794119,13450.50650996461,8719.243685347888,1182.8157061541808
2018-02-04,8277.009765625,9334.8701171875,8031.22021484375,9175.7001953125,7073549824,2018,2,4,11,3,9,0.391304347826087,0.4782608695652174,0.1304347826086956,10807.735595703123,10869.567056433383,24.250825857684305,13122.45624037401,8493.01495103224,1157.3603223354417
2018-02-05,6955.27001953125,8364.83984375,6756.68017578125,8270.5400390625,9285289984,2018,2,5,37,6,10,0.1886792452830188,0.6981132075471698,0.1132075471698113,10580.974096679687,10496.776862442704,22.022130618488745,13438.911653864248,7723.036539495128,1428.9687785922797
2018-02-06,7754.0,7850.7001953125,6048.259765625,7051.75,13999800320,2018,2,6,30,3,26,0.4406779661016949,0.5084745762711864,0.0508474576271186,10409.244116210935,10235.560018400543,30.14175237992289,13515.429242676904,7303.05898974497,1553.0925632329834
2018-02-07,7621.2998046875,8509.1103515625,7236.7900390625,7755.490234375,9169280000,2018,2,7,13,7,26,0.5652173913043478,0.2826086956521739,0.1521739130434782,10216.564086914062,9986.582855189778,25.02364646807635,13516.463032881418,6916.665140946707,1649.9494729836777
2018-02-08,8265.58984375,8558.76953125,7637.85986328125,7637.85986328125,9346750464,2018,2,8,16,6,29,0.5686274509803921,0.3137254901960784,0.1176470588235294,10049.473559570311,9822.67875886218,31.35294494765415,13391.008724944146,6707.938394196482,1670.7675826869158
2018-02-09,8736.98046875,8736.98046875,7884.7099609375,8271.83984375,6784820224,2018,2,9,16,2,22,0.55,0.4,0.05,9841.362573242188,9719.27892170864,35.5282872990656,12945.631774610396,6737.093371873979,1552.1346006841045
2018-02-10,8621.900390625,9122.5498046875,8295.4697265625,8720.080078125,7780960256,2018,2,10,9,4,11,0.4583333333333333,0.375,0.1666666666666666,9692.452612304687,9614.766680653054,32.930310723885384,12726.427357278688,6658.4778673306855,1516.9873724870008
2018-02-11,8129.97021484375,8616.1298828125,7931.10009765625,8616.1298828125,6122189824,2018,2,11,9,7,10,0.3846153846153846,0.3461538461538461,0.2692307692307692,9552.381103515623,9473.35749343312,28.24408673610239,12604.135462496244,6500.626744535006,1525.8771794903098
2018-02-12,8926.5703125,8985.919921875,8141.43017578125,8141.43017578125,6256439808,2018,2,12,10,4,18,0.5625,0.3125,0.125,9455.289599609376,9421.282523820442,36.39556685054031,12453.847826855786,6456.731372362965,1499.2791136232051
2018-02-13,8598.3095703125,8958.4697265625,8455.41015625,8926.7197265625,5696719872,2018,2,13,13,6,20,0.5128205128205128,0.3333333333333333,0.1538461538461538,9317.23505859375,9342.904147295876,40.392435208221904,12198.627817245084,6435.842299942415,1440.696379325667
2018-02-14,9494.6298828125,9518.5400390625,8599.919921875,8599.919921875,7909819904,2018,2,14,12,6,37,0.6727272727272727,0.2181818181818181,0.109090909090909,9228.996533203124,9357.35421734508,45.79075407067389,11964.35014606344,6493.642920342809,1367.6768064301575
2018-02-15,10166.400390625,10234.7998046875,9395.580078125,9488.3203125,9062540288,2018,2,15,10,2,25,0.6756756756756757,0.2702702702702703,0.054054054054054,9178.746533203124,9434.406233847929,56.03503222219711,11798.330633848223,6559.162432558022,1309.792050322551
2018-02-16,10233.900390625,10324.099609375,9824.8203125,10135.7001953125,7296159744,2018,2,16,5,2,15,0.6818181818181818,0.2272727272727272,0.0909090909090909,9118.40654296875,9510.548534493364,58.79346191498648,11568.740401705789,6668.072684231713,1225.1669293685188
2018-02-17,11112.7001953125,11139.5,10149.400390625,10207.5,8660880384,2018,2,17,10,2,12,0.5,0.4166666666666667,0.0833333333333333,9084.7265625,9663.13440695233,61.38134117977705,11395.183887278805,6774.269237721195,1155.2286623894024
2018-02-18,10551.7998046875,11349.7998046875,10326.0,11123.400390625,8744009728,2018,2,18,4,5,12,0.5714285714285714,0.1904761904761904,0.238095238095238,9047.496533203124,9747.769206736632,63.91136562426506,11228.254163985051,6866.738902421195,1090.3788153909643
2018-02-19,11225.2998046875,11273.7998046875,10513.2001953125,10552.599609375,7652089856,2018,2,19,5,5,14,0.5833333333333334,0.2083333333333333,0.2083333333333333,9103.446533203123,9888.486406541477,78.3618396434194,11449.720081736348,6757.172984669903,1173.1367742666112
2018-02-20,11403.7001953125,11958.5,11231.7998046875,11231.7998046875,9926540288,2018,2,20,11,5,19,0.5428571428571428,0.3142857142857143,0.1428571428571428,9162.5765625,10032.792481662527,76.41860385549896,11680.756324306862,6644.396800693138,1259.089880903431
2018-02-21,10690.400390625,11418.5,10479.099609375,11372.2001953125,9405339648,2018,2,21,12,3,22,0.5945945945945946,0.3243243243243243,0.081081081081081,9238.569580078123,10095.42180632562,70.49334251115972,11847.845450348808,6629.293709807442,1304.6379351353414
2018-02-22,10005.0,11039.099609375,9939.08984375,10660.400390625,8040079872,2018,2,22,13,7,19,0.4871794871794871,0.3333333333333333,0.1794871794871795,9297.282080078125,10086.81020572318,61.551167058567785,11920.72611294996,6673.838047206289,1311.7220164359178
2018-02-23,10301.099609375,10487.2998046875,9734.5595703125,9937.0703125,7739500032,2018,2,23,9,3,7,0.3684210526315789,0.4736842105263157,0.1578947368421052,9353.591552734377,10107.218720356685,60.634677913591055,12014.059969339054,6693.123136129695,1330.23420830234
2018-02-24,9813.0703125,10597.2001953125,9546.9697265625,10287.7001953125,6917929984,2018,2,24,5,5,11,0.5238095238095238,0.238095238095238,0.238095238095238,9430.394580078126,10079.204586275097,57.70803013805799,12048.351043709305,6812.43811644695,1308.978231815588
2018-02-25,9664.73046875,9923.2197265625,9407.0595703125,9796.419921875,5706939904,2018,2,25,9,3,16,0.5714285714285714,0.3214285714285714,0.1071428571428571,9565.867602539063,10039.730860796515,60.39356816028107,11910.701527223957,7221.03367785417,1172.416962342447
2018-02-26,10366.7001953125,10475.0,9501.73046875,9669.4296875,7287690240,2018,2,26,9,6,14,0.4827586206896552,0.3103448275862069,0.2068965517241379,9696.502612304688,10070.870797417088,59.87934374638659,11903.373588676146,7489.63163593323,1103.4354881857291
2018-02-27,10725.599609375,10878.5,10246.099609375,10393.900390625,6966179840,2018,2,27,4,3,20,0.7407407407407407,0.1481481481481481,0.1111111111111111,9851.717602539062,10133.22592236546,64.53219933418644,11872.898483422612,7830.536721655511,1010.5904404417752
2018-02-28,10397.900390625,11089.7998046875,10393.099609375,10687.2001953125,6936189952,2018,2,28,12,4,22,0.5789473684210527,0.3157894736842105,0.1052631578947368,9958.333129882812,10158.433014580654,56.69028963390597,11847.902542561304,8068.76371720432,944.7847063392464
2018-03-01,10951.0,11052.2998046875,10352.7001953125,10385.0,7317279744,2018,3,1,9,7,12,0.4285714285714285,0.3214285714285714,0.25,10069.034106445311,10233.915584620592,55.91531214954153,11916.270207005024,8221.798005885601,923.6180502798557
2018-03-02,11086.400390625,11189.0,10850.099609375,10977.400390625,7620590080,2018,3,2,12,8,26,0.5652173913043478,0.2608695652173913,0.1739130434782608,10192.259106445312,10315.10461376387,56.36209423210742,11960.129422329384,8424.38879056124,883.9351579420361
2018-03-03,11489.7001953125,11528.2001953125,11002.400390625,11101.900390625,6690570240,2018,3,3,60,38,91,0.4814814814814814,0.3174603174603174,0.201058201058201,10360.24560546875,10426.970859625644,53.02843456303868,11930.456086502154,8790.035124435346,785.1052405167019
2018-03-04,11512.599609375,11512.599609375,11136.099609375,11497.400390625,6084149760,2018,3,4,9,5,12,0.4615384615384615,0.3461538461538461,0.1923076923076923,10489.5470703125,10530.364073887487,58.44831935926457,11986.88028313026,8992.213857494738,748.6666064088804
2018-03-05,11573.2998046875,11704.099609375,11443.900390625,11532.400390625,6468539904,2018,3,5,9,3,22,0.6470588235294118,0.2647058823529412,0.088235294117647,10638.29658203125,10629.69128634463,53.429560014028056,11920.132800045474,9356.460364017024,640.9181090071123
2018-03-06,10779.900390625,11500.099609375,10694.2998046875,11500.099609375,6832169984,2018,3,6,10,0,15,0.6,0.4,0.0,10702.560107421876,10643.996915323714,44.51704454253784,11866.421785982617,9538.698428861137,581.9308392803698
2018-03-07,9965.5703125,10929.5,9692.1201171875,10803.900390625,8797910016,2018,3,7,12,3,9,0.375,0.5,0.125,10692.518603515626,10579.384857911931,43.74020412528195,11879.10118983962,9505.936017191632,593.2912931619965
2018-03-08,9395.009765625,10147.400390625,9335.8701171875,9951.4404296875,7186089984,2018,3,8,12,1,10,0.4347826086956521,0.5217391304347826,0.0434782608695652,10650.574072265625,10466.587230075082,44.6253777370881,11958.518080198724,9342.630064332528,653.9720039665493
2018-03-09,9337.5498046875,9466.349609375,8513.0302734375,9414.6904296875,8704190464,2018,3,9,15,3,21,0.5384615384615384,0.3846153846153846,0.0769230769230769,10561.816552734375,10359.059856228643,41.13746873514004,11974.452944707187,9149.180160761563,706.3181959864063
2018-03-10,8866.0,9531.3203125,8828.4697265625,9350.58984375,5386319872,2018,3,10,7,2,11,0.55,0.35,0.1,10477.5265625,10216.863679444965,41.26255613388741,12080.97153024982,8874.08159475018,801.7224838749094
2018-03-11,9578.6298828125,9711.8896484375,8607.1201171875,8852.7802734375,6296370176,2018,3,11,5,2,10,0.5882352941176471,0.2941176470588235,0.1176470588235294,10395.19306640625,10156.07950833711,49.2805643270163,12006.057117601114,8784.329015211384,805.432025597433
2018-03-12,9205.1201171875,9937.5,8956.4296875,9602.9296875,6457399808,2018,3,12,11,7,18,0.5,0.3055555555555556,0.1944444444444444,10285.2640625,10065.511947275245,39.73041362295136,11906.387356406043,8664.140768593958,810.5616469530218
2018-03-13,9194.849609375,9470.3798828125,8958.1904296875,9173.0400390625,5991139840,2018,3,13,9,4,10,0.4347826086956521,0.391304347826087,0.1739130434782608,10210.4865234375,9982.591724618076,35.57749000215672,11889.849066344468,8531.12398053053,839.6812714534847
2018-03-14,8269.8095703125,9355.849609375,8068.58984375,9214.650390625,6438230016,2018,3,14,16,4,16,0.4444444444444444,0.4444444444444444,0.1111111111111111,10123.727001953124,9819.469614684213,31.978006728252723,12013.850147408117,8233.603856498134,945.0615727274952
2018-03-15,8300.8603515625,8428.349609375,7783.0498046875,8290.759765625,6834429952,2018,3,15,25,5,12,0.2857142857142857,0.5952380952380952,0.119047619047619,10023.7150390625,9674.840161053571,25.380062058280203,12078.799623183966,7968.630454941032,1027.5422920607336
2018-03-16,8338.349609375,8585.150390625,8005.31005859375,8322.91015625,5289379840,2018,3,16,9,2,9,0.45,0.45,0.1,9949.97900390625,9547.555346607996,23.99742377116287,12138.387002556408,7761.571005256093,1094.203999325078
2018-03-17,7916.8798828125,8346.5302734375,7812.81982421875,8321.91015625,4426149888,2018,3,17,3,2,13,0.7222222222222222,0.1666666666666666,0.1111111111111111,9862.586474609376,9392.252921484614,16.30914598748788,12231.14107167068,7494.03187754807,1184.2772985306526
2018-03-18,8223.6796875,8245.509765625,7397.990234375,7890.52001953125,6639190016,2018,3,18,6,5,12,0.5217391304347826,0.2608695652173913,0.217391304347826,9755.43544921875,9280.960232533698,20.562415105422247,12219.920007053272,7290.950891384229,1232.2422789172606
2018-03-19,8630.650390625,8675.8701171875,8182.39990234375,8344.1201171875,6729110016,2018,3,19,15,4,18,0.4864864864864865,0.4054054054054054,0.1081081081081081,9650.68798828125,9219.025961875726,25.199035837726683,12119.63116573059,7181.7448108319095,1234.47158872467
2018-03-20,8913.4697265625,9051.01953125,8389.8896484375,8619.669921875,6361789952,2018,3,20,15,10,17,0.4047619047619047,0.3571428571428571,0.238095238095238,9576.466455078124,9189.925368036373,32.78819800229715,12040.073978304972,7112.858931851279,1231.8037616134234
2018-03-21,8929.2802734375,9177.3701171875,8846.330078125,8937.48046875,6043129856,2018,3,21,14,3,15,0.46875,0.4375,0.09375,9475.38046875,9165.102025693624,38.793061750471495,11866.355147359762,7084.405790140237,1195.4873393048815
2018-03-22,8728.4697265625,9100.7099609375,8564.900390625,8939.4404296875,5530390016,2018,3,22,12,4,12,0.4285714285714285,0.4285714285714285,0.1428571428571428,9357.483935546876,9123.517997204945,42.16513777475343,11644.247136765098,7070.720734328654,1143.3816006091113
2018-03-23,8879.6201171875,8879.6201171875,8360.6201171875,8736.25,5954120192,2018,3,23,16,3,14,0.4242424242424242,0.4848484848484848,0.0909090909090909,9226.979931640624,9100.289627679473,44.733257437370106,11288.174779673363,7165.785083607883,1030.5974240163705
2018-03-24,8668.1201171875,8996.1796875,8665.7001953125,8901.9501953125,5664600064,2018,3,24,10,3,9,0.4090909090909091,0.4545454545454545,0.1363636363636363,9084.75595703125,9059.130626680237,47.57934514052005,10853.740426885695,7315.771487176803,884.4922349272233
2018-03-25,8495.7802734375,8682.009765625,8449.099609375,8612.8095703125,4569880064,2018,3,25,12,6,20,0.5263157894736842,0.3157894736842105,0.1578947368421052,8930.87998046875,9005.478212085689,34.73583212193296,10272.104033353997,7589.655927583503,670.612026442623
2018-03-26,8209.400390625,8530.080078125,7921.43017578125,8498.4697265625,5921039872,2018,3,26,13,5,18,0.5,0.3611111111111111,0.1388888888888889,8802.35498046875,8929.66127670848,35.610576416923905,9860.254798535989,7744.455162401513,528.9499090336187
2018-03-27,7833.0400390625,8232.7802734375,7797.27978515625,8200.0,5378250240,2018,3,27,10,7,22,0.5641025641025641,0.2564102564102564,0.1794871794871795,8695.728466796874,8825.221158837434,32.20317957841297,9687.811803456729,7703.645130137022,496.04166832992655
2018-03-28,7954.47998046875,8122.89013671875,7809.169921875,7836.830078125,4935289856,2018,3,28,14,5,16,0.4571428571428571,0.4,0.1428571428571428,8623.701977539062,8742.293427564226,44.78344168532488,9611.180220142069,7636.223734936055,493.7391213015034
2018-03-29,7165.7001953125,7994.330078125,7081.3798828125,7979.06982421875,6361229824,2018,3,29,8,5,6,0.3157894736842105,0.4210526315789473,0.2631578947368421,8515.109497070312,8592.141691159299,34.98513114585117,9640.148164806453,7390.070829334175,562.5193338680688
2018-03-30,6890.52001953125,7276.66015625,6683.93017578125,7171.4501953125,6289509888,2018,3,30,7,1,9,0.5294117647058824,0.4117647058823529,0.0588235294117647,8416.335498046876,8430.08248433758,31.98235833921636,9740.855096070396,7091.815900023355,662.2597990117602
2018-03-31,6973.52978515625,7207.85009765625,6863.52001953125,6892.47998046875,4553269760,2018,3,31,2,3,6,0.5454545454545454,0.1818181818181818,0.2727272727272727,8286.080493164063,8291.363179653643,37.18048266355563,9641.35133800858,6930.809648319546,677.6354224222584
2018-04-01,6844.22998046875,7060.9501953125,6526.8701171875,7003.06005859375,4532100096,2018,4,1,10,5,11,0.4230769230769231,0.3846153846153846,0.1923076923076923,8168.035986328125,8153.540970207462,30.30399240580212,9595.600309314968,6740.471663341282,713.7821614934214
2018-04-02,7083.7998046875,7135.47021484375,6816.580078125,6844.85986328125,4333440000,2018,4,2,21,5,14,0.35,0.525,0.125,8062.48349609375,8051.660859205561,26.805012890700382,9482.536113685866,6642.430878501632,710.0263087960589
2018-04-03,7456.10986328125,7530.93994140625,7072.490234375,7102.259765625,5499700224,2018,4,3,9,7,15,0.4838709677419355,0.2903225806451613,0.2258064516129032,8021.798510742187,7994.941716736579,28.718092715428227,9463.30425458869,6580.2927668956845,720.7528719232514
2018-04-04,6853.83984375,7469.8798828125,6803.8798828125,7456.41015625,4936000000,2018,4,4,10,4,13,0.4814814814814814,0.3703703703703703,0.1481481481481481,7949.447485351562,7886.265347880715,24.12427404331997,9474.795960782689,6424.099009920436,762.6742377155631
2018-04-05,6811.47021484375,6933.81982421875,6644.7998046875,6848.64990234375,5639320064,2018,4,5,11,5,25,0.6097560975609756,0.2682926829268293,0.1219512195121951,7873.103515625,7783.9039066391,25.11656696641181,9467.762181393518,6278.444849856481,797.3293328842595
2018-04-06,6636.31982421875,6857.490234375,6575.0,6815.9599609375,3766810112,2018,4,6,10,11,16,0.4324324324324324,0.2702702702702703,0.2972972972972973,7809.075512695313,7674.610184503828,21.061355145808776,9496.469832960269,6121.681192430358,843.6971601324772
2018-04-07,6911.08984375,7050.5400390625,6630.509765625,6630.509765625,3976610048,2018,4,7,12,5,6,0.2608695652173913,0.5217391304347826,0.217391304347826,7743.446020507812,7601.893961574892,27.698300176187487,9464.70688622386,6022.185154791765,860.6304328580236
2018-04-08,7023.52001953125,7111.56005859375,6919.97998046875,6919.97998046875,3652499968,2018,4,8,14,5,6,0.24,0.56,0.2,7663.089501953125,7546.810728999307,31.024247540575672,9359.837384990358,5966.3416189158925,848.3739415186163
2018-04-09,6770.72998046875,7178.10986328125,6661.990234375,7044.31982421875,4894060032,2018,4,9,9,6,19,0.5588235294117647,0.2647058823529412,0.1764705882352941,7555.952514648437,7472.898276758301,31.29522330659195,9189.696466552768,5922.208562744107,816.8719759521651
2018-04-10,6834.759765625,6872.41015625,6704.14990234375,6795.43994140625,4272750080,2018,4,10,6,2,13,0.6190476190476191,0.2857142857142857,0.0952380952380952,7451.226489257812,7412.123180459892,35.87365654920774,8979.421552387405,5923.03142612822,764.0975315647961
2018-04-11,6968.31982421875,6968.31982421875,6817.58984375,6843.47021484375,4641889792,2018,4,11,6,7,14,0.5185185185185185,0.2222222222222222,0.2592592592592592,7363.218994140625,7369.856194151212,36.0928680894571,8780.406564320037,5946.031423961213,708.5937850897064
2018-04-12,7889.25,7899.22998046875,6806.509765625,6955.3798828125,8906250240,2018,4,12,6,3,18,0.6666666666666666,0.2222222222222222,0.1111111111111111,7313.70048828125,7419.322270898716,59.83706830762303,8567.59484274859,6059.806133813911,626.9471772336695
2018-04-13,7895.9599609375,8183.9599609375,7758.93017578125,7901.08984375,7764460032,2018,4,13,11,4,10,0.4,0.44,0.16,7275.09248046875,7464.716336616695,64.74598186977133,8393.639893271851,6156.545067665649,559.2737064015506
2018-04-14,7986.240234375,8140.7099609375,7846.0,7874.669921875,5191430144,2018,4,14,2,2,9,0.6923076923076923,0.1538461538461538,0.1538461538461538,7249.615478515625,7514.385279260343,64.82100509494805,8269.999862454293,6229.231094576956,510.19219196933454
2018-04-15,8329.1103515625,8338.419921875,7999.330078125,7999.330078125,5244480000,2018,4,15,8,3,15,0.5769230769230769,0.3076923076923077,0.1153846153846153,7255.6009765625,7591.978143289119,70.45266932846474,8300.793576478629,6210.408376646372,522.5962999580642
2018-04-16,8058.669921875,8371.150390625,7925.72998046875,8337.5703125,5631309824,2018,4,16,6,1,14,0.6666666666666666,0.2857142857142857,0.0476190476190476,7266.882470703125,7636.424979344917,63.31458319828915,8342.738984291094,6191.025957115156,537.9282567939842
2018-04-17,7902.08984375,8285.9599609375,7881.72021484375,8071.66015625,6900879872,2018,4,17,9,4,10,0.4347826086956521,0.391304347826087,0.1739130434782608,7264.262963867188,7661.726395002544,56.47251858099465,8333.303873399685,6195.22205433469,534.5204547662487
2018-04-18,8163.419921875,8197.7998046875,7886.009765625,7944.43017578125,6529909760,2018,4,18,9,8,14,0.4516129032258064,0.2903225806451613,0.2580645161290322,7314.148950195313,7709.506730895159,71.09340075621087,8454.557611745333,6173.740288645294,570.2043307750097
2018-04-19,8294.3095703125,8298.6904296875,8138.77978515625,8159.27001953125,7063209984,2018,4,19,12,5,16,0.4848484848484848,0.3636363636363636,0.1515151515151515,7384.338427734375,7765.202239411097,73.22189553853741,8586.113318034972,6182.563537433779,600.887445150298
2018-04-20,8845.830078125,8880.23046875,8244.5400390625,8286.8798828125,8438110208,2018,4,20,6,5,8,0.4210526315789473,0.3157894736842105,0.2631578947368421,7477.953442382813,7868.119176431469,80.95305325982433,8827.586327908428,6128.3205568571975,674.8164427628074
2018-04-21,8895.580078125,8997.5703125,8652.150390625,8848.7900390625,7548550144,2018,4,21,7,1,13,0.6190476190476191,0.3333333333333333,0.0476190476190476,7580.520947265625,7965.972595640377,79.67141401192043,9035.083669624815,6125.958224906435,727.2813611795951
2018-04-22,8802.4599609375,9001.6396484375,8779.6103515625,8925.0595703125,6629899776,2018,4,22,15,3,12,0.4,0.5,0.1,7666.453955078125,8045.638059002008,76.75257552546975,9198.465966236268,6134.44194391998,766.0060055790723
2018-04-23,8930.8798828125,8958.5498046875,8788.8095703125,8794.3896484375,6925190144,2018,4,23,11,8,13,0.40625,0.34375,0.25,7740.192456054688,8129.946804126816,83.74779521130804,9368.515440330786,6111.86947177859,814.1614921380487
2018-04-24,9697.5,9732.6103515625,8927.830078125,8934.33984375,10678800384,2018,4,24,9,3,12,0.5,0.375,0.125,7882.375463867187,8279.237584686167,86.67338555315969,9673.313558795588,6091.437368938787,895.4690474642005
2018-04-25,8845.740234375,9745.3203125,8799.83984375,9701.0302734375,11083100160,2018,4,25,16,5,19,0.475,0.4,0.125,7984.08896484375,8333.190217989866,70.31303342120425,9749.830341115092,6218.347588572408,882.8706881356707
2018-04-26,9281.509765625,9281.509765625,8727.08984375,8867.3203125,8970559488,2018,4,26,7,4,15,0.5769230769230769,0.2692307692307692,0.1538461538461538,8116.348461914063,8423.50636538369,66.83074691298852,9853.055568328651,6379.641355499473,868.3535532072946
2018-04-27,8987.0498046875,9375.4697265625,8987.0498046875,9290.6298828125,7566289920,2018,4,27,11,6,18,0.5142857142857142,0.3142857142857143,0.1714285714285714,8220.146459960937,8477.17716912691,62.33201368129057,9900.79244965249,6539.500470269383,840.322994845777
2018-04-28,9348.48046875,9412.08984375,8931.990234375,8939.26953125,7805479936,2018,4,28,7,0,11,0.6111111111111112,0.3888888888888889,0.0,8336.394482421874,8560.15843575768,64.50747144128928,9989.94967753445,6682.839287309298,826.777597556288
2018-04-29,9419.080078125,9531.490234375,9193.7099609375,9346.41015625,8853000192,2018,4,29,8,5,12,0.48,0.32,0.2,8468.811987304687,8641.960496935519,62.32247366044468,10015.14058144918,6922.483393160195,773.1642970722459
2018-04-30,9240.5498046875,9477.1396484375,9166.8095703125,9426.1103515625,8673920000,2018,4,30,13,11,17,0.4146341463414634,0.3170731707317073,0.2682926829268293,8589.101489257813,8698.969002435708,63.64511483140194,9965.132309374489,7213.070669141139,688.0154100583371
2018-05-01,9119.009765625,9255.8798828125,8891.0498046875,9251.4697265625,7713019904,2018,5,1,14,6,24,0.5454545454545454,0.3181818181818182,0.1363636363636363,8696.635986328125,8738.972884644212,64.16426338046548,9858.896496985515,7534.375475670734,581.1302553286955
2018-05-02,9235.919921875,9256.51953125,9015.1396484375,9104.599609375,7558159872,2018,5,2,9,5,21,0.6,0.2571428571428571,0.1428571428571428,8763.969482421875,8786.301173904287,62.91757705097587,9884.572152774355,7643.366812069393,560.3013351762409
2018-05-03,9743.8603515625,9798.330078125,9188.150390625,9233.9697265625,10207299584,2018,5,3,21,14,37,0.5138888888888888,0.2916666666666667,0.1944444444444444,8856.364501953125,8877.497286062213,66.00521193206373,9980.344547773322,7732.384456132928,561.9900229100988
2018-05-04,9700.759765625,9779.2001953125,9585.9599609375,9695.5,8217829888,2018,5,4,6,2,20,0.7142857142857143,0.2142857142857142,0.0714285714285714,8942.090478515625,8955.903236496764,60.63358298331321,10048.029583176947,7836.151373854303,552.9695523306611
2018-05-05,9858.150390625,9964.5,9695.1201171875,9700.2802734375,7651939840,2018,5,5,8,7,17,0.53125,0.25,0.21875,9018.54248046875,9041.83153688993,61.6601926725017,10156.9859371949,7880.099023742601,569.2217283630741
2018-05-06,9654.7998046875,9940.1396484375,9465.25,9845.3095703125,7222280192,2018,5,6,8,6,15,0.5172413793103449,0.2758620689655172,0.2068965517241379,9098.348974609376,9100.209467156365,60.05634250713787,10175.610675552303,8021.087273666446,538.6308504714641
2018-05-07,9373.009765625,9665.849609375,9231.5302734375,9645.669921875,7394019840,2018,5,7,20,4,19,0.4418604651162791,0.4651162790697674,0.0930232558139534,9171.894970703124,9126.1904479629,55.03428048999896,10095.111663022475,8248.678278383773,461.60834615967536
2018-05-08,9234.8203125,9462.75,9127.76953125,9380.8701171875,7415869952,2018,5,8,13,6,13,0.40625,0.40625,0.1875,9225.464990234375,9136.536149347388,43.85186038761839,10017.27913300978,8433.65084745897,395.90707138770296
2018-05-09,9325.1796875,9374.759765625,9031.6201171875,9223.73046875,7226890240,2018,5,9,23,2,18,0.4186046511627907,0.5348837209302325,0.0465116279069767,9277.00849609375,9154.502200600018,57.98703322776058,9936.81129266037,8617.205699527129,329.90139828331
2018-05-10,9043.9404296875,9396.0400390625,9040.51953125,9325.9599609375,6906699776,2018,5,10,7,10,16,0.4848484848484848,0.2121212121212121,0.303030303030303,9286.914013671874,9143.97250813216,45.82747744116522,9925.053947028004,8648.774080315745,319.06996667806493
2018-05-11,8441.490234375,9052.9599609375,8394.4599609375,9052.9599609375,8488520192,2018,5,11,18,5,19,0.4523809523809524,0.4285714285714285,0.119047619047619,9264.209521484376,9077.069434441,41.35355824743688,9987.59286853642,8540.826174432332,361.6916735260221
2018-05-12,8504.8896484375,8664.8603515625,8223.5,8441.4404296875,6821380096,2018,5,12,5,2,9,0.5625,0.3125,0.125,9249.331005859374,9022.576121488286,35.23533741056208,10023.183035188204,8475.478976530545,386.9260146644146
2018-05-13,8723.9404296875,8773.5498046875,8395.1201171875,8515.490234375,5866379776,2018,5,13,13,10,18,0.4390243902439024,0.3170731707317073,0.2439024390243902,9238.984033203124,8994.134627031068,38.4345448560409,10035.952766467526,8442.015299938725,398.4843666322008
2018-05-14,8716.7900390625,8881.1201171875,8367.9697265625,8713.099609375,7364149760,2018,5,14,11,5,14,0.4666666666666667,0.3666666666666666,0.1666666666666666,9189.94853515625,8967.720856748347,40.75890269529277,9988.811686982155,8391.085383330346,399.4315759129526
2018-05-15,8510.3798828125,8836.1904296875,8456.4501953125,8705.1904296875,6705710080,2018,5,15,8,5,17,0.5666666666666667,0.2666666666666666,0.1666666666666666,9173.180517578125,8924.164573516362,39.57372587687088,10015.36776560884,8330.993269547409,421.0936240153577
2018-05-16,8368.830078125,8508.4296875,8175.490234375,8504.41015625,6760220160,2018,5,16,13,5,20,0.5263157894736842,0.3421052631578947,0.131578947368421,9127.546533203124,8871.27557395528,35.27046342217615,10040.917635094484,8214.175431311767,456.6855509456791
2018-05-17,8094.31982421875,8445.5400390625,8054.1201171875,8370.0498046875,5862530048,2018,5,17,11,7,14,0.4375,0.34375,0.21875,9082.910034179688,8797.279788266085,19.56500939916853,10105.871876030393,8059.948192328983,511.48092092535234
2018-05-18,8250.9697265625,8274.1201171875,7974.81982421875,8091.830078125,5764190208,2018,5,18,11,4,16,0.5161290322580645,0.3548387096774194,0.1290322580645161,9028.034497070312,8745.250258580028,24.32627849369166,10107.216686966824,7948.852307173798,539.5910949482567
2018-05-19,8247.1796875,8372.0595703125,8183.35009765625,8255.73046875,4712399872,2018,5,19,10,3,13,0.5,0.3846153846153846,0.1153846153846153,8969.439477539063,8697.814966096217,19.83076240495953,10085.839943896148,7853.039011181977,558.2002331785428
2018-05-20,8513.25,8562.41015625,8205.240234375,8246.990234375,5191059968,2018,5,20,13,4,21,0.5526315789473685,0.3421052631578947,0.1052631578947368,8933.074487304688,8680.23735027753,29.112459044983325,10059.62696331531,7806.522011294066,563.2762380053107
2018-05-21,8418.990234375,8557.51953125,8365.1201171875,8522.330078125,5154990080,2018,5,21,12,2,16,0.5333333333333333,0.4,0.0666666666666666,8898.073510742188,8655.356672572527,31.257566205618147,10043.639940152045,7752.507081332333,572.7832147049278
2018-05-22,8041.77978515625,8423.25,8004.580078125,8419.8701171875,5137010176,2018,5,22,13,7,19,0.4871794871794871,0.3333333333333333,0.1794871794871795,8838.36650390625,8596.920778532882,28.57403675341824,10033.209089756205,7643.523918056298,597.4212929249766
2018-05-23,7557.81982421875,8054.66015625,7507.8798828125,8037.080078125,6491120128,2018,5,23,10,4,25,0.6410256410256411,0.2564102564102564,0.1025641025641025,8729.064477539063,8497.958782883918,22.191215610614197,9974.035316759482,7484.093638318644,622.4854196102098
2018-05-24,7587.33984375,7738.60009765625,7331.14013671875,7561.1201171875,6049220096,2018,5,24,13,5,16,0.4705882352941176,0.3823529411764705,0.1470588235294117,8623.393481445313,8411.23316963307,25.10919646686392,9879.811956243884,7366.975006646741,628.2092373992859
2018-05-25,7480.14013671875,7659.14013671875,7392.64990234375,7592.2998046875,4867829760,2018,5,25,8,8,22,0.5789473684210527,0.2105263157894736,0.2105263157894736,8504.49296875,8322.557642688847,30.22508219440324,9718.26889710436,7290.717040395642,606.8879641771795
2018-05-26,7355.8798828125,7595.16015625,7349.1201171875,7486.47998046875,4051539968,2018,5,26,8,6,9,0.391304347826087,0.3478260869565217,0.2608695652173913,8389.54697265625,8230.493094129195,26.94225500609471,9579.84119406556,7199.2527512469405,595.1471107046544
2018-05-27,7368.22021484375,7381.740234375,7270.9599609375,7362.080078125,4056519936,2018,5,27,11,7,16,0.4705882352941176,0.3235294117647059,0.2058823529411764,8289.307495117188,8148.371867530582,20.332809267439657,9468.49113852171,7110.123851712666,589.5918217022606
2018-05-28,7135.990234375,7419.0498046875,7100.89013671875,7371.31005859375,5040600064,2018,5,28,8,4,9,0.4285714285714285,0.3809523809523809,0.1904761904761904,8184.365991210938,8051.954569134812,18.509473970897204,9382.666861908509,6986.065120513369,599.1504353487843
2018-05-29,7472.58984375,7526.419921875,7090.68017578125,7129.4599609375,5662660096,2018,5,29,12,3,20,0.5714285714285714,0.3428571428571428,0.0857142857142857,8091.736499023437,7996.77697624102,30.346005236148216,9201.900884896506,6981.57211315037,555.0821929365338
2018-05-30,7406.52001953125,7573.77001953125,7313.60009765625,7469.72998046875,4922540032,2018,5,30,7,8,14,0.4827586206896552,0.2413793103448276,0.2758620689655172,8009.865478515625,7940.562027982946,31.239108643688795,9064.477464593929,6955.253492437322,527.3059930391515
2018-05-31,7494.169921875,7608.89990234375,7361.1298828125,7406.14990234375,5127130112,2018,5,31,8,6,14,0.5,0.2857142857142857,0.2142857142857142,7962.499462890625,7898.048494067903,37.38019674501079,9020.576346391965,6904.422579389287,529.038441750669
2018-06-01,7541.4501953125,7604.72998046875,7407.33984375,7500.7001953125,4921460224,2018,6,1,14,3,13,0.4333333333333333,0.4666666666666667,0.1,7914.327490234375,7864.086751329293,34.361071995447034,8956.030183198172,6872.624797270578,520.8513464818985
2018-06-02,7643.4501953125,7695.830078125,7497.259765625,7536.72021484375,4939299840,2018,6,2,3,5,11,0.5789473684210527,0.1578947368421052,0.2631578947368421,7860.302978515625,7843.07374599436,37.245063855247686,8835.140597096643,6885.465359934608,487.4188092905088
2018-06-03,7720.25,7754.89013671875,7613.0400390625,7632.08984375,4851760128,2018,6,3,7,6,17,0.5666666666666667,0.2333333333333333,0.2,7810.4759765625,7831.376246375849,31.790040262159263,8699.041345041669,6921.910608083331,444.2826842395846
2018-06-04,7514.47021484375,7753.81982421875,7474.0400390625,7722.52978515625,4993169920,2018,6,4,9,8,18,0.5142857142857142,0.2571428571428571,0.2285714285714285,7760.680493164063,7801.194719563268,30.241162608180147,8594.001950874926,6927.359035453199,416.6607288554319
2018-06-05,7633.759765625,7643.22998046875,7397.0,7500.89990234375,4961739776,2018,6,5,12,4,11,0.4074074074074074,0.4444444444444444,0.1481481481481481,7723.926977539062,7785.248533473909,39.95509016226925,8507.678231259053,6940.175723819071,391.8756268599955
2018-06-06,7653.97998046875,7680.43017578125,7502.009765625,7625.97021484375,4692259840,2018,6,6,13,4,20,0.5405405405405406,0.3513513513513513,0.1081081081081081,7701.909985351563,7772.746766521037,53.06781991870907,8466.352733094456,6937.46723760867,382.2213738714464
2018-06-07,7678.240234375,7741.27001953125,7650.81982421875,7650.81982421875,4485799936,2018,6,7,13,8,33,0.6111111111111112,0.2407407407407407,0.1481481481481481,7673.273510742188,7763.746144411891,52.90978182106914,8392.69771008803,6953.849311396345,359.7120996729211
2018-06-08,7624.919921875,7698.18994140625,7558.39990234375,7685.14013671875,4227579904,2018,6,8,11,6,24,0.5853658536585366,0.2682926829268293,0.1463414634146341,7642.1605224609375,7750.524599408377,54.80007213649987,8308.978971264965,6975.34207365691,333.4092244020137
2018-06-09,7531.97998046875,7683.580078125,7531.97998046875,7632.52001953125,3845220096,2018,6,9,5,2,22,0.7586206896551724,0.1724137931034483,0.0689655172413793,7593.097021484375,7729.710826176031,55.96230052125266,8119.709000640012,7066.485042328737,263.305989577819
2018-06-10,6786.02001953125,7499.5498046875,6709.06982421875,7499.5498046875,5804839936,2018,6,10,14,5,21,0.525,0.35,0.125,7511.448510742188,7639.835511257481,36.83043002073385,8004.177739396327,7018.719282088049,246.36461432706932
2018-06-11,6906.919921875,6910.18017578125,6706.6298828125,6799.2900390625,4745269760,2018,6,11,12,7,22,0.5365853658536586,0.2926829268292683,0.1707317073170731,7454.705517578125,7570.034026554387,44.54352677688726,7951.648413657898,6957.762621498352,248.47144803988655
2018-06-12,6582.35986328125,6907.9599609375,6542.080078125,6905.81982421875,4654380032,2018,6,12,13,8,22,0.5116279069767442,0.3023255813953488,0.1860465116279069,7405.93251953125,7475.969820528375,28.672322100997206,8034.347639269075,6777.517399793425,314.2075598689125
2018-06-13,6349.89990234375,6631.66015625,6285.6298828125,6596.8798828125,5052349952,2018,6,13,17,4,16,0.4324324324324324,0.4594594594594595,0.1081081081081081,7344.060522460937,7368.725066415553,26.55518825119111,8122.930799309468,6565.190245612406,389.4351384242653
2018-06-14,6675.35009765625,6707.14013671875,6334.4599609375,6342.75,5138710016,2018,6,14,10,2,23,0.6571428571428571,0.2857142857142857,0.0571428571428571,7303.821020507812,7302.689355105143,33.56588832773849,8134.522237835132,6473.119803180492,415.35060866365967
2018-06-15,6456.580078125,6681.080078125,6433.8701171875,6674.080078125,3955389952,2018,6,15,11,8,15,0.4411764705882353,0.3235294117647059,0.2352941176470588,7258.856030273438,7222.107519202273,29.62845872996371,8171.051359840389,6346.660700706486,456.0976647834758
2018-06-16,6550.16015625,6592.490234375,6402.2900390625,6455.4501953125,3194170112,2018,6,16,13,3,17,0.5151515151515151,0.3939393939393939,0.0909090909090909,7217.95302734375,7158.112532254438,29.4052265771104,8181.423150401202,6254.482904286298,481.735061528726
2018-06-17,6499.27001953125,6589.10986328125,6499.27001953125,6545.52978515625,3104019968,2018,6,17,8,4,20,0.625,0.25,0.125,7186.117016601563,7095.3656262808,26.77314908647216,8201.661615669187,6170.572417533938,507.7722995338121
2018-06-18,6734.81982421875,6781.14013671875,6446.68017578125,6510.06982421875,4039200000,2018,6,18,22,9,16,0.3404255319148936,0.4680851063829787,0.1914893617021276,7149.228515625,7061.027930846319,35.33472008629121,8174.509858310017,6123.947172939983,512.6406713425087
2018-06-19,6769.93994140625,6822.5,6709.919921875,6742.39013671875,4057029888,2018,6,19,12,4,15,0.4838709677419355,0.3870967741935484,0.1290322580645161,7117.39951171875,7033.30526518536,33.22015899420148,8148.557051893634,6086.2419715438655,515.5787700874421
2018-06-20,6776.5498046875,6821.56005859375,6611.8798828125,6770.759765625,3888640000,2018,6,20,11,5,14,0.4666666666666667,0.3666666666666666,0.1666666666666666,7081.518505859375,7008.852364185564,32.86517244989595,8107.402622051951,6055.6343896668,512.9420580962878
2018-06-21,6729.740234375,6810.93994140625,6715.169921875,6780.08984375,3529129984,2018,6,21,8,3,21,0.65625,0.25,0.09375,7040.9330078125,6982.2702565845575,31.638997168145607,8054.353342968139,6027.5126726568615,506.7101675778196
2018-06-22,6083.68994140625,6747.080078125,6006.60009765625,6737.8798828125,5079810048,2018,6,22,20,5,16,0.3902439024390244,0.4878048780487805,0.1219512195121951,6962.944995117187,6896.691178948528,25.733628897013105,8020.249752166394,5905.64023806798,528.6523785246035
2018-06-23,6162.47998046875,6224.81982421875,6071.81005859375,6090.10009765625,3431360000,2018,6,23,9,5,8,0.3636363636363636,0.4090909090909091,0.2272727272727272,6885.056494140625,6826.766302902835,28.34097738415309,7936.961473503773,5833.151514777476,525.9524896815743
2018-06-24,6173.22998046875,6223.77978515625,5826.41015625,6164.27978515625,4566909952,2018,6,24,4,2,15,0.7142857142857143,0.1904761904761904,0.0952380952380952,6817.994482421875,6764.524748385304,37.37187168069821,7871.957778705227,5764.031186138523,526.9816481416759
2018-06-25,6249.18017578125,6327.3701171875,6119.68017578125,6171.97021484375,5500810240,2018,6,25,19,5,14,0.3684210526315789,0.5,0.131578947368421,6748.765502929688,6715.444312899203,36.18971557222341,7758.059907656721,5739.471098202654,504.6472023635168
2018-06-26,6093.669921875,6290.16015625,6093.669921875,6253.5498046875,3279759872,2018,6,26,6,4,21,0.6774193548387096,0.1935483870967742,0.1290322580645161,6670.75,6656.227704230232,38.95511382058374,7625.154280909435,5716.345719090565,477.2021404547179
2018-06-27,6157.1298828125,6180.0,6052.85009765625,6084.39990234375,3296219904,2018,6,27,17,5,21,0.4883720930232558,0.3953488372093023,0.1162790697674418,6594.694482421875,6608.694578380924,45.28285339378908,7448.145186030016,5741.243778813735,426.7253518040704
2018-06-28,5903.43994140625,6170.41015625,5873.0498046875,6153.16015625,3467800064,2018,6,28,14,2,19,0.5428571428571428,0.4,0.0571428571428571,6508.6204833984375,6541.527470097622,30.42357840886406,7266.469199004782,5750.771767792093,378.92435780317226
2018-06-29,6218.2998046875,6261.66015625,5835.75,5898.1298828125,3966230016,2018,6,29,12,7,22,0.5365853658536586,0.2926829268292683,0.1707317073170731,6442.936474609375,6510.743882915705,44.2378130427164,7037.441729479777,5848.431219738974,297.2526274352009
2018-06-30,6404.0,6465.509765625,6214.22021484375,6214.22021484375,4543860224,2018,6,30,8,2,6,0.375,0.5,0.125,6423.835473632813,6500.577798828495,46.616256114423486,6996.058494439097,5851.612452826529,286.11151040314184
2018-07-01,6385.81982421875,6432.85009765625,6289.2900390625,6411.68017578125,4788259840,2018,7,1,8,5,10,0.4347826086956521,0.3478260869565217,0.217391304347826,6397.78046875,6489.648467913281,47.3331316265388,6922.903706655803,5872.657230844197,262.5616189529012
2018-07-02,6614.18017578125,6683.85986328125,6305.7001953125,6380.3798828125,4396930048,2018,7,2,9,2,12,0.5217391304347826,0.391304347826087,0.0869565217391304,6399.371484375,6501.508630567373,47.15451161989333,6927.0360757884055,5871.706892961595,263.83229570670267
2018-07-03,6529.58984375,6671.3701171875,6447.75,6596.66015625,4672309760,2018,7,3,7,8,19,0.5588235294117647,0.2058823529411764,0.2352941176470588,6408.355981445313,6504.183031822862,44.46022046260097,6938.586732571061,5878.125230319565,265.115375562874
2018-07-04,6597.5498046875,6771.919921875,6450.4599609375,6550.8701171875,4176689920,2018,7,4,8,3,11,0.5,0.3636363636363636,0.1363636363636363,6404.465966796875,6513.075105429018,45.98773660940803,6927.542470252398,5881.389463341353,261.5382517277613
2018-07-05,6639.14013671875,6749.5400390625,6546.64990234375,6599.7099609375,4999240192,2018,7,5,13,4,17,0.5,0.3823529411764705,0.1176470588235294,6413.593969726562,6525.081298885182,47.96444701883953,6946.773619888787,5880.414319564337,266.5898250811124
2018-07-06,6673.5,6700.93994140625,6533.5498046875,6638.68994140625,4313959936,2018,7,6,14,3,7,0.2916666666666667,0.5833333333333334,0.125,6419.760961914062,6539.2164132770695,68.2745011063664,6962.361473547266,5877.160450280859,271.3002558166018
2018-07-07,6856.93017578125,6863.990234375,6579.240234375,6668.7099609375,3961080064,2018,7,7,5,2,15,0.6818181818181818,0.2272727272727272,0.0909090909090909,6437.643969726562,6569.474866848896,70.2064009938436,7013.814985870129,5861.472953582996,288.0855080717835
2018-07-08,6773.8798828125,6885.91015625,6747.97998046875,6857.7998046875,3386210048,2018,7,8,14,1,11,0.4230769230769231,0.5384615384615384,0.0384615384615384,6439.59697265625,6588.942011226383,66.77144751082325,7020.256625774156,5858.937319538344,290.32982655895285
2018-07-09,6741.75,6838.68017578125,6724.33984375,6775.080078125,3718129920,2018,7,9,9,4,17,0.5666666666666667,0.3,0.1333333333333333,6438.187475585937,6603.495153014347,64.09862720549822,7015.598575491256,5860.776375680618,288.7055499526596
2018-07-10,6329.9501953125,6767.740234375,6320.72021484375,6739.2099609375,4052430080,2018,7,10,6,2,12,0.6,0.3,0.1,6415.857495117188,6577.443252280838,55.89768515291017,6972.335267771535,5859.379722462841,278.23888632717336
2018-07-11,6394.7099609375,6444.9599609375,6330.47021484375,6330.77001953125,3644859904,2018,7,11,4,1,3,0.375,0.5,0.125,6399.105981445313,6560.040081676711,55.926283562834456,6935.611881627521,5862.600081263105,268.25295009110414
2018-07-12,6228.81005859375,6397.10009765625,6136.419921875,6396.77978515625,3770170112,2018,7,12,2,2,8,0.6666666666666666,0.1666666666666666,0.1666666666666666,6406.361987304687,6528.494365192619,58.48789736028097,6928.643155788192,5884.080818821183,261.1405842417522
2018-07-13,6238.0498046875,6310.5498046875,6192.240234375,6235.02978515625,3805400064,2018,7,13,9,3,6,0.3333333333333333,0.5,0.1666666666666666,6410.140478515625,6500.832978477845,50.61295398723174,6926.047183191815,5894.233773839434,257.9533523380952
2018-07-14,6276.1201171875,6298.18994140625,6212.22021484375,6247.5,2923670016,2018,7,14,2,1,2,0.4,0.4,0.2,6415.284985351563,6479.43175359305,45.630789373411375,6923.235306548797,5907.3346641543285,253.9751605986172
2018-07-15,6359.64013671875,6403.4599609375,6256.509765625,6272.7001953125,3285459968,2018,7,15,5,2,3,0.3,0.5,0.2,6420.8079833984375,6468.02302817645,49.14376112698513,6923.528944629311,5918.087022167564,251.3604806154366
2018-07-16,6741.75,6741.75,6357.009765625,6357.009765625,4725799936,2018,7,16,6,3,7,0.4375,0.375,0.1875,6453.211987304688,6494.092263588216,53.79105636719223,6950.667367039575,5955.7566075698005,248.72768986744347
2018-07-17,7321.0400390625,7387.240234375,6684.169921875,6739.64990234375,5961950208,2018,7,17,6,2,7,0.4666666666666667,0.4,0.1333333333333333,6511.407495117188,6572.849194585768,68.17578941655458,7122.389514433166,5900.425475801209,305.4910096579893
2018-07-18,7370.77978515625,7534.990234375,7280.47021484375,7315.31982421875,6103410176,2018,7,18,0,3,3,0.5,0.0,0.5,6584.774487304688,6648.842584163909,67.90721752772916,7239.218768769466,5930.3302058399095,327.2221407323891
2018-07-19,7466.85986328125,7494.4599609375,7295.4599609375,7378.2001953125,5111629824,2018,7,19,3,2,1,0.1666666666666666,0.5,0.3333333333333333,6647.202490234375,6726.748991698894,68.6972531140213,7387.079871944682,5907.325108524067,369.93869085515377
2018-07-20,7354.1298828125,7594.669921875,7323.259765625,7467.39990234375,4936869888,2018,7,20,5,1,4,0.4,0.5,0.1,6694.708984375,6786.499552757333,64.84892115146489,7488.8585940703215,5900.559374679679,397.07480484766097
2018-07-21,7419.2900390625,7437.64013671875,7262.41015625,7352.72021484375,3726609920,2018,7,21,1,0,4,0.8,0.2,0.0,6746.382495117187,6846.765313357824,62.93626113138272,7588.922735549649,5903.842254684726,421.27012021623057
2018-07-22,7418.490234375,7537.9501953125,7383.81982421875,7417.7998046875,3695460096,2018,7,22,5,3,5,0.3846153846153846,0.3846153846153846,0.2307692307692307,6786.597998046875,6901.21530583565,65.4114995837071,7677.937309180486,5895.258686913263,445.66965556680594
2018-07-23,7711.10986328125,7771.5,7409.10009765625,7414.7099609375,5132480000,2018,7,23,4,1,5,0.5,0.4,0.1,6845.673999023437,6978.348120830469,70.60872724630309,7818.210229248211,5873.137768798663,486.26811511238697
2018-07-24,8424.26953125,8424.26953125,7705.5,7716.509765625,7277689856,2018,7,24,4,3,7,0.5,0.2857142857142857,0.2142857142857142,6937.009985351562,7116.054921822806,89.46811662749761,8129.639094002244,5744.38087670088,596.3145543253407
2018-07-25,8181.39013671875,8416.8701171875,8086.35986328125,8379.66015625,5845400064,2018,7,25,12,2,4,0.2222222222222222,0.6666666666666666,0.1111111111111111,7014.122485351562,7217.515418479563,81.55231207248634,8319.742617708234,5708.50235299489,652.8100661783362
2018-07-26,7951.580078125,8290.330078125,7878.7099609375,8176.85009765625,4899089920,2018,7,26,4,0,3,0.4285714285714285,0.5714285714285714,0.0,7078.0264892578125,7287.426338445794,79.75208904394333,8437.452629330628,5718.600349184997,679.7130700364077
2018-07-27,8165.009765625,8262.66015625,7839.759765625,7950.39990234375,5195879936,2018,7,27,6,4,7,0.4117647058823529,0.3529411764705882,0.2352941176470588,7143.43046875,7371.005712462862,81.08603168961719,8581.651793243982,5705.209144256017,719.1106622469915
2018-07-28,8192.150390625,8222.849609375,8110.77001953125,8169.06005859375,3988750080,2018,7,28,5,2,5,0.4166666666666667,0.4166666666666667,0.1666666666666666,7214.343994140625,7449.209967525923,81.01909762625087,8714.375855128083,5714.312133153167,750.0159304937285
2018-07-29,8218.4599609375,8272.259765625,8141.18017578125,8205.8203125,4107190016,2018,7,29,4,3,2,0.2222222222222222,0.4444444444444444,0.3333333333333333,7288.1794921875,7522.471871660358,80.66086159235711,8834.91283769073,5741.4461466842695,773.3666727516154
2018-07-30,8180.47998046875,8235.5,7917.5,8221.580078125,5551400000,2018,7,30,7,0,7,0.5,0.5,0.0,7380.705981445312,7585.139310594492,76.77077081333374,8907.353354071467,5854.058608819158,763.3236863130774
2018-07-31,7780.43994140625,8181.52978515625,7696.93017578125,8181.2001953125,5287530000,2018,7,31,8,2,7,0.4117647058823529,0.4705882352941176,0.1176470588235294,7449.99248046875,7603.739370671802,59.15913425172821,8912.663768431506,5987.321192505993,731.3356439813782
2018-08-01,7624.91015625,7769.0400390625,7504.9501953125,7769.0400390625,4797620000,2018,8,1,5,2,5,0.4166666666666667,0.4166666666666667,0.1666666666666666,7519.797485351562,7605.755635964963,54.86156479430458,8865.671458544874,6173.923512158251,672.9369865966559
2018-08-02,7567.14990234375,7712.77001953125,7523.43994140625,7634.18994140625,4214110000,2018,8,2,5,2,4,0.3636363636363636,0.4545454545454545,0.1818181818181818,7586.252490234375,7602.07889942961,51.94711577657303,8789.325691113017,6383.179289355732,601.5366004393214
2018-08-03,7434.39013671875,7562.14013671875,7328.64990234375,7562.14013671875,4627150000,2018,8,3,8,3,6,0.3529411764705882,0.4705882352941176,0.1764705882352941,7644.165991210937,7586.108541076194,51.54621486698392,8681.836988588844,6606.49499383303,518.8354986889533
2018-08-04,7032.85009765625,7497.490234375,6984.06982421875,7438.669921875,4268390000,2018,8,4,4,0,1,0.2,0.8,0.0,7677.826489257813,7533.417260750485,43.40941677724128,8574.094199214223,6781.558779301402,448.1338549782053
2018-08-05,7068.47998046875,7102.77001953125,6940.7001953125,7031.080078125,3679110000,2018,8,5,6,0,4,0.4,0.6,0.0,7694.16298828125,7489.137519771272,44.10079510195993,8528.351082380475,6859.974894182026,417.0940470496122
2018-08-06,6951.7998046875,7166.5498046875,6890.5400390625,7062.93994140625,3925900000,2018,8,6,6,3,8,0.4705882352941176,0.3529411764705882,0.1764705882352941,7675.7009765625,7437.962499287103,36.39545713581333,8559.526022501479,6791.875930623521,441.9125229694894
2018-08-07,6753.1201171875,7146.56005859375,6748.240234375,6958.31982421875,4682800000,2018,8,7,5,0,4,0.4444444444444444,0.5555555555555556,0.0,7644.8179931640625,7372.739415277617,13.290303702982284,8612.675118008498,6676.960868319628,483.9285624222177
2018-08-08,6305.7998046875,6746.85009765625,6226.22021484375,6746.85009765625,5064430000,2018,8,8,1,1,3,0.6,0.2,0.2,7586.764990234375,7271.12611903094,12.19497552206184,8724.023726441676,6449.506254027073,568.6293681036509
2018-08-09,6568.22998046875,6625.72998046875,6249.06982421875,6305.56005859375,4267040000,2018,8,9,8,2,3,0.2307692307692307,0.6153846153846154,0.1538461538461538,7547.469995117188,7204.183629644064,22.478640864409925,8769.707834596975,6325.232155637401,611.1189197398937
2018-08-10,6184.7099609375,6591.259765625,6124.52001953125,6571.419921875,4528680000,2018,8,10,7,2,5,0.3571428571428571,0.5,0.1428571428571428,7485.740991210938,7107.090899291059,13.099824581835122,8851.513243040808,6119.968739381066,682.8861259149356
2018-08-11,6295.72998046875,6455.740234375,6109.02978515625,6185.7900390625,4047850000,2018,8,11,3,2,1,0.1666666666666666,0.5,0.3333333333333333,7429.602978515625,7029.818430831792,15.73394386141365,8895.633047165407,5963.572909865844,733.0150343248906
2018-08-12,6322.68994140625,6409.85009765625,6237.5,6283.64990234375,5665250000,2018,8,12,2,3,6,0.5454545454545454,0.1818181818181818,0.2727272727272727,7360.181982421875,6962.472860410312,15.753744736094204,8899.733155702364,5820.630809141386,769.7755866402446
2018-08-13,6297.56982421875,6537.0498046875,6225.72021484375,6341.35986328125,4083980000,2018,8,13,7,3,7,0.4117647058823529,0.4117647058823529,0.1764705882352941,7253.846997070313,6899.1487617254015,15.827280751193683,8777.641038061069,5730.052956079557,761.8970204953779
2018-08-14,6199.7099609375,6287.93994140625,5971.0498046875,6287.66015625,5301700000,2018,8,14,9,5,2,0.125,0.5625,0.3125,7154.76298828125,6832.535542602744,17.77716287222384,8682.318319420632,5627.207657141868,763.7776655696907
2018-08-15,6308.52001953125,6588.490234375,6221.419921875,6221.419921875,4895450000,2018,8,15,5,1,7,0.5384615384615384,0.3846153846153846,0.0769230769230769,7072.6099853515625,6782.629302310221,22.644623537316704,8596.45536331538,5548.764607387746,761.9226889819084
2018-08-16,6334.72998046875,6473.5,6276.41015625,6294.22998046875,4328420000,2018,8,16,2,4,2,0.25,0.25,0.5,6981.09599609375,6739.972224039605,24.04929161856593,8447.465010667882,5514.726981519619,733.1845072870657
2018-08-17,6580.6298828125,6582.5,6324.97021484375,6340.91015625,4992990000,2018,8,17,2,3,4,0.4444444444444444,0.2222222222222222,0.3333333333333333,6900.519970703125,6724.796762970357,32.84023279563803,8259.892996213732,5541.146945192519,679.6865127553032
2018-08-18,6423.759765625,6617.35009765625,6353.72998046875,6583.43017578125,3984520000,2018,8,18,6,6,9,0.4285714285714285,0.2857142857142857,0.2857142857142857,6810.7849609375,6696.126572746989,36.42247999155362,8033.963597677572,5587.606324197428,611.589318370036
2018-08-19,6506.06982421875,6537.97998046875,6361.5498046875,6422.56982421875,3311170000,2018,8,19,7,2,8,0.4705882352941176,0.4117647058823529,0.1176470588235294,6727.064453125,6678.025930030014,37.71864202780552,7771.6890688543235,5682.4398373956765,522.3123078646619
2018-08-20,6308.52978515625,6536.919921875,6297.93017578125,6500.509765625,3665100000,2018,8,20,5,3,9,0.5294117647058824,0.2941176470588235,0.1764705882352941,6653.4689453125,6642.835820994417,36.43205289845057,7587.124823039529,5719.813067585472,466.827938863514
2018-08-21,6488.759765625,6500.8701171875,6298.240234375,6301.06982421875,3377180000,2018,8,21,6,5,5,0.3125,0.375,0.3125,6596.66142578125,6628.161910959234,44.3803348984514,7412.237085265142,5781.085766297358,407.7878297419462
2018-08-22,6376.7099609375,6816.7900390625,6310.10986328125,6486.25,4668110000,2018,8,22,1,1,2,0.5,0.25,0.25,6537.139428710938,6604.214106195259,51.75796059913792,7216.953763839331,5857.3250935825445,339.9071675641967
2018-08-23,6534.8798828125,6546.5400390625,6371.33984375,6371.33984375,3426180000,2018,8,23,6,4,11,0.5238095238095238,0.2857142857142857,0.1904761904761904,6492.163916015625,6597.610846825472,49.12813385336473,7025.216911574281,5959.110920456968,266.5264977793283
2018-08-24,6719.9599609375,6719.9599609375,6498.64013671875,6551.52001953125,4097820000,2018,8,24,7,1,5,0.3846153846153846,0.5384615384615384,0.0769230769230769,6476.519409179688,6609.26314340757,65.61287757033253,6958.695525843319,5994.343292516056,241.08805833181583
2018-08-25,6763.18994140625,6789.6298828125,6700.9599609375,6719.9501953125,3312600000,2018,8,25,5,5,3,0.2307692307692307,0.3846153846153846,0.3846153846153846,6461.254907226563,6623.922838455063,64.19694611389374,6879.634780251201,6042.875034201925,209.189936512319
2018-08-26,6707.259765625,6774.75,6620.75,6754.64013671875,3295500000,2018,8,26,4,0,2,0.3333333333333333,0.6666666666666666,0.0,6449.027905273438,6631.859688661723,61.47757163654699,6818.4776422202885,6079.578168326587,184.72486847342557
2018-08-27,6884.64013671875,6884.64013671875,6689.7099609375,6710.7998046875,4019000000,2018,8,27,2,1,4,0.5714285714285714,0.2857142857142857,0.1428571428571428,6455.60390625,6655.934017048106,66.06149729191335,6851.573955802946,6059.633856697054,197.9850247764728
2018-08-28,7096.27978515625,7109.56005859375,6882.33984375,6891.080078125,4659940000,2018,8,28,3,1,6,0.6,0.3,0.1,6495.127905273437,6697.871709248881,73.09139977640199,6976.692179536375,6013.563631010499,240.78213713146903
2018-08-29,7047.16015625,7113.2998046875,6970.81982421875,7091.7099609375,4145880000,2018,8,29,3,1,4,0.5,0.375,0.125,6519.0744140625,6731.137275629941,69.62735741464107,7059.925926076476,5978.222902048525,270.4257560069879
2018-08-30,6978.22998046875,7072.68994140625,6834.68994140625,7043.759765625,4463250000,2018,8,30,8,0,5,0.3846153846153846,0.6153846153846154,0.0,6558.750415039062,6754.669914186017,66.71967176926414,7112.591024126953,6004.909805951172,276.9203045439454
2018-08-31,7037.580078125,7057.169921875,6920.16015625,6973.97021484375,4495650000,2018,8,31,0,2,2,0.5,0.0,0.5,6595.842919921875,6781.613739323064,63.14714830478472,7174.333381142484,6017.352458701267,289.24523061030413
2018-09-01,7193.25,7242.2900390625,7038.0498046875,7044.81005859375,4116050000,2018,9,1,2,2,0,0.0,0.5,0.5,6639.370922851563,6820.817192720867,72.15469864910992,7260.741596877091,6018.000248826034,310.6853370127641
2018-09-02,7272.72021484375,7306.31005859375,7132.16015625,7189.580078125,4329540000,2018,9,2,0,1,4,0.8,0.0,0.2,6688.128442382813,6863.855575780189,72.10908972113906,7348.389892110531,6027.866992655095,330.1307248638589
2018-09-03,7260.06005859375,7317.93994140625,7208.14990234375,7279.02978515625,4087760000,2018,9,3,6,4,3,0.2307692307692307,0.4615384615384615,0.3076923076923077,6741.145947265625,6901.589336048147,80.71612222303484,7406.542648665066,6075.7492458661845,332.69835069972044
2018-09-04,7361.66015625,7388.259765625,7255.43994140625,7263.0,4273640000,2018,9,4,2,2,2,0.3333333333333333,0.3333333333333333,0.3333333333333333,6793.802954101562,6945.4056046388,79.68482970203253,7481.360514016686,6106.245394186439,343.7787799575618
2018-09-05,6792.830078125,7388.43017578125,6792.830078125,7361.4599609375,5800460000,2018,9,5,8,3,4,0.2666666666666666,0.5333333333333333,0.2,6816.707958984375,6930.874602113676,60.79675773193264,7469.516193553675,6163.899724415075,326.4041172846501
2018-09-06,6529.169921875,6755.14013671875,6404.72021484375,6755.14013671875,5523470000,2018,9,6,4,1,3,0.375,0.5,0.125,6814.1349609375,6892.617013519517,49.85953706568678,7471.2524568293,6157.0174650457,328.5587479459001
2018-09-07,6467.06982421875,6555.2900390625,6396.8701171875,6528.919921875,4264680000,2018,9,7,2,1,1,0.25,0.5,0.25,6816.300463867187,6852.088709776586,43.37835139144129,7468.266525969928,6164.334401764447,325.9830310513705
2018-09-08,6225.97998046875,6534.25,6197.52001953125,6460.169921875,3835060000,2018,9,8,5,0,1,0.1666666666666666,0.8333333333333334,0.0,6802.295971679688,6792.459306985364,37.2543858714213,7493.191119707507,6111.400823651868,345.4475740139098
2018-09-09,6300.85986328125,6446.259765625,6201.22021484375,6223.3798828125,3671890000,2018,9,9,5,1,1,0.1428571428571428,0.7142857142857143,0.1428571428571428,6801.9124755859375,6745.640312346877,40.44385689718558,7493.969163850647,6109.855787321228,346.0283441323551
2018-09-10,6329.7001953125,6374.97998046875,6292.759765625,6301.56982421875,3714100000,2018,9,10,5,2,1,0.125,0.625,0.25,6793.959497070313,6706.026967867412,35.97106317383252,7504.575464784071,6083.343529356554,355.3079838568792
2018-09-11,6321.2001953125,6398.919921875,6260.2099609375,6331.8798828125,3849910000,2018,9,11,3,0,6,0.6666666666666666,0.3333333333333333,0.0,6791.184008789062,6669.376799052659,28.163089781590045,7509.058300635683,6073.309716942442,358.9371459233104
2018-09-12,6351.7998046875,6363.8701171875,6265.08984375,6317.009765625,4064230000,2018,9,12,3,1,6,0.6,0.3,0.1,6782.030004882812,6639.131371017883,30.20248241562028,7518.10385384076,6045.956155924864,368.0369244789741
2018-09-13,6517.31005859375,6535.41015625,6354.240234375,6354.240234375,4210910000,2018,9,13,5,2,4,0.3636363636363636,0.4545454545454545,0.1818181818181818,6771.897509765625,6627.529341263204,37.561267049225,7517.091654483815,6026.703365047435,372.5970723590952
2018-09-14,6512.7099609375,6596.10009765625,6456.169921875,6515.41015625,4076220000,2018,9,14,4,2,8,0.5714285714285714,0.2857142857142857,0.1428571428571428,6759.373510742187,6616.594162184565,35.40414401114947,7513.549023048359,6005.197998436015,377.087756153086
2018-09-15,6543.2001953125,6561.72021484375,6493.5498046875,6509.39990234375,3216300000,2018,9,15,4,2,4,0.4,0.4,0.2,6751.1705322265625,6609.604260577702,30.57036893038385,7511.278228711458,5991.062835741667,380.05384824244777
2018-09-16,6517.18017578125,6544.330078125,6460.10009765625,6536.68017578125,3273730000,2018,9,16,3,2,4,0.4444444444444444,0.3333333333333333,0.2222222222222222,6732.797534179687,6600.801966787563,26.671947346774843,7497.074093955141,5968.520974404234,382.1382798877265
2018-09-17,6281.2001953125,6540.2099609375,6257.52001953125,6514.06005859375,3910780000,2018,9,17,6,3,5,0.3571428571428571,0.4285714285714285,0.2142857142857142,6692.0435546875,6570.363702837558,23.43953166142489,7461.618516935236,5922.468592439764,384.78748112386825
2018-09-18,6371.2998046875,6384.18017578125,6265.7099609375,6280.91015625,4180090000,2018,9,18,2,2,4,0.5,0.25,0.25,6658.250537109375,6551.405236347076,22.95870888126757,7421.497906636989,5895.003167581761,381.623684763807
2018-09-19,6398.5400390625,6448.4599609375,6208.33984375,6371.85009765625,4431340000,2018,9,19,5,1,1,0.1428571428571428,0.7142857142857143,0.1428571428571428,6629.266040039062,6536.846646129497,34.712822807882404,7385.344116750329,5873.187963327796,378.0390383556333
2018-09-20,6519.669921875,6529.259765625,6395.9501953125,6398.85009765625,4348110000,2018,9,20,2,2,7,0.6363636363636364,0.1818181818181818,0.1818181818181818,6603.370532226562,6535.210767629068,49.58590510892977,7335.66845618596,5871.0726082671645,366.1489619796991
2018-09-21,6734.9501953125,6794.330078125,6496.35986328125,6513.8701171875,6531940000,2018,9,21,5,1,2,0.25,0.625,0.125,6580.455541992187,6554.2335702655855,60.3010289781981,7261.953840326658,5898.957243657716,340.7491491672354
2018-09-22,6721.97998046875,6814.56005859375,6616.7998046875,6735.0498046875,4509660000,2018,9,22,2,2,3,0.4285714285714285,0.2857142857142857,0.2857142857142857,6552.918530273438,6570.209418856363,73.1312939941997,7156.717506863902,5949.119553682974,301.8994882952322
2018-09-23,6710.6298828125,6766.14990234375,6679.419921875,6715.31982421875,4197500000,2018,9,23,3,0,9,0.75,0.25,0.0,6525.447021484375,6583.582796375995,70.31358395844377,7036.679335216201,6014.214707752549,255.61615686591307
2018-09-24,6595.41015625,6713.56005859375,6580.89990234375,6704.77001953125,4177310000,2018,9,24,6,1,2,0.2222222222222222,0.6666666666666666,0.1111111111111111,6487.134521484375,6584.70921160209,62.13298313519491,6817.282256744862,6156.986786223888,165.0738676302437
2018-09-25,6446.47021484375,6603.64013671875,6381.85986328125,6603.64013671875,4726180000,2018,9,25,4,4,7,0.4666666666666667,0.2666666666666666,0.2666666666666666,6469.8165283203125,6571.5435928632005,55.0698947616377,6767.153412733247,6172.479643907378,148.66844220646735
2018-09-26,6495.0,6585.91015625,6397.89013671875,6452.7900390625,4437300000,2018,9,26,3,3,3,0.3333333333333333,0.3333333333333333,0.3333333333333333,6468.1080322265625,6564.253726876229,55.71265060100153,6764.399784317104,6171.816280136021,148.14587604527048
2018-09-27,6676.75,6712.10009765625,6464.9501953125,6495.2900390625,4606810000,2018,9,27,4,0,2,0.3333333333333333,0.6666666666666666,0.0,6478.592041015625,6574.967657649921,56.27914024662509,6789.2209159502345,6167.963166081016,155.31443746730477
2018-09-28,6644.1298828125,6785.02978515625,6598.31982421875,6678.75,5014430000,2018,9,28,3,1,5,0.5555555555555556,0.3333333333333333,0.1111111111111111,6499.499536132813,6581.554536236834,55.06388272400722,6794.430883049331,6204.568189216295,147.46567345825903
2018-09-29,6601.9599609375,6643.10009765625,6511.64990234375,6643.10009765625,4363690000,2018,9,29,3,1,0,0.0,0.75,0.25,6514.554541015625,6583.49791001785,52.24393853167284,6797.2795246273245,6231.829557403925,141.36249180585
2018-09-30,6625.56005859375,6643.77978515625,6566.5400390625,6604.7099609375,4002280000,2018,9,30,3,1,1,0.2,0.6,0.2,6529.347534179688,6587.503828929841,54.14651278353366,6802.133616003232,6256.561452356143,136.39304091177243
2018-10-01,6589.6201171875,6653.2998046875,6549.080078125,6619.85009765625,4000970000,2018,10,1,4,2,2,0.25,0.5,0.25,6542.768530273437,6587.705380192475,63.93245479987719,6798.302306982436,6287.234753564439,127.7668883544992
2018-10-02,6556.10009765625,6611.83984375,6537.89990234375,6593.240234375,3979260000,2018,10,2,3,3,2,0.25,0.375,0.375,6552.983544921875,6584.695353284264,58.7978333123347,6792.186134015259,6313.780955828492,119.6012945466919
2018-10-03,6502.58984375,6571.4599609375,6454.02978515625,6553.85986328125,3887310000,2018,10,3,6,2,9,0.5294117647058824,0.3529411764705882,0.1176470588235294,6552.247534179687,6576.8757809476665,54.832646477987815,6792.002240732421,6312.492827626953,119.877353276367
2018-10-04,6576.68994140625,6603.31005859375,6497.91015625,6497.91015625,3838410000,2018,10,4,2,6,2,0.2,0.2,0.6,6555.446533203125,6576.858081943722,52.76930512322752,6794.6868028377385,6316.206263568512,119.62013481730668
2018-10-05,6622.47998046875,6623.6201171875,6557.41015625,6574.14990234375,3671500000,2018,10,5,2,1,2,0.4,0.4,0.2,6559.4105224609375,6581.203024660392,43.461111984833934,6800.4170969353,6318.403947986575,120.5032872371812
2018-10-06,6588.31005859375,6628.5400390625,6577.7998046875,6622.4501953125,3259740000,2018,10,6,2,1,3,0.5,0.3333333333333333,0.1666666666666666,6562.967016601562,6581.879885034998,42.41554636236798,6803.448380563153,6322.485652639972,120.240681980795
2018-10-07,6602.9501953125,6641.490234375,6557.0400390625,6590.68017578125,3306630000,2018,10,7,2,1,0,0.0,0.6666666666666666,0.3333333333333333,6579.054516601563,6583.886581251903,43.91296283210854,6779.962230601077,6378.146802602048,100.45385699975724
2018-10-08,6652.22998046875,6675.06005859375,6576.0400390625,6600.18994140625,3979460000,2018,10,8,1,2,1,0.25,0.25,0.5,6593.101025390625,6590.395476415412,53.47071809955912,6770.790944746252,6415.411106034999,88.84495967781343
2018-10-09,6642.64013671875,6661.41015625,6606.93994140625,6653.080078125,3580810000,2018,10,9,3,0,0,0.0,1.0,0.0,6605.3060302734375,6595.371158349064,64.44103687792142,6758.583222320924,6452.028838225951,76.63859602374318
2018-10-10,6585.52978515625,6640.2900390625,6538.9599609375,6640.2900390625,3787650000,2018,10,10,2,2,2,0.3333333333333333,0.3333333333333333,0.3333333333333333,6608.5990234375,6594.433884711653,56.58120325572646,6756.878059354359,6460.319987520642,74.13951795842918
2018-10-11,6256.240234375,6586.740234375,6243.740234375,6586.740234375,5181640000,2018,10,11,3,1,1,0.2,0.6,0.2,6584.663525390625,6562.224965631972,24.82972440254484,6790.458840461543,6378.868210319707,102.89765753545896
2018-10-12,6274.580078125,6328.5,6236.47021484375,6239.25,3783500000,2018,10,12,2,0,2,0.5,0.5,0.0,6562.293530273438,6534.830214440832,27.4952869742077,6800.02767298506,6324.559387561815,118.86707135581148
2018-10-13,6285.990234375,6308.509765625,6259.81005859375,6278.080078125,3064030000,2018,10,13,1,0,6,0.8571428571428571,0.1428571428571428,0.0,6541.061547851563,6511.131168720277,30.009255403413263,6798.081771790589,6284.041323912536,128.5101119695134
2018-10-14,6290.93017578125,6363.2099609375,6280.14990234375,6288.490234375,3085320000,2018,10,14,3,4,1,0.125,0.375,0.5,6525.837548828125,6490.159645583226,28.316684574681474,6804.46526038435,6247.209837271901,139.31385577811227
2018-10-15,6596.5400390625,6965.06005859375,6258.68017578125,6292.64013671875,7370770000,2018,10,15,1,2,6,0.6666666666666666,0.1111111111111111,0.2222222222222222,6533.341040039062,6500.291111628872,50.33227327249315,6811.050573502407,6255.631506575717,138.85476673167238
2018-10-16,6596.10986328125,6673.58984375,6571.3701171875,6601.41015625,4074800000,2018,10,16,2,1,2,0.4,0.4,0.2,6538.396533203125,6509.416707024337,51.98419809241898,6816.84751471006,6259.94555169619,139.2254907534675
2018-10-17,6544.43017578125,6601.2099609375,6517.4501953125,6590.52001953125,4088420000,2018,10,17,3,0,2,0.4,0.6,0.0,6531.780541992188,6512.751323096424,52.0787554007273,6802.572870465236,6260.98821351914,135.396164236524
2018-10-18,6476.7099609375,6567.5400390625,6450.0400390625,6542.330078125,3924080000,2018,10,18,2,1,2,0.4,0.4,0.2,6523.4095458984375,6509.318812414622,45.000998535643824,6789.895144408185,6256.92394738869,133.24279925487374
2018-10-19,6465.41015625,6493.68017578125,6445.31005859375,6478.06982421875,3578870000,2018,10,19,2,1,2,0.4,0.4,0.2,6516.582055664063,6505.137035637038,41.86595986675183,6781.586801024151,6251.577310303975,132.50237268004426
2018-10-20,6489.18994140625,6497.72021484375,6449.0,6460.919921875,3379130000,2018,10,20,5,1,3,0.3333333333333333,0.5555555555555556,0.1111111111111111,6509.763549804688,6503.618264757915,44.81111240621568,6769.935549151219,6249.591550458156,130.08599967326572
2018-10-21,6482.35009765625,6556.3798828125,6476.0,6490.08984375,3253610000,2018,10,21,5,2,5,0.4166666666666667,0.4166666666666667,0.1666666666666666,6504.400048828125,6501.592725033946,43.63466176384935,6762.051000825255,6246.749096830996,128.82547599856474
2018-10-22,6487.16015625,6543.7998046875,6462.97998046875,6486.0498046875,3672860000,2018,10,22,2,1,4,0.5714285714285714,0.2857142857142857,0.1428571428571428,6500.953051757812,6500.218194673571,40.858393702661125,6757.534113178995,6244.37199033663,128.290530710591
2018-10-23,6475.740234375,6506.009765625,6451.27001953125,6472.35986328125,3716150000,2018,10,23,2,3,3,0.375,0.25,0.375,6499.610571289062,6497.886960359421,40.77574114183906,6756.436421408829,6242.784721169295,128.41292505988346
2018-10-24,6495.83984375,6521.990234375,6468.85986328125,6478.89013671875,3424670000,2018,10,24,2,2,7,0.6363636363636364,0.1818181818181818,0.1818181818181818,6495.56806640625,6497.69199687281,44.83155457136667,6749.817781740243,6241.318351072257,127.12485766699628
2018-10-25,6476.2900390625,6504.64990234375,6447.02978515625,6484.64990234375,3230550000,2018,10,25,2,1,2,0.4,0.4,0.2,6488.258569335938,6495.65371517659,69.72024385675954,6735.4534818875145,6241.063656784361,123.59745627578847
2018-10-26,6474.75,6498.2900390625,6449.60986328125,6468.43994140625,3306050000,2018,10,26,1,1,0,0.0,0.5,0.5,6482.58056640625,6493.662885159772,68.49558576182605,6725.274950509067,6239.886182303433,121.34719205140844
2018-10-27,6480.3798828125,6507.41015625,6453.52978515625,6480.83984375,3393250000,2018,10,27,4,1,3,0.375,0.5,0.125,6476.45205078125,6492.397837317174,68.15542587792345,6712.446029618979,6240.458071943522,117.99698941886447
2018-10-28,6486.39013671875,6502.27978515625,6447.91015625,6482.66015625,3445190000,2018,10,28,6,2,6,0.4285714285714285,0.4285714285714285,0.1428571428571428,6468.16005859375,6491.82567535542,68.21896510605451,6689.337883229098,6246.9822339584025,110.58891231767392
2018-10-29,6332.6298828125,6503.60009765625,6306.990234375,6492.35009765625,4199910000,2018,10,29,5,0,2,0.2857142857142857,0.7142857142857143,0.0,6452.6595458984375,6476.6641713037125,15.687571578394056,6665.652284115617,6239.666807681258,106.49636910858966
2018-10-30,6334.27001953125,6364.990234375,6310.14013671875,6337.0400390625,3781100000,2018,10,30,4,2,3,0.3333333333333333,0.4444444444444444,0.2222222222222222,6440.096557617188,6463.102823515859,16.06351794004628,6649.704242296954,6230.488872937421,104.8038423398836
2018-10-31,6317.60986328125,6349.16015625,6316.8798828125,6336.990234375,4191240000,2018,10,31,5,4,3,0.25,0.4166666666666667,0.3333333333333333,6443.1650390625,6449.2463511125625,17.667284744611294,6643.009501288011,6243.320576836989,99.92223111275548
2018-11-01,6377.77978515625,6547.14013671875,6311.830078125,6318.14013671875,3789400000,2018,11,1,5,2,6,0.4615384615384615,0.3846153846153846,0.1538461538461538,6448.325024414063,6442.440011497675,35.587493402267484,6634.718172321773,6261.931876506353,93.19657395385484
2018-11-02,6388.43994140625,6396.85986328125,6327.3798828125,6378.919921875,4234870000,2018,11,2,5,0,4,0.4444444444444444,0.5555555555555556,0.0,6453.447509765625,6437.297147679445,38.76576256836327,6626.187209602833,6280.707809928417,86.36984991860373
2018-11-03,6361.259765625,6400.06982421875,6342.3701171875,6387.240234375,3658640000,2018,11,3,10,2,5,0.2941176470588235,0.5882352941176471,0.1176470588235294,6456.9639892578125,6430.055492245688,31.511388799896125,6618.25787094962,6295.670107566005,80.64694084590393
2018-11-04,6376.1298828125,6388.6298828125,6294.56982421875,6365.47021484375,4390020000,2018,11,4,3,0,7,0.7,0.3,0.0,6445.9434814453125,6424.919719918718,34.997165489873694,6596.869255830268,6295.017707060357,75.46288719247801
2018-11-05,6419.66015625,6480.58984375,6363.6201171875,6363.6201171875,4174800000,2018,11,5,3,6,4,0.3076923076923077,0.2307692307692307,0.4615384615384615,6437.12099609375,6424.418809093127,41.40610624002228,6570.7209058944745,6303.521086293026,66.79995490036218
2018-11-06,6461.009765625,6463.5498046875,6408.16015625,6433.3798828125,4700040000,2018,11,6,3,1,4,0.5,0.375,0.125,6432.949975585938,6427.9036620961615,48.25736955687925,6557.334701795089,6308.565249376787,62.19236310457566
2018-11-07,6530.14013671875,6552.16015625,6468.31005859375,6468.5,4941260000,2018,11,7,4,1,6,0.5454545454545454,0.3636363636363636,0.0909090909090909,6435.621484375,6437.640469203075,53.63596179307932,6566.108961056582,6305.134007693418,65.243738340791
2018-11-08,6453.72021484375,6536.919921875,6438.52978515625,6522.27001953125,4665260000,2018,11,8,4,0,6,0.6,0.4,0.0,6435.036987304688,6439.171873549805,47.86493519930752,6565.066561913859,6305.007412695516,65.01478730458575
2018-11-09,6385.6201171875,6456.4599609375,6373.3701171875,6442.60009765625,4346820000,2018,11,9,5,1,5,0.4545454545454545,0.4545454545454545,0.0909090909090909,6429.85849609375,6434.071706277205,42.51149502620637,6559.054127425108,6300.662864762391,64.5978156656793
2018-11-10,6409.22021484375,6437.27978515625,6385.31005859375,6386.1298828125,3705320000,2018,11,10,4,4,2,0.2,0.4,0.4,6426.202001953125,6431.704897569256,44.19655763700122,6553.2642323900345,6299.139771516215,63.53111521845506
2018-11-11,6411.27001953125,6423.25,6350.169921875,6413.6298828125,3939060000,2018,11,11,6,3,7,0.4375,0.375,0.1875,6422.407495117188,6429.758718708494,43.83372879725527,6546.297897700588,6298.517092533788,61.94520129169993
2018-11-12,6371.27001953125,6434.2099609375,6360.47021484375,6411.759765625,4295770000,2018,11,12,16,0,5,0.238095238095238,0.7619047619047619,0.0,6417.183984375,6424.188366405899,53.90020098590536,6540.414115978561,6293.953852771439,61.61506580178065
2018-11-13,6359.490234375,6395.27001953125,6342.669921875,6373.18994140625,4503800000,2018,11,13,9,2,2,0.1538461538461538,0.6923076923076923,0.1538461538461538,6410.36650390625,6418.026639545814,52.49457868275272,6530.31752383794,6290.41548397456,59.975509965844864
2018-11-14,5738.35009765625,6371.5498046875,5544.08984375,6351.240234375,7398940000,2018,11,14,10,3,4,0.2352941176470588,0.5882352941176471,0.1764705882352941,6373.469506835938,6353.295540318237,23.90675863525189,6694.119026616323,6052.819987055553,160.32475989019267
2018-11-15,5648.02978515625,5774.81982421875,5358.3798828125,5736.14990234375,7032140000,2018,11,15,7,2,3,0.25,0.5833333333333334,0.1666666666666666,6332.13349609375,6286.127373159952,17.997094631749704,6784.078597523854,5880.188394663646,225.9725507150517
2018-11-16,5575.5498046875,5657.02001953125,5498.93994140625,5645.31982421875,5279320000,2018,11,16,5,0,3,0.375,0.625,0.0,6286.8919921875,6218.453319019719,16.184547011185842,6845.030684113742,5728.753300261259,279.06934596312067
2018-11-17,5554.330078125,5578.580078125,5519.56005859375,5578.580078125,4303150000,2018,11,17,7,3,2,0.1666666666666666,0.5833333333333334,0.25,6240.288989257812,6155.203486553555,16.265205839172893,6878.233871861577,5602.344106654047,318.97244130188267
2018-11-18,5623.5400390625,5653.60986328125,5559.740234375,5559.740234375,4159680000,2018,11,18,1,4,1,0.1666666666666666,0.1666666666666666,0.6666666666666666,6204.834497070313,6104.5688725067885,19.90435338168514,6897.630047455717,5512.038946684908,346.3977751927024
2018-11-19,4871.490234375,5620.77978515625,4842.91015625,5620.77978515625,7039560000,2018,11,19,6,2,5,0.3846153846153846,0.4615384615384615,0.1538461538461538,6131.6955078125,5987.132811732332,10.482675278757952,7041.745140687457,5221.645874937543,455.0248164374784
2018-11-20,4451.8701171875,4951.60986328125,4272.10986328125,4863.93017578125,8428290000,2018,11,20,11,4,3,0.1666666666666666,0.6111111111111112,0.2222222222222222,6038.408520507813,5840.9173170137765,7.016765341626794,7212.434795056131,4864.382245959494,587.0131372741594
2018-11-21,4602.169921875,4675.72998046875,4343.97998046875,4465.5400390625,6120120000,2018,11,21,8,2,4,0.2857142857142857,0.5714285714285714,0.1428571428571428,5949.62802734375,5722.941374619607,10.13773011133216,7274.457548127945,4624.798506559554,662.414760392098
2018-11-22,4365.93994140625,4629.64013671875,4365.64013671875,4611.56982421875,4569370000,2018,11,22,4,1,2,0.2857142857142857,0.5714285714285714,0.1428571428571428,5848.50302734375,5593.703142885001,9.50931713721424,7331.605020219224,4365.401034468276,741.5509964377368
2018-11-23,4347.10986328125,4396.419921875,4195.68017578125,4360.7001953125,4871490000,2018,11,23,5,0,2,0.2857142857142857,0.7142857142857143,0.0,5747.7955322265625,5474.97997339893,9.694590293998331,7352.819335625939,4142.771728827186,802.5119016996881
2018-11-24,3880.760009765625,4413.08984375,3795.159912109375,4347.68994140625,4679500000,2018,11,24,4,0,4,0.5,0.5,0.0,5623.027038574219,5323.149500671949,7.455953368126373,7401.030397807473,3845.023679340965,889.001679616627
2018-11-25,4009.969970703125,4120.8701171875,3585.06005859375,3880.780029296875,6825640000,2018,11,25,5,3,4,0.3333333333333333,0.4166666666666667,0.25,5502.542529296875,5198.084783532061,11.253599289088456,7377.202031369461,3627.883027224289,937.329751036293
2018-11-26,3779.1298828125,4107.14013671875,3643.919921875,4015.070068359375,6476900000,2018,11,26,5,3,6,0.4285714285714285,0.3571428571428571,0.2142857142857142,5368.44853515625,5062.946221558769,10.600738393414687,7335.815030488119,3401.0820398243804,983.6832476659348
2018-11-27,3820.719970703125,3862.9599609375,3661.010009765625,3765.949951171875,5998720000,2018,11,27,2,7,4,0.3076923076923077,0.1538461538461538,0.5384615384615384,5232.977526855469,4944.638959572518,11.758480536613815,7236.338405784779,3229.6166479261583,1001.6804394646553
2018-11-28,4257.419921875,4385.89990234375,3822.469970703125,3822.469970703125,7280280000,2018,11,28,11,2,6,0.3157894736842105,0.5789473684210527,0.1052631578947368,5123.162512207031,4879.189527410849,26.380320034166218,7085.128418602668,3161.196605811393,980.9829531978188
2018-11-29,4278.8466796875,4413.0205078125,4145.76513671875,4269.00439453125,6503347767,2018,11,29,5,2,2,0.2222222222222222,0.5555555555555556,0.2222222222222222,5017.823840332031,4822.014018103863,27.6719173192226,6919.6993047176375,3115.9483759464247,950.9377321928032
2018-11-30,4017.2685546875,4322.9765625,3942.822021484375,4289.0888671875,6048016717,2018,11,30,5,2,3,0.3,0.5,0.2,4898.226257324219,4745.37159301659,26.064402669084306,6731.280895787017,3065.171618861421,916.5273192313988
2018-12-01,4214.671875,4309.37744140625,3969.710693359375,4024.46435546875,5375314093,2018,12,1,5,2,3,0.3,0.5,0.2,4788.396350097656,4694.828762729296,30.47906901291805,6498.866719869202,3077.92598032611,855.235184885773
2018-12-02,4139.8779296875,4301.51953125,4110.978515625,4200.7333984375,5262697895,2018,12,2,6,3,4,0.3076923076923077,0.4615384615384615,0.2307692307692307,4676.826745605469,4641.976302439602,28.41583016234549,6237.072931521391,3116.580559689547,780.1230929579609
2018-12-03,3894.130859375,4155.9794921875,3840.4462890625,4147.32373046875,5089570994,2018,12,3,6,8,7,0.3333333333333333,0.2857142857142857,0.3809523809523809,4553.558776855469,4570.752926909639,33.32503597189428,5933.15485463358,3173.962699077358,689.7980388890553
2018-12-04,3956.893798828125,4075.627685546875,3832.75,3886.294921875,5028069239,2018,12,4,5,3,5,0.3846153846153846,0.3846153846153846,0.2307692307692307,4464.485961914063,4512.290152806639,40.384186154428576,5748.739146459873,3180.2327773682514,642.1265922729056
2018-12-05,3753.994873046875,3969.535888671875,3753.994873046875,3958.894775390625,5302481574,2018,12,5,5,1,2,0.25,0.625,0.125,4369.784216308593,4440.07155473428,33.85265731356742,5562.645247874625,3176.923184742562,596.4305157830156
2018-12-06,3521.101806640625,3874.966064453125,3521.101806640625,3754.074462890625,5878333109,2018,12,6,2,5,5,0.4166666666666667,0.1666666666666666,0.4166666666666667,4267.06181640625,4352.550626344408,33.895723408625926,5373.427244997475,3160.6963878150245,553.1827142956126
2018-12-07,3419.937255859375,3512.59033203125,3280.228759765625,3512.59033203125,6835615448,2018,12,7,6,0,4,0.4,0.6,0.0,4160.342175292969,4263.730305345833,32.86414612780678,5149.43958414931,3171.244766436628,494.5487044281705
2018-12-08,3476.11474609375,3506.04345703125,3350.650634765625,3421.910400390625,5305024497,2018,12,8,6,1,2,0.2222222222222222,0.6666666666666666,0.1111111111111111,4052.970910644531,4188.719299702777,41.18491454654746,4812.976093018098,3292.965728270964,380.0025911867838
2018-12-09,3614.234375,3685.3056640625,3469.09423828125,3473.2275390625,4947372847,2018,12,9,7,1,5,0.3846153846153846,0.5384615384615384,0.0769230769230769,3990.108117675781,4134.006449731084,41.412345562849445,4668.669857713949,3311.5463776376137,339.2808700190837
2018-12-10,3502.656005859375,3647.33251953125,3470.14453125,3612.04638671875,5020968740,2018,12,10,7,2,4,0.3076923076923077,0.5384615384615384,0.1538461538461538,3942.647412109375,4073.8778360290166,43.67288663495168,4617.995854279267,3267.298969939483,337.674221084946
2018-12-11,3424.588134765625,3513.18505859375,3392.25,3497.5546875,4696765188,2018,12,11,6,3,2,0.1818181818181818,0.5454545454545454,0.2727272727272727,3883.7683227539055,4012.04072162298,41.0833814914864,4521.285586554648,3246.2510589531653,318.75863190037063
2018-12-12,3486.9501953125,3534.228515625,3413.4814453125,3421.458251953125,4139364829,2018,12,12,6,2,4,0.3333333333333333,0.5,0.1666666666666666,3839.8188354492186,3962.0321000696,29.14237893852461,4458.285232537383,3221.352438361054,309.2331985440825
2018-12-13,3313.67724609375,3489.739501953125,3298.132080078125,3487.87939453125,4343372456,2018,12,13,3,1,6,0.6,0.3,0.1,3788.147204589844,3900.2840187385673,25.85652328131046,4400.813489123706,3175.480920055981,306.3331422669311
2018-12-14,3242.48486328125,3329.555908203125,3206.542236328125,3311.751953125,4372763663,2018,12,14,4,2,3,0.3333333333333333,0.4444444444444444,0.2222222222222222,3756.233447265625,3837.636480123585,28.578608700441777,4413.462140600928,3099.004753930321,328.61434666765194
2018-12-15,3236.76171875,3275.3779296875,3191.303466796875,3243.99755859375,3551763561,2018,12,15,6,0,4,0.4,0.6,0.0,3717.573034667969,3780.41031237372,19.756997118491583,4402.345219794912,3032.800849541026,342.3860925634715
2018-12-16,3252.839111328125,3305.753173828125,3233.81982421875,3236.274658203125,3744248994,2018,12,16,9,2,7,0.3888888888888889,0.5,0.1111111111111111,3691.25849609375,3730.165436083663,21.533463611629656,4405.869286941116,2976.647705246384,357.30539542368285
2018-12-17,3545.86474609375,3597.91796875,3253.123046875,3253.123046875,5409247918,2018,12,17,12,4,10,0.3846153846153846,0.4615384615384615,0.1538461538461538,3677.515734863281,3712.6129894179567,39.15272677942676,4392.215166098078,2962.816303628484,357.34971561739866
2018-12-18,3696.05908203125,3701.349365234375,3487.169189453125,3544.761474609375,5911325473,2018,12,18,8,3,6,0.3529411764705882,0.4705882352941176,0.1764705882352941,3649.4476928710938,3711.036426809699,42.29552339765154,4310.320521750858,2988.57486399133,330.4364144398819
2018-12-19,3745.95068359375,3949.322998046875,3687.22998046875,3706.824951171875,6810689119,2018,12,19,5,3,10,0.5555555555555556,0.2777777777777778,0.1666666666666666,3622.8028930664063,3714.361594122466,49.73878099701321,4216.37319507036,3029.232591062452,296.7851510019773
2018-12-20,4134.44140625,4191.228515625,3728.974609375,3742.195068359375,8927129279,2018,12,20,7,4,3,0.2142857142857142,0.5,0.2857142857142857,3628.6615356445313,3754.369195277469,68.08900499056394,4240.65249315727,3016.670578131793,305.9954787563693
2018-12-21,3896.543701171875,4198.4296875,3850.9462890625,4133.70361328125,7206015706,2018,12,21,6,4,5,0.3333333333333333,0.4,0.2666666666666666,3612.755126953125,3767.90962441027,63.00731167389199,4175.1417494253,3050.36850448095,281.1933112360875
2018-12-22,4014.1826171875,4014.1826171875,3855.739013671875,3898.083740234375,5605823233,2018,12,22,1,0,7,0.875,0.125,0.0,3606.470361328125,3791.364195150959,64.20804264103117,4146.415680697739,3066.5250419585104,269.97265968480724
2018-12-23,3998.980224609375,4085.7236328125,3976.40576171875,4020.99462890625,6151275490,2018,12,23,8,5,5,0.2777777777777778,0.4444444444444444,0.2777777777777778,3611.712829589844,3811.137150337475,60.86474884800855,4165.282159386645,3058.143499793043,276.7846648984005
2018-12-24,4078.59912109375,4271.79248046875,4000.331787109375,4000.331787109375,7240968501,2018,12,24,5,3,10,0.5555555555555556,0.2777777777777778,0.1666666666666666,3617.798095703125,3836.6097189809298,66.56288286163026,4189.715933403995,3045.880258002255,285.95891885043505
2018-12-25,3815.49072265625,4089.5615234375,3760.0205078125,4081.030517578125,6158207293,2018,12,25,4,2,3,0.3333333333333333,0.4444444444444444,0.2222222222222222,3620.8728881835937,3834.598385997627,60.16019369852837,4196.522870971734,3045.222905395454,287.8249913940699
2018-12-26,3857.297607421875,3893.359619140625,3769.86376953125,3819.666748046875,5326547918,2018,12,26,6,2,3,0.2727272727272727,0.5454545454545454,0.1818181818181818,3637.682678222656,3836.76021660946,59.72989764173568,4220.653705051776,3054.711651393536,291.4855134145601
2018-12-27,3654.83349609375,3874.4169921875,3645.448486328125,3854.6884765625,5130222366,2018,12,27,7,3,3,0.2307692307692307,0.5384615384615384,0.2307692307692307,3649.427490234375,3819.433862274631,58.82757616900115,4223.321769053287,3075.533211415463,286.947139409456
2018-12-28,3923.918701171875,3956.135986328125,3642.632080078125,3653.1318359375,5631554348,2018,12,28,3,2,7,0.5833333333333334,0.25,0.1666666666666666,3671.817687988281,3829.384799312464,65.99440736433607,4252.147223045072,3091.4881529314907,290.16476752839515
2018-12-29,3820.40869140625,3963.7587890625,3820.40869140625,3932.49169921875,4991655917,2018,12,29,6,1,4,0.3636363636363636,0.5454545454545454,0.0909090909090909,3682.1264038085938,3828.5299318928246,63.09793031686168,4265.466028619881,3098.786778997306,291.66981240564377
2018-12-30,3865.95263671875,3901.908935546875,3797.21923828125,3822.384765625,4770578575,2018,12,30,9,2,9,0.45,0.45,0.1,3700.2912353515626,3832.093999019103,63.579607842119394,4282.724886051676,3117.85758465145,291.21682535005635
2018-12-31,3742.700439453125,3868.742919921875,3725.867431640625,3866.839111328125,4661840806,2018,12,31,11,4,5,0.25,0.55,0.2,3716.1968505859377,3823.5803266794874,54.71416371027317,4284.122738444093,3148.2709627277827,283.9629439290776
2019-01-01,3843.52001953125,3850.913818359375,3707.231201171875,3746.71337890625,4324200990,2019,1,1,11,7,12,0.4,0.3666666666666666,0.2333333333333333,3734.025341796875,3825.4793450463208,53.6171987981318,4293.981012108386,3174.0696714853643,279.9778351557554
2019-01-02,3943.409423828125,3947.981201171875,3817.409423828125,3849.21630859375,5244856836,2019,1,2,11,6,12,0.4137931034482758,0.3793103448275862,0.2068965517241379,3765.5119506835936,3836.7107811207775,54.72767461171904,4295.990427225928,3235.0334741412594,265.2392382711671
2019-01-03,3836.7412109375,3935.68505859375,3826.222900390625,3931.048583984375,4530215219,2019,1,3,13,19,20,0.3846153846153846,0.25,0.3653846153846153,3795.2247680664063,3836.713679198561,41.76033131120051,4265.508995647085,3324.9405404857284,235.14211379033904
2019-01-04,3857.717529296875,3865.9345703125,3783.853759765625,3832.0400390625,4847965467,2019,1,4,6,3,5,0.3571428571428571,0.4285714285714285,0.2142857142857142,3826.27255859375,3838.714045874591,48.77873203523056,4216.492340578978,3436.0527766085224,195.10989099261397
2019-01-05,3845.194580078125,3904.903076171875,3836.900146484375,3851.973876953125,5137609824,2019,1,5,7,0,2,0.2222222222222222,0.7777777777777778,0.0,3855.89033203125,3839.331239608261,44.30812993194672,4137.7179748001045,3574.062689262396,140.91382138442722
2019-01-06,4076.632568359375,4093.29736328125,3826.51318359375,3836.51904296875,5597027440,2019,1,6,4,2,8,0.5714285714285714,0.2857142857142857,0.1428571428571428,3882.428723144531,3861.931366155986,52.282946918239865,4140.275247463788,3624.582198825274,128.9232621596285
2019-01-07,4025.248291015625,4092.613525390625,4020.89404296875,4078.5849609375,5228625637,2019,1,7,6,2,8,0.5,0.375,0.125,3898.88818359375,3877.485358999761,48.40502829382368,4148.53992083642,3649.23644635108,124.82586862133472
2019-01-08,4030.847900390625,4109.02099609375,3996.955322265625,4028.47216796875,5306593305,2019,1,8,5,2,9,0.5625,0.3125,0.125,3913.1330444335936,3892.0913153227,57.61000566111409,4158.517219622874,3667.748869244313,122.69208759464016
2019-01-09,4035.29638671875,4068.403564453125,4022.662841796875,4031.552001953125,5115905225,2019,1,9,2,3,3,0.375,0.25,0.375,3908.175793457032,3905.729893550896,56.46045596588417,4138.264391153341,3678.0871957607214,115.04429884815504
2019-01-10,3678.924560546875,4064.066650390625,3659.174560546875,4034.411376953125,6874143796,2019,1,10,13,3,3,0.1578947368421052,0.6842105263157895,0.1578947368421052,3897.294836425781,3884.1293856457514,50.78651345076131,4149.243678749138,3645.345994102425,125.97442116167824
2019-01-11,3687.365478515625,3713.8818359375,3653.06982421875,3674.015380859375,5538712865,2019,1,11,7,4,8,0.4210526315789473,0.3684210526315789,0.2105263157894736,3880.953979492188,3865.389965919072,40.693225159860816,4143.166689797973,3618.7412691864015,131.10635515289258
2019-01-12,3661.301025390625,3698.978271484375,3653.810791015625,3686.97314453125,4778170883,2019,1,12,6,3,4,0.3076923076923077,0.4615384615384615,0.2307692307692307,3864.07001953125,3845.952923963982,43.33396273389511,4137.529153203953,3590.610885858548,136.7295668363511
2019-01-13,3552.953125,3674.760009765625,3544.92724609375,3658.8681640625,4681302466,2019,1,13,5,2,3,0.3,0.5,0.2,3837.7877197265625,3818.0481812055073,37.54205135600197,4125.120395239564,3550.455044213561,143.6663377565005
2019-01-14,3706.05224609375,3727.836181640625,3552.28515625,3557.31103515625,5651384490,2019,1,14,7,7,8,0.3636363636363636,0.3181818181818182,0.3181818181818182,3832.3157958984375,3807.3819016710554,48.57518783646975,4125.544126334929,3539.087465461945,146.61416521824611
2019-01-15,3630.67529296875,3720.1533203125,3619.94921875,3704.21630859375,5537192302,2019,1,15,7,4,6,0.3529411764705882,0.4117647058823529,0.2352941176470588,3820.984680175781,3790.552700842263,41.55799109679533,4127.367816050337,3514.601544301225,153.19156793727797
2019-01-16,3655.0068359375,3685.777099609375,3624.67333984375,3631.509765625,5394457145,2019,1,16,1,2,2,0.4,0.2,0.4,3820.9933471679688,3777.643570851333,37.83183894517753,4127.356702321133,3514.629992014805,153.18167757658196
2019-01-17,3678.56396484375,3680.135986328125,3621.9609375,3651.87109375,5464420383,2019,1,17,6,3,10,0.5263157894736842,0.3157894736842105,0.1578947368421052,3808.7256103515615,3768.20741789823,42.82291000627876,4117.376478921906,3500.074741781219,154.32543428517158
2019-01-18,3657.83935546875,3682.52001953125,3637.080810546875,3677.990478515625,5002961727,2019,1,18,7,2,7,0.4375,0.4375,0.125,3800.597143554688,3757.696173857327,40.92871175011274,4116.431604445397,3484.7626826639776,157.91723044535496
2019-01-19,3728.568359375,3758.533447265625,3652.3779296875,3652.3779296875,5955691380,2019,1,19,8,2,7,0.4117647058823529,0.4705882352941176,0.1176470588235294,3793.7279296875,3754.922096287581,44.97263422259744,4109.553419489005,3477.9024398859947,157.9127449007526
2019-01-20,3601.013671875,3743.387939453125,3583.01953125,3725.446044921875,5582489560,2019,1,20,13,7,10,0.3333333333333333,0.4333333333333333,0.2333333333333333,3786.643591308594,3740.2641511054303,27.480816673028173,4113.453849615338,3459.833333001849,163.40512915337206
2019-01-21,3576.032470703125,3608.8408203125,3558.537109375,3600.372802734375,5004347059,2019,1,21,8,5,8,0.3809523809523809,0.3809523809523809,0.238095238095238,3773.2692138671873,3724.623038686164,28.185516321371168,4111.956501722544,3434.58192601183,169.34364392767858
2019-01-22,3604.5771484375,3620.74658203125,3539.721435546875,3575.081298828125,5313623556,2019,1,22,7,3,5,0.3333333333333333,0.4666666666666667,0.2,3756.327600097656,3713.19009675772,29.75100299512657,4093.072726702156,3419.5824734931566,168.37256330224986
2019-01-23,3585.123046875,3623.06787109375,3565.31396484375,3605.55712890625,5433755649,2019,1,23,4,3,9,0.5625,0.25,0.1875,3743.746691894531,3700.9932348641273,28.91614068788877,4086.588114988428,3400.905268800634,171.42071154694855
2019-01-24,3600.865478515625,3616.08740234375,3569.0927734375,3584.500244140625,5262869046,2019,1,24,6,3,7,0.4375,0.375,0.1875,3730.904089355469,3691.457258069032,44.63104626505668,4075.010311375687,3386.797867335251,172.05311101010895
2019-01-25,3599.765869140625,3612.927734375,3575.597412109375,3607.390380859375,5265847539,2019,1,25,8,3,8,0.4210526315789473,0.4210526315789473,0.1578947368421052,3718.6326538085937,3682.724744837755,43.91337507701411,4063.082280736367,3374.1830268808208,172.22481346388656
2019-01-26,3602.46044921875,3654.93310546875,3593.345947265625,3599.71533203125,5098183235,2019,1,26,8,7,3,0.1666666666666666,0.4444444444444444,0.3888888888888889,3694.9240478515626,3675.0805262073736,45.77438933946376,3998.4667868706,3391.381308832525,151.77136950951882
2019-01-27,3583.9658203125,3612.67138671875,3567.245849609375,3604.687255859375,5570752966,2019,1,27,16,4,6,0.2307692307692307,0.6153846153846154,0.1538461538461538,3672.8599243164062,3666.402935169767,52.55718168092602,3936.884458719553,3408.8353899132594,132.01226720157337
2019-01-28,3470.450439453125,3586.7509765625,3439.23291015625,3584.283203125,6908930483,2019,1,28,12,3,6,0.2857142857142857,0.5714285714285714,0.1428571428571428,3644.840051269531,3647.7407927205622,29.21651522754634,3864.039301162559,3425.6408013765035,109.59962494651388
2019-01-29,3448.116943359375,3476.0654296875,3400.81982421875,3468.8701171875,5897159493,2019,1,29,4,5,5,0.3571428571428571,0.2857142857142857,0.3571428571428571,3615.4810791015625,3628.728997543307,32.233008878280174,3758.555829044305,3472.40632915882,71.53737497137126
2019-01-30,3486.181640625,3495.1748046875,3429.387939453125,3443.89697265625,5955112627,2019,1,30,9,2,6,0.3529411764705882,0.5294117647058824,0.1176470588235294,3605.8439331054688,3615.153058789182,33.99731556049245,3756.680269738077,3455.0075964728603,75.41816831630418
2019-01-31,3457.792724609375,3504.804931640625,3447.915771484375,3485.4091796875,5831198271,2019,1,31,4,1,9,0.6428571428571429,0.2857142857142857,0.0714285714285714,3594.365295410156,3600.166360295867,29.263375238661325,3753.7775828820286,3434.953007938284,79.70614373593625
2019-02-01,3487.9453125,3501.9541015625,3431.591552734375,3460.547119140625,5422926707,2019,2,1,6,4,6,0.375,0.375,0.25,3585.697509765625,3589.4786414581654,34.31988528207199,3748.599177419396,3422.795842111854,81.4508338268853
2019-02-02,3521.060791015625,3523.287353515625,3467.57470703125,3484.6259765625,5071623601,2019,2,2,7,4,7,0.3888888888888889,0.3888888888888889,0.2222222222222222,3584.102893066406,3582.9626557017327,29.41950455775293,3748.966717523562,3419.23906860925,82.43191222857817
2019-02-03,3464.013427734375,3521.38818359375,3447.92431640625,3516.1396484375,5043937584,2019,2,3,17,4,15,0.4166666666666667,0.4722222222222222,0.1111111111111111,3572.0009521484376,3571.6341578000797,34.203063376019415,3734.692832979617,3409.3090713172587,81.34594041558945
2019-02-04,3459.154052734375,3476.223876953125,3442.5869140625,3467.211669921875,5332718886,2019,2,4,5,2,9,0.5625,0.3125,0.125,3563.4248901367187,3560.921766841441,35.867430741454044,3731.1005457553606,3395.7492345180767,83.83782780932093
2019-02-05,3466.357421875,3478.148193359375,3451.93701171875,3454.950927734375,5227549545,2019,2,5,8,4,8,0.4,0.4,0.2,3553.9924194335936,3551.915638749399,32.37739617210106,3721.199984479456,3386.784854387731,83.60378252293133
2019-02-06,3413.767822265625,3469.091796875,3398.5654296875,3469.091796875,5482196038,2019,2,6,15,1,5,0.238095238095238,0.7142857142857143,0.0476190476190476,3540.752612304688,3538.7587038461825,29.854853662526864,3708.361979245241,3373.143245364134,83.80468347027657
2019-02-07,3399.4716796875,3427.945556640625,3394.218505859375,3414.929443359375,5004962683,2019,2,7,8,1,7,0.4375,0.5,0.0625,3527.834228515625,3525.493272973927,26.24261927952763,3697.26334933423,3358.40510769702,84.71456040930263
2019-02-08,3666.7802734375,3695.614013671875,3391.023681640625,3401.37646484375,7735623101,2019,2,8,5,1,10,0.625,0.3125,0.0625,3524.74482421875,3538.9491777799817,54.85566440226669,3680.460828798515,3369.028819638985,77.85800228988258
2019-02-09,3671.20361328125,3679.94140625,3646.559326171875,3671.5859375,6158833645,2019,2,9,4,0,3,0.4285714285714285,0.5714285714285714,0.0,3528.2543212890623,3551.544838303912,54.9684780828802,3694.045826542828,3362.462816035297,82.89575262688278
2019-02-10,3690.188232421875,3695.0361328125,3640.97998046875,3673.201416015625,6282256903,2019,2,10,2,3,5,0.5,0.2,0.3,3533.962109375,3564.748971077051,57.67189273770441,3713.933261089368,3353.990957660632,89.98557585718414
2019-02-11,3648.4306640625,3695.613037109375,3642.287841796875,3695.613037109375,6277056434,2019,2,11,6,3,7,0.4375,0.375,0.1875,3536.15478515625,3572.7186561232843,64.34109686108076,3720.757392832105,3351.552177480395,92.30130383792748
2019-02-12,3653.528564453125,3668.5869140625,3618.556884765625,3642.751953125,6480384532,2019,2,12,3,2,6,0.5454545454545454,0.2727272727272727,0.1818181818181818,3539.575061035156,3580.414837868984,67.02429793684851,3730.426797804479,3348.723324265833,95.4258683846616
2019-02-13,3632.070556640625,3669.74658203125,3617.246337890625,3653.60400390625,6438903823,2019,2,13,9,1,12,0.5454545454545454,0.4090909090909091,0.0454545454545454,3541.1353149414062,3585.3344301329494,62.43337121569936,3734.589263967063,3347.6813659157497,96.72697451282832
2019-02-14,3616.880859375,3646.256591796875,3607.69775390625,3631.170166015625,6271044418,2019,2,14,5,2,3,0.3,0.5,0.2,3541.991064453125,3588.338851965525,63.87032889468618,3736.684477333885,3347.297651572366,97.34670644037976
2019-02-15,3620.810791015625,3647.795166015625,3608.20654296875,3617.368408203125,6091952231,2019,2,15,4,3,6,0.4615384615384615,0.3076923076923077,0.2307692307692307,3542.908581542969,3591.431417589344,62.13913304939683,3738.970016538953,3346.8471465469847,98.03071749799211
2019-02-16,3629.78759765625,3652.84130859375,3615.270263671875,3615.270263671875,5934744052,2019,2,16,2,1,3,0.5,0.3333333333333333,0.1666666666666666,3545.199670410156,3595.0843871195257,60.39210177396931,3744.328137122234,3346.071203698078,99.564233356039
2019-02-17,3673.836181640625,3680.537353515625,3619.18212890625,3633.359375,7039512503,2019,2,17,3,2,6,0.5454545454545454,0.2727272727272727,0.1818181818181818,3555.3689575195312,3602.584558026297,70.56587664025163,3759.1435033181815,3351.594411720881,101.887272899325
2019-02-18,3915.71435546875,3936.6650390625,3669.982421875,3671.369873046875,9908216640,2019,2,18,6,1,8,0.5333333333333333,0.4,0.0666666666666666,3578.748828125,3632.406443497007,80.55377014307444,3832.002499783151,3325.495156466849,126.62683582907545
2019-02-19,3947.094482421875,4010.87939453125,3908.153076171875,3911.66162109375,9933626655,2019,2,19,6,3,12,0.5714285714285714,0.2857142857142857,0.1428571428571428,3601.794470214844,3662.376732918423,81.16330618933233,3899.5547269883537,3304.034213441334,148.880128386755
2019-02-20,3999.820556640625,4000.486328125,3926.246826171875,3946.68505859375,8693373948,2019,2,20,3,6,8,0.4705882352941176,0.1764705882352941,0.3529411764705882,3628.895861816406,3694.514239939585,87.98357027256081,3967.356499081152,3290.43522455166,169.23031863237287
2019-02-21,3954.1181640625,4010.009521484375,3940.108154296875,4000.2568359375,7775128102,2019,2,21,6,3,11,0.55,0.3,0.15,3652.2045043945313,3719.238423189386,84.54183976874717,4013.2485303709095,3291.160478418153,180.52201298818912
2019-02-22,4005.526611328125,4006.538330078125,3950.81640625,3952.406494140625,7826525254,2019,2,22,3,2,5,0.5,0.3,0.2,3676.427795410156,3746.503964916885,78.85591642940776,4064.4262293271,3288.429361493213,193.9992169584715
2019-02-23,4142.52685546875,4166.2861328125,3968.726806640625,3998.916259765625,8922258316,2019,2,23,1,0,4,0.8,0.2,0.0,3710.353466796875,3784.220430683729,82.75177030635545,4136.890976479852,3283.815957113898,213.2687548414885
2019-02-24,3810.427490234375,4210.6416015625,3793.708984375,4145.4580078125,10794227451,2019,2,24,4,3,6,0.4615384615384615,0.3076923076923077,0.2307692307692307,3727.917138671875,3786.716341117124,55.82185983656709,4139.571487083162,3316.262790260588,205.8271742056435
2019-02-25,3882.6962890625,3913.707275390625,3807.00244140625,3807.00244140625,9318796067,2019,2,25,10,5,11,0.4230769230769231,0.3846153846153846,0.1923076923076923,3748.73408203125,3795.857288540493,61.017373784135934,4146.572421195176,3350.8957428673243,198.9191695819629
2019-02-26,3854.35791015625,3891.578857421875,3837.986328125,3878.697265625,7931218996,2019,2,26,8,3,8,0.4210526315789473,0.4210526315789473,0.1578947368421052,3770.763586425781,3801.428776313423,59.24283946996741,4138.131436242607,3403.395736608956,183.68392490841268
2019-02-27,3851.04736328125,3888.802490234375,3787.058837890625,3857.479736328125,8301309684,2019,2,27,4,3,4,0.3636363636363636,0.3636363636363636,0.2727272727272727,3793.3423706054687,3806.1543560246446,60.2492513569049,4117.605965797184,3469.078775413753,162.13179759585765
2019-02-28,3854.785400390625,3906.058349609375,3845.8212890625,3848.261962890625,8399767798,2019,2,28,10,4,9,0.391304347826087,0.4347826086956521,0.1739130434782608,3802.742626953125,3810.7858840595,61.25582943703122,4122.42591137965,3483.0593425266006,159.84164221326233
2019-03-01,3859.583740234375,3907.79541015625,3851.6923828125,3853.757080078125,7661247975,2019,3,1,9,4,6,0.3157894736842105,0.4736842105263157,0.2105263157894736,3812.161633300781,3815.433298933298,61.28764051064647,4126.583980019989,3497.7392865815737,157.21117335960383
2019-03-02,3864.4150390625,3874.607421875,3832.1279296875,3855.318115234375,7578786076,2019,3,2,9,5,14,0.5,0.3214285714285714,0.1785714285714285,3820.872973632812,3820.0982265646503,61.13531208128189,4130.686794274244,3511.059152991381,154.9069103207157
2019-03-03,3847.17578125,3875.483642578125,3836.90576171875,3862.26611328125,7253558152,2019,3,3,37,32,63,0.4772727272727273,0.2803030303030303,0.2424242424242424,3830.8102294921873,3822.677041296589,58.44142935714502,4129.899152342342,3531.7213066420327,149.54446142507734
2019-03-04,3761.55712890625,3867.3818359375,3733.749755859375,3845.091552734375,9029175788,2019,3,4,12,3,5,0.25,0.6,0.15,3836.211657714844,3816.8560972594137,41.145070797026094,4125.563407797415,3546.859907632273,144.6758750412853
2019-03-05,3896.375,3903.916748046875,3745.18310546875,3759.83251953125,10174126415,2019,3,5,6,6,11,0.4782608695652174,0.2608695652173913,0.2608695652173913,3849.426879882813,3824.4293260918503,47.39605699051287,4123.247514309009,3575.6062454566163,136.91031721309815
2019-03-06,3903.942626953125,3919.510498046875,3871.460693359375,3897.0810546875,9175291529,2019,3,6,7,5,4,0.25,0.4375,0.3125,3863.779968261719,3832.002021411972,44.838275173522575,4115.476676448714,3612.083260074724,125.8483540934975
2019-03-07,3911.484375,3939.373291015625,3894.113037109375,3903.384765625,9584165519,2019,3,7,6,1,5,0.4166666666666667,0.5,0.0833333333333333,3878.313647460937,3839.571769372737,47.606399456112015,4103.064030186263,3653.563264735611,112.37519136266307
2019-03-08,3901.131591796875,3950.43212890625,3875.228515625,3913.225830078125,10638638944,2019,3,8,7,5,6,0.3333333333333333,0.3888888888888889,0.2777777777777778,3891.880847167969,3845.434609603607,43.85566807658021,4083.8290704698215,3699.932623866116,95.9741116509265
2019-03-09,3963.313720703125,3987.23779296875,3892.390380859375,3894.552490234375,10796103518,2019,3,9,1,1,5,0.7142857142857143,0.1428571428571428,0.1428571428571428,3906.3547241210936,3856.661191613085,38.43345704686544,4070.754038380127,3741.95540986206,82.19965712951668
2019-03-10,3951.599853515625,3966.17431640625,3924.381103515625,3966.17431640625,9713267607,2019,3,10,6,2,2,0.2,0.6,0.2,3908.1489990234377,3865.7029689371366,65.53668885674182,4073.757300111119,3742.540697935756,82.8041505438407
2019-03-11,3905.227294921875,3966.384765625,3889.239013671875,3953.740234375,10125901903,2019,3,11,3,1,5,0.5555555555555556,0.3333333333333333,0.1111111111111111,3906.0556396484376,3869.467190459493,52.62952745607672,4070.646463851792,3741.464815445083,82.29541210167731
2019-03-12,3909.15625,3926.88916015625,3863.55908203125,3903.75830078125,9809887079,2019,3,12,8,1,1,0.1,0.8,0.1,3901.522424316406,3873.247100891922,56.781743250102735,4060.124817281548,3742.9200313512647,79.3011964825707
2019-03-13,3906.71728515625,3926.59765625,3891.904296875,3913.04736328125,9469184841,2019,3,13,5,3,1,0.1111111111111111,0.5555555555555556,0.3333333333333333,3899.152380371094,3876.4347374885247,56.90450380616132,4055.850714813879,3742.454045928309,78.34916722139246
2019-03-14,3924.369140625,3946.50439453125,3901.296875,3905.576904296875,10480789570,2019,3,14,3,2,6,0.5454545454545454,0.2727272727272727,0.1818181818181818,3895.0945068359374,3880.9999187396174,58.34225566233732,4044.214260418071,3745.974753253804,74.55987679106671
2019-03-15,3960.9111328125,3968.54296875,3914.015380859375,3926.663330078125,9394210605,2019,3,15,4,3,6,0.4615384615384615,0.3076923076923077,0.2307692307692307,3886.013720703125,3888.6105105560814,61.28871343530893,3985.575050000108,3786.452391406142,49.78066464849137
2019-03-16,4048.725830078125,4077.036376953125,3961.657470703125,3963.900146484375,9856166973,2019,3,16,0,2,3,0.6,0.0,0.4,3897.928637695312,3903.8595886058006,67.32951271771013,4014.9143086543513,3780.942966736273,58.49283547951946
2019-03-17,4025.22900390625,4054.1220703125,4006.4111328125,4047.719482421875,8221625400,2019,3,17,3,2,4,0.4444444444444444,0.3333333333333333,0.2222222222222222,3905.0552734375,3915.4185805391767,66.54645083478007,4034.803535203596,3775.307011671404,64.87413088304777
2019-03-18,4032.50732421875,4071.556640625,4009.1171875,4029.968505859375,9646954186,2019,3,18,2,3,5,0.5,0.2,0.3,3913.962744140625,3926.569889461041,79.47031544421148,4053.1720498012414,3774.753438480008,69.60465283030857
2019-03-19,4071.190185546875,4082.216064453125,4023.8125,4032.69189453125,9344919956,2019,3,19,8,7,9,0.375,0.3333333333333333,0.2916666666666667,3924.9698852539054,3940.343250993025,74.0417939473382,4077.4168225552494,3772.5229479525615,76.2234686506719
2019-03-20,4087.476318359375,4089.4619140625,4031.11083984375,4070.7939453125,10175916388,2019,3,20,7,3,6,0.375,0.4375,0.1875,3936.604431152344,3954.355924075535,74.64970876282237,4101.506668224751,3771.702194079937,82.45111853620348
2019-03-21,4029.326904296875,4097.35986328125,4005.1513671875,4083.953857421875,10831212662,2019,3,21,4,0,2,0.3333333333333333,0.6666666666666666,0.0,3945.091589355469,3961.496017429949,63.932955501300974,4110.773710564042,3779.409468146896,82.84106060428626
2019-03-22,4023.96826171875,4053.90673828125,4021.54248046875,4028.5146484375,9252935969,2019,3,22,3,3,3,0.3333333333333333,0.3333333333333333,0.3333333333333333,3953.069250488281,3967.445754981263,64.69699545541381,4117.757247207919,3788.381253768644,82.34399835981894
2019-03-23,4035.826416015625,4049.882568359375,4015.964599609375,4022.71337890625,9578850549,2019,3,23,6,1,4,0.3636363636363636,0.5454545454545454,0.0909090909090909,3962.501782226562,3973.958198889298,59.86370700992309,4123.214678097096,3801.788886356029,80.35644793526677
2019-03-24,4022.168212890625,4040.69970703125,4006.19287109375,4035.16357421875,9144851065,2019,3,24,6,1,4,0.3636363636363636,0.5454545454545454,0.0909090909090909,3975.532336425781,3978.5496287941855,59.54871480445894,4107.298826987561,3843.7658458640008,65.88324528089005
2019-03-25,3963.070556640625,4038.8408203125,3934.03125,4024.11279296875,10359818883,2019,3,25,8,7,7,0.3181818181818182,0.3636363636363636,0.3181818181818182,3978.867114257812,3977.0754314462274,57.56630085854838,4105.473371147937,3852.260857367688,63.303128445062185
2019-03-26,3985.080810546875,3985.080810546875,3944.753173828125,3969.228759765625,10707678815,2019,3,26,13,9,5,0.1851851851851851,0.4814814814814814,0.3333333333333333,3982.9240234375,3977.837848503432,59.48288952978148,4104.522323572407,3861.325723302593,60.79915006745362
2019-03-27,4087.066162109375,4087.066162109375,3977.810546875,3984.244873046875,10897131934,2019,3,27,9,5,15,0.5172413793103449,0.3103448275862069,0.1724137931034483,3991.703112792969,3988.240545037331,68.03956494579406,4116.884841583875,3866.521384002062,62.59086439545323
2019-03-28,4069.107177734375,4094.902099609375,4040.266357421875,4087.58447265625,9353915899,2019,3,28,10,5,4,0.2105263157894736,0.5263157894736842,0.2631578947368421,4000.101892089844,3995.942129103716,64.4686676165248,4122.199444796032,3878.0043393836554,61.04877635309454
2019-03-29,4098.37451171875,4113.5009765625,4034.09716796875,4068.2998046875,10918665557,2019,3,29,4,2,6,0.5,0.3333333333333333,0.1666666666666666,4006.854931640625,4005.697594114672,63.94426750803644,4135.167195599962,3878.542667681289,64.15613197966825
2019-03-30,4106.66015625,4296.806640625,4053.90966796875,4092.13623046875,9732688060,2019,3,30,4,1,4,0.4444444444444444,0.4444444444444444,0.1111111111111111,4014.607946777344,4015.313076222798,57.00749891181027,4147.518641343511,3881.697252211176,66.45534728308391
2019-03-31,4105.404296875,4113.0234375,4094.100830078125,4105.4560546875,9045122443,2019,3,31,3,6,1,0.1,0.3,0.6,4024.616796875,4023.893192475388,60.24911365225207,4152.91436140288,3896.31923234712,64.14878226393992
2019-04-01,4158.18310546875,4164.953125,4096.9013671875,4105.3623046875,10157794171,2019,4,1,12,6,11,0.3793103448275862,0.4137931034482758,0.2068965517241379,4037.068139648437,4036.682707998566,64.3914562889653,4166.515841929236,3907.62043736764,64.72385114039895
2019-04-02,4879.8779296875,4905.95458984375,4155.31689453125,4156.91943359375,21315047816,2019,4,2,6,8,23,0.6216216216216216,0.1621621621621621,0.2162162162162162,4085.726171875,4116.987014826083,86.11356964475225,4476.563135094383,3694.889208655617,195.4184816096915
2019-04-03,4973.02197265625,5307.00341796875,4876.62109375,4879.9580078125,22899891582,2019,4,3,8,6,15,0.5172413793103449,0.2758620689655172,0.2068965517241379,4138.1588134765625,4198.514153667052,87.00557063562297,4687.196897589807,3589.1207293633183,274.5190420566221
2019-04-04,4922.798828125,5063.15966796875,4836.7939453125,4971.3076171875,18251810240,2019,4,4,3,1,4,0.5,0.375,0.125,4186.253198242188,4267.493646472571,87.5857851771348,4830.226914598457,3542.279481885919,321.9868581781345
2019-04-05,5036.68115234375,5053.509765625,4919.49169921875,4922.80615234375,16837325387,2019,4,5,5,3,9,0.5294117647058824,0.2941176470588235,0.1764705882352941,4235.650964355469,4340.749599412683,89.03756199034656,4979.091945927358,3492.20998278358,371.7204907859445
2019-04-06,5059.8173828125,5205.82177734375,4992.22216796875,5036.79296875,16929795194,2019,4,6,6,2,6,0.4285714285714285,0.4285714285714285,0.1428571428571428,4287.380383300781,4409.232245450761,89.13205696682607,5109.034756830492,3465.7260097710714,410.82718676485496
2019-04-07,5198.89697265625,5235.1865234375,5050.412109375,5062.7939453125,16655416140,2019,4,7,6,7,5,0.2777777777777778,0.3333333333333333,0.3888888888888889,4345.699865722656,4484.438409946522,91.03531593290816,5252.362867718402,3439.0368637269094,453.3315009978734
2019-04-08,5289.77099609375,5318.83642578125,5148.2119140625,5199.83544921875,17154113634,2019,4,8,4,6,6,0.375,0.25,0.375,4406.62890625,4561.136751484354,95.26206975477766,5395.657916653218,3417.599895846781,494.5145052016093
2019-04-09,5204.95849609375,5289.91796875,5167.4189453125,5289.91796875,14722104361,2019,4,9,7,11,9,0.3333333333333333,0.2592592592592592,0.4074074074074074,4462.503015136719,4622.45310811382,89.90757381627122,5500.657324732279,3424.348705541159,519.0771547977802
2019-04-10,5324.5517578125,5421.6513671875,5193.38232421875,5204.10546875,15504590933,2019,4,10,9,2,4,0.2666666666666666,0.6,0.1333333333333333,4527.2642578125,4689.319646180362,90.0225208259605,5612.183549568401,3442.344966056598,542.4596458779508
2019-04-11,5064.48779296875,5354.2255859375,5017.29638671875,5325.08154296875,16555616019,2019,4,11,7,3,8,0.4444444444444444,0.3888888888888889,0.1666666666666666,4579.290234375,4725.049945874494,77.8336031986792,5662.380851472377,3496.1996172776235,541.5453085486885
2019-04-12,5089.5390625,5103.2744140625,4955.8525390625,5061.20068359375,13675206312,2019,4,12,5,2,6,0.4615384615384615,0.3846153846153846,0.1538461538461538,4631.975866699218,4759.763195076924,77.78121447635982,5706.233557109815,3557.718176288622,537.128845205298
2019-04-13,5096.58642578125,5127.1220703125,5061.58935546875,5088.85009765625,10823289598,2019,4,13,1,3,3,0.4285714285714285,0.1428571428571428,0.4285714285714285,4685.69677734375,4791.841598001145,77.76578054207236,5738.804399458056,3632.589155229444,526.553811057153
2019-04-14,5167.72216796875,5184.01611328125,5053.568359375,5095.7587890625,10391952498,2019,4,14,2,0,4,0.6666666666666666,0.3333333333333333,0.0,4745.929357910156,4827.639747521869,78.6722826180068,5762.168031695757,3729.690684124555,508.1193368928005
2019-04-15,5067.1083984375,5196.60693359375,5024.0693359375,5167.32177734375,12290155061,2019,4,15,7,4,6,0.3529411764705882,0.4117647058823529,0.2352941176470588,4800.030737304687,4850.446285704311,73.91465551330563,5759.333798903348,3840.727675706026,479.6515307993304
2019-04-16,5235.5595703125,5238.9453125,5055.19482421875,5066.57763671875,11618660197,2019,4,16,7,7,5,0.2631578947368421,0.3684210526315789,0.3684210526315789,4857.455407714844,4887.123741381281,63.20167111412683,5773.587006217125,3941.323809212563,458.0657992511405
2019-04-17,5251.93798828125,5274.275390625,5219.20556640625,5236.13525390625,12438480677,2019,4,17,4,2,5,0.4545454545454545,0.3636363636363636,0.1818181818181818,4916.596948242188,4921.867955371755,60.977982535779056,5768.941132584619,4064.252763899757,426.17209217121535
2019-04-18,5298.3857421875,5319.986328125,5250.5068359375,5251.48046875,13256489918,2019,4,18,4,4,5,0.3846153846153846,0.3076923076923077,0.3076923076923077,4976.597509765625,4957.72679221135,64.82696140605182,5751.887441360737,4201.307578170512,387.6449657975563
2019-04-19,5303.8125,5336.68017578125,5233.3349609375,5298.154296875,13780238655,2019,4,19,4,3,4,0.3636363636363636,0.3636363636363636,0.2727272727272727,5036.455126953125,4990.687335810268,61.53305509329783,5706.682697847894,4366.227556058356,335.11378544738443
2019-04-20,5337.88623046875,5358.49072265625,5295.8779296875,5304.16064453125,13169647522,2019,4,20,3,3,5,0.4545454545454545,0.2727272727272727,0.2727272727272727,5098.0792236328125,5023.753897206314,61.89294770348336,5617.54822597765,4578.610221287975,259.73450117241856
2019-04-21,5314.53125,5359.9248046875,5257.33935546875,5335.87890625,13731844223,2019,4,21,5,1,6,0.5,0.4166666666666667,0.0833333333333333,5155.896630859375,5051.44697842476,55.4890138136824,5438.131294736984,4873.661966981766,141.11733193880468
2019-04-22,5399.365234375,5422.6875,5280.27685546875,5312.49462890625,14601631648,2019,4,22,6,3,6,0.4,0.4,0.2,5181.87099609375,5084.582050420022,55.23230414963548,5452.529145450071,4911.21284673743,135.32907467816057
2019-04-23,5572.3623046875,5633.80224609375,5389.40869140625,5399.36572265625,15867308108,2019,4,23,4,6,9,0.4736842105263157,0.2105263157894736,0.3157894736842105,5211.8380126953125,5131.0373127312105,66.1785011961172,5515.801416457991,4907.874608932634,151.98170188133906
2019-04-24,5464.86669921875,5642.04443359375,5418.26318359375,5571.50830078125,17048033399,2019,4,24,9,6,11,0.4230769230769231,0.3461538461538461,0.2307692307692307,5238.94140625,5162.830587634786,56.24525952279014,5530.81675944806,4947.06605305194,145.93767659903003
2019-04-25,5210.515625,5542.23828125,5181.3388671875,5466.5244140625,15330283408,2019,4,25,6,4,8,0.4444444444444444,0.3333333333333333,0.2222222222222222,5247.633129882813,5167.372019764806,56.5327560709753,5524.094299558112,4971.171960207514,138.23058483764953
2019-04-26,5279.34814453125,5383.63427734375,5177.36865234375,5210.3046875,16812108040,2019,4,26,8,7,4,0.2105263157894736,0.4210526315789473,0.3684210526315789,5258.60966796875,5178.036412599706,58.171282701085374,5520.733622835488,4996.485713102012,131.06197743336895
2019-04-27,5268.291015625,5310.75,5233.6357421875,5279.47119140625,13111274675,2019,4,27,2,1,5,0.625,0.25,0.125,5262.079370117188,5186.632089078305,57.36645214323032,5522.708141198177,5001.450599036199,130.31438554049456
2019-04-28,5285.13916015625,5326.23193359375,5255.68359375,5271.74658203125,12819992056,2019,4,28,6,3,7,0.4375,0.375,0.1875,5261.8477783203125,5196.013714895253,55.28352214302664,5522.381157359443,5001.314399281182,130.26668951956506
2019-04-29,5247.3525390625,5311.27490234375,5216.48779296875,5284.8583984375,13735490672,2019,4,29,7,5,8,0.4,0.35,0.25,5263.96748046875,5200.903126720705,58.59668652392419,5523.238789841882,5004.696171095618,129.63565468656583
2019-04-30,5350.7265625,5363.25732421875,5224.18994140625,5247.72607421875,13878964574,2019,4,30,10,5,11,0.4230769230769231,0.3846153846153846,0.1923076923076923,5265.276220703125,5215.172025366352,55.85639853166689,5526.094804149811,5004.457637256438,130.4092917233432
2019-05-01,5402.697265625,5418.00390625,5347.64599609375,5350.91455078125,13679528236,2019,5,1,4,8,9,0.4285714285714285,0.1904761904761904,0.3809523809523809,5282.186694335937,5233.031572057652,57.39850139341178,5531.8071862805,5032.566202391375,124.81024597228154
2019-05-02,5505.28369140625,5522.2626953125,5394.21728515625,5402.4228515625,14644460907,2019,5,2,7,6,10,0.4347826086956521,0.3043478260869565,0.2608695652173913,5302.97392578125,5258.9603453289465,59.6232609624828,5554.282640406011,5051.665211156489,125.6543573123804
2019-05-03,5768.28955078125,5865.8818359375,5490.20166015625,5505.55224609375,18720780006,2019,5,3,19,16,17,0.3269230769230769,0.3653846153846153,0.3076923076923077,5336.55908203125,5307.467888705356,67.42789470077854,5644.815608500372,5028.302555562128,154.1282632345608
2019-05-04,5831.16748046875,5886.8935546875,5645.46923828125,5769.20263671875,17567780766,2019,5,4,1,5,3,0.3333333333333333,0.1111111111111111,0.5555555555555556,5369.73134765625,5357.34404030187,68.11706221822108,5738.364238540283,5001.098456772218,184.31644544201637
2019-05-05,5795.70849609375,5833.86279296875,5708.03515625,5831.068359375,14808830723,2019,5,5,3,4,4,0.3636363636363636,0.2727272727272727,0.3636363636363636,5406.161352539062,5399.093036091574,67.51676840703067,5792.455885827111,5019.866819251013,193.14726664402457
2019-05-06,5746.80712890625,5802.95751953125,5653.6875,5791.693359375,15737171804,2019,5,6,9,5,14,0.5,0.3214285714285714,0.1785714285714285,5431.72373046875,5432.208663978685,62.98806004039735,5837.64758622151,5025.799874715989,202.96192787638023
2019-05-07,5829.50146484375,5988.17822265625,5741.39599609375,5745.59912109375,18026409033,2019,5,7,9,3,10,0.4545454545454545,0.4090909090909091,0.1363636363636363,5460.601904296875,5470.046073584881,60.30832122000557,5893.925066449755,5027.278742143994,216.6615810764403
2019-05-08,5982.45751953125,5989.98095703125,5794.7158203125,5849.4814453125,15320605300,2019,5,8,7,9,10,0.3846153846153846,0.2692307692307692,0.3461538461538461,5494.805493164063,5518.847163675011,70.01973973465809,5979.198561837708,5010.412424490418,242.1965343368224
2019-05-09,6174.52880859375,6183.0390625,5982.31640625,5982.31640625,16784645411,2019,5,9,6,4,5,0.3333333333333333,0.4,0.2666666666666666,5538.34130859375,5581.293034619654,89.17410709856689,6100.697663351688,4975.984953835812,281.1781773789691
2019-05-10,6378.84912109375,6434.61767578125,6161.51904296875,6175.82275390625,19419875368,2019,5,10,6,6,7,0.3684210526315789,0.3157894736842105,0.3157894736842105,5590.389453125,5657.250757140996,90.24795326487408,6257.552044969404,4923.226861280596,333.5812959222022
2019-05-11,7204.771484375,7333.0029296875,6375.69873046875,6379.6669921875,28867562329,2019,5,11,3,3,4,0.4,0.3,0.3,5684.90146484375,5804.633683544234,94.3989175648523,6654.517159327929,4715.28577035957,484.8078472420896
2019-05-12,6972.37158203125,7503.8720703125,6815.77099609375,7203.50732421875,27773333680,2019,5,12,3,1,6,0.6,0.3,0.1,5763.551782226563,5915.846816733474,85.20456525654913,6879.754484196613,4647.349080256513,558.101350985025
2019-05-13,7814.9150390625,8047.4130859375,6898.2822265625,6971.17822265625,28677672181,2019,5,13,16,6,14,0.3888888888888889,0.4444444444444444,0.1666666666666666,5875.679418945312,6096.710456955286,90.10459106704914,7314.842252957336,4436.516584933288,719.5814170060121
2019-05-14,7994.416015625,8268.712890625,7696.39111328125,7807.88427734375,32031452227,2019,5,14,13,5,11,0.3793103448275862,0.4482758620689655,0.1724137931034483,6002.156884765625,6277.444319685735,90.33445346249236,7709.015963000231,4295.29780653102,853.4295391173025
2019-05-15,8205.16796875,8216.423828125,7899.10693359375,7989.37451171875,28344112920,2019,5,15,6,8,18,0.5625,0.1875,0.25,6151.889501953125,6461.037048168046,90.78110989056276,8077.706479950004,4226.072523956245,962.90848899844
2019-05-16,7884.9091796875,8320.82421875,7729.6083984375,8194.5009765625,33167197581,2019,5,16,9,6,9,0.375,0.375,0.25,6282.167553710938,6596.6439178365645,82.56492339733383,8309.31196853515,4255.023138886725,1013.5722074121062
2019-05-17,7343.8955078125,7929.1455078125,7038.12451171875,7886.92578125,30066644905,2019,5,17,18,5,9,0.28125,0.5625,0.15625,6385.947778320313,6667.810735929511,70.03735564413742,8407.055222885607,4364.84033375502,1010.5537222826466
2019-05-18,7271.2080078125,7447.27197265625,7251.50439453125,7341.66455078125,21354286562,2019,5,18,2,3,6,0.5454545454545454,0.1818181818181818,0.2727272727272727,6485.251220703125,6725.27714277551,68.26775954320985,8473.524222898577,4496.978218507672,994.1365010977264
2019-05-19,8197.689453125,8261.94140625,7267.962890625,7267.962890625,25902422040,2019,5,19,10,2,10,0.4545454545454545,0.4545454545454545,0.0909090909090909,6632.76806640625,6865.506886618318,74.8523461783797,8671.481150270183,4594.054982542317,1019.3565419319668
2019-05-20,7978.30908203125,8200.9677734375,7678.78173828125,8196.923828125,23843404340,2019,5,20,8,13,16,0.4324324324324324,0.2162162162162162,0.3513513513513513,6764.147192382812,6971.488048086217,72.30171690558015,8793.630307503206,4734.664077262418,1014.741557560197
2019-05-21,7963.32763671875,8062.16796875,7843.33984375,7977.96923828125,25127245056,2019,5,21,8,5,13,0.5,0.3076923076923077,0.1923076923076923,6892.1787109375,7065.948961289315,71.6181320834016,8882.732962464594,4901.624459410406,995.2771257635468
2019-05-22,7680.06640625,7997.6123046875,7615.9873046875,7956.2919921875,24719473175,2019,5,22,11,2,12,0.48,0.44,0.08,7000.917846679688,7124.436336999856,66.75633057353187,8908.341560636343,5093.494132723032,953.711856978328
2019-05-23,7881.8466796875,7943.79150390625,7533.19677734375,7677.26904296875,24457107820,2019,5,23,13,6,8,0.2962962962962963,0.4814814814814814,0.2222222222222222,7106.595703125,7196.570655351061,66.81992549485139,8959.90379651099,5253.287609739011,926.6540466929944
2019-05-24,7987.37158203125,8140.7197265625,7824.44873046875,7881.6953125,25919126991,2019,5,24,15,7,14,0.3888888888888889,0.4166666666666667,0.1944444444444444,7214.405908203125,7271.885029320602,66.16122022227961,9005.122019832499,5423.689796573752,895.3580558146871
2019-05-25,8052.5439453125,8117.92578125,7965.97607421875,7991.88525390625,22256813107,2019,5,25,7,4,1,0.0833333333333333,0.5833333333333334,0.3333333333333333,7327.2476806640625,7346.233497510307,60.05485165798917,9023.482683251552,5631.012678076573,848.1175012937445
2019-05-26,8673.2158203125,8687.5205078125,7924.67041015625,8055.2060546875,26677970091,2019,5,26,6,7,2,0.1333333333333333,0.4,0.4666666666666667,7473.568115234375,7472.61276634861,68.47133416827403,9099.17939316002,5847.9568373087295,812.8056389628225
2019-05-27,8805.7783203125,8907.1748046875,8668.705078125,8674.072265625,27949839564,2019,5,27,14,4,13,0.4193548387096774,0.4516129032258064,0.1290322580645161,7622.381958007812,7599.580914345172,62.722853447008966,9156.645011788514,6088.118904227112,767.1315268903504
2019-05-28,8719.9619140625,8807.0166015625,8634.7216796875,8802.7578125,24226919267,2019,5,28,16,9,12,0.3243243243243243,0.4324324324324324,0.2432432432432432,7759.257177734375,7706.283866699203,59.54579058797349,9160.155978839151,6358.358376629596,700.4494005523892
2019-05-29,8659.4873046875,8755.8525390625,8482.728515625,8718.591796875,23473479966,2019,5,29,16,5,8,0.2758620689655172,0.5517241379310345,0.1724137931034483,7883.505102539062,7797.065146507612,56.2234376559294,9124.239794320249,6642.7704107578775,620.3673458905922
2019-05-30,8319.47265625,9008.314453125,8221.2734375,8661.7607421875,29246528551,2019,5,30,16,5,15,0.4166666666666667,0.4444444444444444,0.1388888888888889,7980.536279296875,7846.818242673554,55.92076849324582,9011.635267166144,6949.4372914276055,515.5494939346349
2019-05-31,8574.501953125,8586.6591796875,8172.55078125,8320.2861328125,25365190957,2019,5,31,5,8,6,0.3157894736842105,0.2631578947368421,0.4210526315789473,8049.022802734375,7916.121453192739,68.1835851766684,9044.508450945576,7053.537154523173,497.74282410560096
2019-06-01,8564.0166015625,8625.6005859375,8481.578125,8573.83984375,22488303544,2019,6,1,8,3,4,0.2666666666666666,0.5333333333333333,0.2,8128.605053710938,7977.825753037478,69.4604151991147,9009.583520310049,7247.626587111827,440.4892332995557
2019-06-02,8742.9580078125,8809.3037109375,8561.2353515625,8565.4736328125,20266216022,2019,6,2,6,4,3,0.2307692307692307,0.4615384615384615,0.3076923076923077,8175.007202148437,8050.695491587479,60.591454450609376,9083.742525520507,7266.271878776367,454.3676616860352
2019-06-03,8208.9951171875,8743.5,8204.185546875,8741.7470703125,22004511436,2019,6,3,10,8,10,0.3571428571428571,0.3571428571428571,0.2857142857142857,8185.736157226563,8065.771646406529,53.99293274273308,9090.552423532028,7280.919890921097,452.4081331527325
2019-06-04,7707.77099609375,8210.9853515625,7564.48876953125,8210.9853515625,24609731549,2019,6,4,9,6,6,0.2857142857142857,0.4285714285714285,0.2857142857142857,8160.86630859375,8031.67634637674,46.21388805296419,9090.438046144158,7231.294571043341,464.7858687752043
2019-06-05,7824.2314453125,7901.84912109375,7668.66845703125,7704.34326171875,21760923463,2019,6,5,4,6,6,0.375,0.25,0.375,8157.832421875,8011.919689132527,52.24687651821124,9091.583067870302,7224.0817758796975,466.8753229976514
2019-06-06,7822.0234375,7937.3408203125,7571.47119140625,7819.63330078125,19474611077,2019,6,6,3,5,6,0.4285714285714285,0.2142857142857142,0.3571428571428571,8181.738818359375,7993.834331834192,49.00577910472566,9049.927839169826,7313.549797548923,434.0945104052259
2019-06-07,8043.951171875,8126.1533203125,7788.37353515625,7826.9013671875,19141423231,2019,6,7,6,5,5,0.3125,0.375,0.3125,8220.3759765625,7998.607364219031,50.90528744116511,8979.930598693601,7460.821354431399,379.7773110655504
2019-06-08,7954.1279296875,8076.89111328125,7837.61083984375,8036.77490234375,16522722810,2019,6,8,3,0,3,0.5,0.5,0.0,8208.197900390625,7994.371227596981,48.437643886737945,8977.0374288308,7439.358371950451,384.4197642200871
2019-06-09,7688.0771484375,7975.97412109375,7583.2197265625,7949.6748046875,16610726547,2019,6,9,4,1,5,0.5,0.4,0.1,8193.686303710938,7965.200362915126,32.376650951883974,8991.216378561014,7396.156228860862,398.765037425038
2019-06-10,8000.32958984375,8031.90966796875,7586.73095703125,7692.28466796875,18689275117,2019,6,10,6,9,11,0.4230769230769231,0.2307692307692307,0.3461538461538461,8195.536401367188,7968.546003574996,36.46155111342885,8990.985403006362,7400.087399728015,397.7245008195864
2019-06-11,7927.71435546875,8026.39404296875,7772.8037109375,8004.24365234375,17107279932,2019,6,11,2,4,10,0.625,0.125,0.25,8207.918798828125,7964.657275183925,36.62408362875347,8976.850203551534,7438.987394104715,384.4657023617048
2019-06-12,8145.857421875,8196.6484375,7862.35986328125,7925.43408203125,19034432883,2019,6,12,2,5,4,0.3636363636363636,0.1818181818181818,0.4545454545454545,8221.1193359375,7981.914432011647,41.766478876943566,8975.406333332501,7466.832338542496,377.1434986975012
2019-06-13,8230.923828125,8311.5673828125,8087.06103515625,8145.54541015625,18669407147,2019,6,13,9,6,5,0.25,0.45,0.3,8233.296948242187,8005.629612593871,48.45420843517969,8979.515398601348,7487.078497883026,373.1092251795804
2019-06-14,8693.8330078125,8710.63671875,8183.39306640625,8230.8984375,19831162906,2019,6,14,1,4,5,0.5,0.1,0.4,8265.361401367187,8071.172793090884,51.942192764956445,9033.66213954893,7497.060663185445,384.1503690908708
2019-06-15,8838.375,8859.1279296875,8618.3955078125,8689.74609375,18371033226,2019,6,15,0,2,2,0.5,0.0,0.5,8273.619360351562,8144.239669939371,54.278657745759006,9063.62190462642,7483.616816076705,395.0012721374287
2019-06-16,8994.48828125,9335.8671875,8814.556640625,8841.4404296875,23348550311,2019,6,16,6,2,4,0.3333333333333333,0.5,0.1666666666666666,8283.054858398438,8225.21572815943,53.950780102942055,9103.731391227337,7462.378325569542,410.3382664144481
2019-06-17,9320.3525390625,9416.4072265625,8988.923828125,8988.923828125,15562951919,2019,6,17,9,4,15,0.5357142857142857,0.3214285714285714,0.1428571428571428,8313.074389648438,8329.514472054962,68.67701917380165,9238.305242512955,7387.843536783922,462.6154264322583
2019-06-18,9081.7626953125,9348.3740234375,9004.9013671875,9335.466796875,15848210536,2019,6,18,5,9,8,0.3636363636363636,0.2272727272727272,0.4090909090909091,8334.188159179688,8401.15715998425,75.32642045889222,9310.562936336317,7357.81338202306,488.1873885783143
2019-06-19,9273.521484375,9299.62109375,9070.3955078125,9078.7275390625,15546809946,2019,6,19,7,2,3,0.25,0.5833333333333334,0.1666666666666666,8381.890600585937,8484.239476592893,75.99283725886437,9444.64092452899,7319.140276642883,531.3751619715271
2019-06-20,9527.16015625,9594.419921875,9232.484375,9273.060546875,17846823784,2019,6,20,7,2,3,0.25,0.5833333333333334,0.1666666666666666,8429.523510742187,8583.565255607855,78.05151791090528,9607.746707527123,7251.300313957249,589.1115983924687
2019-06-21,10144.556640625,10144.556640625,9525.07421875,9525.07421875,20624008643,2019,6,21,1,2,12,0.8,0.0666666666666666,0.1333333333333333,8508.550512695312,8732.231101799964,80.57860262629514,9914.728006636233,7102.373018754392,703.0887469704604
2019-06-22,10701.69140625,11157.345703125,10107.03515625,10175.923828125,29995204861,2019,6,22,0,3,5,0.625,0.0,0.375,8606.487182617188,8919.798749842825,85.20643938208961,10320.542405895132,6892.431959339243,857.0276116389721
2019-06-23,10855.37109375,11246.14453125,10556.095703125,10696.69140625,20998326502,2019,6,23,3,1,4,0.5,0.375,0.125,8738.805981445312,9104.13897307208,91.78814309020352,10712.567756028457,6765.044206862169,986.8808872915712
2019-06-24,11011.1025390625,11065.896484375,10610.427734375,10853.744140625,19271652365,2019,6,24,9,5,10,0.4166666666666667,0.375,0.2083333333333333,8903.97255859375,9285.754550785454,91.43436845622873,11058.988366030124,6748.956751157376,1077.5079037181872
2019-06-25,11790.9169921875,11790.9169921875,11007.2021484375,11007.2021484375,24879684533,2019,6,25,4,2,6,0.5,0.3333333333333333,0.1666666666666666,9102.3068359375,9524.3414499666,94.50302240844772,11549.273591932484,6655.340079942514,1223.4833779974929
2019-06-26,13016.2314453125,13796.4892578125,11755.59765625,11778.5810546875,45105733173,2019,6,26,8,7,12,0.4444444444444444,0.2962962962962963,0.2592592592592592,9362.017236328124,9856.902401904304,95.53833665546912,12291.792164799504,6432.242307856746,1464.887464235689
2019-06-27,11182.806640625,13311.14453125,10491.8525390625,13017.125,39977475223,2019,6,27,8,5,11,0.4583333333333333,0.3333333333333333,0.2083333333333333,9518.960009765626,9983.17899606818,70.79988285508794,12487.474279173606,6550.445740357644,1484.2571347039907
2019-06-28,12407.33203125,12445.1748046875,10914.4951171875,11162.16796875,35087757766,2019,6,28,10,3,9,0.4090909090909091,0.4545454545454545,0.1363636363636363,9741.62021484375,10214.050713704544,73.63019814919237,12879.16225494349,6604.07817474401,1568.77102004987
2019-06-29,11959.37109375,12400.91015625,11508.37890625,12400.763671875,29923961128,2019,6,29,4,3,2,0.2222222222222222,0.4444444444444444,0.3333333333333333,9955.184912109376,10380.271702280304,69.12153082336442,13085.646118774215,6824.723705444534,1565.2306033324203
2019-06-30,10817.1552734375,12178.3837890625,10799.0087890625,11931.9912109375,27256473494,2019,6,30,6,3,1,0.1,0.6,0.3,10096.026196289062,10421.879661438132,59.96314129203415,13107.36610497421,7084.686287603914,1505.669954342574
2019-07-01,10583.134765625,11206.439453125,10089.314453125,10796.9306640625,29378589324,2019,7,1,4,5,7,0.4375,0.25,0.3125,10228.797216796876,10437.23729040831,56.97268631401717,13066.770320721009,7390.824112872742,1418.9865519620662
2019-07-02,10801.677734375,10912.1884765625,9737.884765625,10588.68359375,31015895223,2019,7,2,6,4,8,0.4444444444444444,0.3333333333333333,0.2222222222222222,10361.588232421876,10471.945904119422,59.51790115070217,13032.831533716208,7690.344931127542,1335.6216506471667
2019-07-03,11961.26953125,11968.078125,10818.15625,10818.15625,30796494294,2019,7,3,7,3,12,0.5454545454545454,0.3181818181818182,0.1363636363636363,10548.105517578126,10613.78624956043,63.434720314156,13111.70882791726,7984.502207238991,1281.801655169567
2019-07-04,11215.4375,12006.0751953125,11166.5693359375,11972.71875,25920294033,2019,7,4,4,4,3,0.2727272727272727,0.3636363636363636,0.3636363636363636,10674.1857421875,10671.086368649912,58.04310384132606,13098.031106121389,8250.340378253612,1211.9226819669436
2019-07-05,10978.4599609375,11395.6611328125,10874.96484375,11203.1025390625,23838480210,2019,7,5,6,4,6,0.375,0.375,0.25,10781.189990234376,10700.360044105872,54.122207427819845,13047.639041820368,8514.740938648383,1133.224525792996
2019-07-06,11208.55078125,11620.96484375,10982.5439453125,10982.5439453125,21092024306,2019,7,6,2,0,1,0.3333333333333333,0.6666666666666666,0.0,10891.893115234376,10748.759161929123,52.58926102016357,13001.76910572496,8782.01712474379,1054.937995245293
2019-07-07,11450.8466796875,11541.6201171875,11148.8046875,11217.6162109375,19369044277,2019,7,7,4,3,6,0.4615384615384615,0.3076923076923077,0.2307692307692307,10998.417822265625,10815.624639810874,53.01465752616017,12985.784678073602,9011.050966457648,993.6834279039886
2019-07-08,12285.9580078125,12345.8330078125,11393.3740234375,11446.5966796875,23482551458,2019,7,8,13,5,12,0.4,0.4333333333333333,0.1666666666666666,11158.627587890624,10955.656389144364,56.0386957010862,13007.187642955932,9310.067532825318,924.280027532654
2019-07-09,12573.8125,12779.1318359375,12233.26171875,12284.326171875,28167921523,2019,7,9,2,6,11,0.5789473684210527,0.1052631578947368,0.3157894736842105,11323.642138671876,11109.76649494014,53.889677426804816,13048.757243370324,9598.527033973429,862.5575523492232
2019-07-10,12156.5126953125,13129.529296875,11710.978515625,12571.537109375,33627574244,2019,7,10,5,4,11,0.55,0.25,0.2,11455.109765625,11209.456609261317,45.35575564245261,12994.53933895456,9915.68019229544,769.71478666478
2019-07-11,11358.662109375,12144.623046875,11158.9228515625,12139.7138671875,28595327690,2019,7,11,6,4,2,0.1666666666666666,0.5,0.3333333333333333,11515.8150390625,11223.666656891191,51.06965835512733,12928.15212838302,10103.47794974198,706.1685446602596
2019-07-12,11815.986328125,11905.4873046875,11179.14453125,11354.2998046875,23534692797,2019,7,12,5,3,3,0.2727272727272727,0.4545454545454545,0.2727272727272727,11571.52978515625,11280.078054151554,46.032817773957525,12935.7360599211,10207.3235103914,682.1031373824255
2019-07-13,11392.37890625,11841.95703125,10908.4794921875,11813.126953125,21042616384,2019,7,13,1,3,1,0.2,0.2,0.6,11598.38017578125,11290.773373399024,46.18372893459125,12923.8252455886,10272.935105973902,662.7225349036746
2019-07-14,10256.05859375,11451.2041015625,10234.576171875,11381.0205078125,22486000001,2019,7,14,7,2,2,0.1818181818181818,0.6363636363636364,0.1818181818181818,11560.627978515626,11192.229108670546,46.22041044012754,12995.035954404388,10126.220002626864,717.2039879443806
2019-07-15,10895.08984375,11052.7666015625,9992.0068359375,10257.8388671875,25384047207,2019,7,15,4,1,3,0.375,0.5,0.125,11515.83662109375,11163.930131059064,51.992627871963606,12975.687537141692,10055.985705045809,729.9254580239714
2019-07-16,9477.6416015625,10996.6328125,9448.1064453125,10896.6533203125,24151199070,2019,7,16,6,3,5,0.3571428571428571,0.4285714285714285,0.2142857142857142,11338.90712890625,11003.331223487963,42.665949027806704,12888.10085578441,9789.71340202809,774.5968634390802
2019-07-17,9693.802734375,9963.134765625,9163.134765625,9471.2138671875,24569921549,2019,7,17,6,5,1,0.0833333333333333,0.5,0.4166666666666667,11264.45693359375,10878.614224524825,35.9742096423405,12979.477276635076,9549.436590552425,857.5101715206625
2019-07-18,10666.482421875,10736.8427734375,9376.798828125,9698.5029296875,25187024648,2019,7,18,8,1,6,0.4,0.5333333333333333,0.0666666666666666,11177.414453125,10858.411195701032,46.69704215080239,12823.528368135996,9531.300538114005,823.0569575054978
2019-07-19,10530.732421875,10716.98046875,10229.62890625,10653.9560546875,20727426310,2019,7,19,6,1,2,0.2222222222222222,0.6666666666666666,0.1111111111111111,11105.98251953125,10827.203693431888,47.27288906506277,12733.102894184203,9478.862144878296,813.5601873264769
2019-07-20,10767.1396484375,11048.662109375,10451.2763671875,10525.8193359375,20206615155,2019,7,20,4,0,4,0.5,0.5,0.0,11103.48173828125,10821.483308194329,47.31342955349336,12732.62369033479,9474.33978622771,814.5709760267704
2019-07-21,10599.10546875,10841.8876953125,10389.599609375,10777.529296875,17130580467,2019,7,21,7,0,4,0.3636363636363636,0.6363636363636364,0.0,11104.2802734375,10800.304466342488,44.7687398463172,12732.363636159298,9476.196910715702,814.0416813608994
2019-07-22,10343.1064453125,10651.791015625,10154.921875,10596.9482421875,16334414913,2019,7,22,2,5,6,0.4615384615384615,0.1538461538461538,0.3846153846153846,11081.351708984375,10756.761797672969,37.15345623607658,12740.007870141257,9422.695547827494,829.3280805784404
2019-07-23,9900.767578125,10346.748046875,9883.5947265625,10346.748046875,17851916995,2019,7,23,5,3,3,0.2727272727272727,0.4545454545454545,0.2727272727272727,10978.326611328124,10675.238538668398,32.67912363338236,12662.629143262784,9294.024079393464,842.1512659673299
2019-07-24,9811.92578125,9908.796875,9614.306640625,9887.73046875,17398734322,2019,7,24,6,3,7,0.4375,0.375,0.1875,10908.151025390624,10593.018276057122,34.13202282428219,12666.196196134411,9150.105854646838,879.0225853718936
2019-07-25,9911.841796875,10154.25390625,9773.95703125,9809.0966796875,15821952090,2019,7,25,2,2,7,0.6363636363636364,0.1818181818181818,0.1818181818181818,10854.8201171875,10528.144325658825,39.1864669240525,12667.740902364145,9041.899332010857,906.4603925883216
2019-07-26,9870.3037109375,9916.517578125,9717.982421875,9913.126953125,14495714483,2019,7,26,8,1,7,0.4375,0.5,0.0625,10787.907763671876,10465.492838542508,34.49426280120119,12644.125782497613,8931.689744846139,928.109009412869
2019-07-27,9477.677734375,10167.3203125,9411.521484375,9871.1650390625,16817809536,2019,7,27,3,0,3,0.5,0.5,0.0,10689.24931640625,10371.415209574176,34.66544114541604,12605.87383129966,8772.62480151284,958.3122574467052
2019-07-28,9552.8603515625,9575.544921875,9252.296875,9491.626953125,13738687093,2019,7,28,2,1,2,0.4,0.4,0.2,10552.59443359375,10293.457604049256,43.21493177664902,12377.411388622146,8727.777478565353,912.4084775141984
2019-07-29,9519.1455078125,9681.6484375,9472.9482421875,9548.1787109375,13791445323,2019,7,29,4,2,7,0.5384615384615384,0.3076923076923077,0.1538461538461538,10399.861083984377,10219.713594883851,34.96773802581342,12011.23121399823,8788.49095397052,805.6850650069276
2019-07-30,9607.423828125,9701.759765625,9437.3359375,9522.3291015625,13829811132,2019,7,30,1,2,7,0.7,0.1,0.2,10272.406640625,10161.40028376396,51.998206535320335,11690.387360097542,8854.425921152459,708.9903597362704
2019-07-31,10085.6279296875,10085.6279296875,9598.09765625,9604.05078125,16631520648,2019,7,31,3,7,6,0.375,0.1875,0.4375,10208.754931640626,10154.183869090011,55.582333608534185,11532.591764973184,8884.918098308066,661.9184166662795
2019-08-01,10399.6689453125,10446.919921875,9922.01953125,10077.4423828125,17165337858,2019,8,1,0,1,7,0.875,0.0,0.125,10137.9390625,10177.56340015882,45.32049369487749,11231.223969600587,9044.654155399412,546.6424535502939
2019-08-02,10518.1748046875,10657.953125,10371.013671875,10402.04296875,17489094082,2019,8,2,7,6,2,0.1333333333333333,0.4666666666666667,0.4,10094.228857421876,10210.002581542503,49.7784180298349,11035.704711816245,9152.753003027508,470.7379271971839
2019-08-03,10821.7265625,10946.78125,10503.5048828125,10519.2783203125,15352685061,2019,8,3,2,1,2,0.4,0.4,0.2,10122.512255859376,10268.26200830036,50.94090306629666,11116.955211353508,9128.069300365243,497.2214777470665
2019-08-04,10970.1845703125,11009.20703125,10620.2783203125,10821.6328125,16530894787,2019,8,4,2,1,5,0.625,0.25,0.125,10126.2669921875,10335.11177611104,56.4396706147925,11133.47731603494,9119.05666834006,503.60516192371966
2019-08-05,11805.6533203125,11895.091796875,10960.7353515625,10960.7353515625,23875988832,2019,8,5,4,3,9,0.5625,0.25,0.1875,10242.667578125,10475.163351749274,71.13100293984687,11452.050773399264,9033.284382850734,604.6915976371332
2019-08-06,11478.1689453125,12273.8212890625,11290.7314453125,11811.544921875,23635107660,2019,8,6,1,4,7,0.5833333333333334,0.0833333333333333,0.3333333333333333,10331.885888671875,10570.68769399339,73.57277683063975,11630.743646751462,9033.028130592287,649.4288790397932
2019-08-07,11941.96875,12036.990234375,11433.701171875,11476.193359375,22194988641,2019,8,7,5,4,4,0.3076923076923077,0.3846153846153846,0.3076923076923077,10395.660205078126,10701.285889803545,78.62368860608262,11876.233936073266,8915.086474082986,740.2868654975697
2019-08-08,11966.4072265625,11979.419921875,11556.16796875,11954.0400390625,19481591730,2019,8,8,1,0,5,0.8333333333333334,0.1666666666666666,0.0,10467.4439453125,10821.77363616154,78.18108170882873,12106.340352934154,8828.547537690845,819.4482038108275
2019-08-09,11862.9365234375,11970.4580078125,11709.7451171875,11953.4697265625,18339989960,2019,8,9,1,4,2,0.2857142857142857,0.1428571428571428,0.5714285714285714,10522.2337890625,10920.932006378296,76.87499440229408,12272.779887159017,8771.687690965984,875.2730490482579
2019-08-10,11354.0244140625,11915.6552734375,11323.8984375,11861.556640625,18125355447,2019,8,10,1,0,3,0.75,0.25,0.0,10559.979736328123,10962.178902348222,74.53696100529336,12349.624014738003,8770.335457918245,894.82213920494
2019-08-11,11523.5791015625,11523.5791015625,11248.294921875,11349.740234375,15774371518,2019,8,11,4,2,2,0.25,0.5,0.25,10619.003369140624,11015.645587987678,75.15030239945442,12455.77631062086,8782.23042766039,918.3864707401171
2019-08-12,11382.6162109375,11528.189453125,11320.951171875,11528.189453125,13647198229,2019,8,12,5,3,5,0.3846153846153846,0.3846153846153846,0.2307692307692307,10693.09580078125,11050.595171125757,73.147951808632,12527.42852817627,8858.76307338623,917.1663636975102
2019-08-13,10895.830078125,11420.0498046875,10830.3271484375,11385.052734375,16681503537,2019,8,13,5,2,5,0.4166666666666667,0.4166666666666667,0.1666666666666666,10747.291015625,11035.855638459016,64.56274286360167,12535.473673957453,8959.108357292547,894.0913291662267
2019-08-14,10051.7041015625,10889.556640625,10028.1357421875,10889.4873046875,19990838300,2019,8,14,6,2,5,0.3846153846153846,0.4615384615384615,0.1538461538461538,10754.284130859374,10942.126920659348,49.645856568749984,12529.75883254849,8978.809429170258,887.7373508445578
2019-08-15,10311.5458984375,10437.4111328125,9675.31640625,10038.421875,22899115082,2019,8,15,9,3,5,0.2941176470588235,0.5294117647058824,0.1764705882352941,10776.346240234376,10882.07158520965,49.06952140746256,12516.178991049785,9036.513489418969,869.916375407704
2019-08-16,10374.3388671875,10524.349609375,9855.478515625,10319.419921875,20228207096,2019,8,16,2,1,2,0.4,0.4,0.2,10821.179296875,10833.716088255158,48.463175819497664,12463.59122573965,9178.767368010347,821.2059644323257
2019-08-17,10231.744140625,10452.625,10086.6982421875,10358.72265625,13778035685,2019,8,17,3,0,0,0.0,1.0,0.0,10855.123486328124,10776.385426576097,43.47175577138362,12413.054785455108,9297.19218720114,778.9656495634916
2019-08-18,10345.810546875,10487.0703125,10119.0947265625,10233.005859375,12999813869,2019,8,18,3,1,3,0.4285714285714285,0.4285714285714285,0.1428571428571428,10896.45673828125,10735.37829517599,43.03822167749764,12345.184378782453,9447.729097780046,724.3638202506019
2019-08-19,10916.0537109375,10916.0537109375,10313.2041015625,10350.283203125,16038264603,2019,8,19,8,4,3,0.2,0.5333333333333333,0.2666666666666666,10961.888232421876,10752.585477629464,39.45740743998378,12277.58364806494,9646.192816778812,657.8477078215319
2019-08-20,10763.232421875,10947.0419921875,10618.9609375,10916.3466796875,15053082175,2019,8,20,5,1,9,0.6,0.3333333333333333,0.0666666666666666,10995.76845703125,10753.599472319516,41.16142622547463,12249.913848381082,9741.62306568142,627.0726956749163
2019-08-21,10138.0498046875,10798.7294921875,9962.7216796875,10764.572265625,19473084768,2019,8,21,6,6,5,0.2941176470588235,0.3529411764705882,0.3529411764705882,10982.6875,10694.9756944498,28.554358953759163,12268.079725827063,9697.295274172937,642.6961129135312
2019-08-22,10131.0556640625,10232.99609375,9831.462890625,10142.521484375,17097508856,2019,8,22,6,3,5,0.3571428571428571,0.4285714285714285,0.2142857142857142,10963.33154296875,10641.269024889109,28.089799877356967,12289.197238791112,9637.465847146388,662.9328479111812
2019-08-23,10407.96484375,10442.443359375,10078.1923828125,10136.3095703125,15627023886,2019,8,23,7,2,4,0.3076923076923077,0.5384615384615384,0.1538461538461538,10942.64345703125,10619.049579066334,33.321385048733106,12290.541588280154,9594.745325782347,673.949065624452
2019-08-24,10159.9609375,10418.0205078125,9982.296875,10407.64453125,15451030650,2019,8,24,1,0,4,0.8,0.2,0.0,10902.132275390624,10575.326851298112,35.44137464782828,12294.513788049002,9509.750762732248,696.1907563291891
2019-08-25,10138.517578125,10304.6220703125,10008.7890625,10160.7373046875,14153856610,2019,8,25,2,1,2,0.4,0.4,0.2,10818.77548828125,10533.725968138768,32.47985552056943,12182.72793867064,9454.82303789186,681.9762251946947
2019-08-26,10370.8203125,10512.328125,10126.2998046875,10126.2998046875,18438654080,2019,8,26,4,2,4,0.4,0.4,0.2,10763.408056640625,10518.21114379222,37.4904948291146,12104.36552458651,9422.45058869474,670.4787339729431
2019-08-27,10185.5,10381.328125,10087.30078125,10372.826171875,14762609503,2019,8,27,3,5,4,0.3333333333333333,0.25,0.4166666666666667,10675.584619140624,10486.52436819296,40.51031372489671,11917.993672213792,9433.17556606746,621.2045265365831
2019-08-28,9754.4228515625,10279.3662109375,9716.65625,10203.4267578125,17603790323,2019,8,28,6,1,4,0.3636363636363636,0.5454545454545454,0.0909090909090909,10564.985400390626,10416.800414228155,45.53577294527298,11713.8684704754,9416.102330305852,574.4415350423867
2019-08-29,9510.2001953125,9756.7861328125,9421.6298828125,9756.7861328125,17045878501,2019,8,29,9,2,1,0.0833333333333333,0.75,0.1666666666666666,10447.348583984374,10330.457536236188,37.90959802682178,11515.62853605728,9379.068631911468,534.1399760364532
2019-08-30,9598.173828125,9656.1240234375,9428.302734375,9514.8447265625,13595263986,2019,8,30,2,2,1,0.2,0.4,0.4,10359.5560546875,10260.716230701788,38.37782349870368,11402.395388039962,9316.71672133504,521.4196666762308
2019-08-31,9630.6640625,9673.220703125,9531.7998046875,9597.5390625,11454806419,2019,8,31,2,0,1,0.3333333333333333,0.6666666666666666,0.0,10264.910302734375,10200.711262301618,40.69261961417163,11201.06913119545,9328.7514742733,468.07941423053774
2019-09-01,9757.970703125,9796.755859375,9582.9443359375,9630.5927734375,11445355859,2019,9,1,3,2,2,0.2857142857142857,0.4285714285714285,0.2857142857142857,10183.67802734375,10158.545494760989,40.93480750313394,10983.495905510732,9383.86014917677,399.9089390834904
2019-09-02,10346.7607421875,10396.591796875,9730.650390625,9757.4736328125,17248102294,2019,9,2,3,2,8,0.6153846153846154,0.2307692307692307,0.1538461538461538,10156.224560546874,10176.470756420656,41.27075635396146,10887.91008449455,9424.5390365992,365.8427619738379
2019-09-03,10623.5400390625,10736.1044921875,10308.5478515625,10345.7255859375,19384917989,2019,9,3,7,6,11,0.4583333333333333,0.2916666666666667,0.25,10184.816357421874,10219.048783338923,47.936472582039805,10943.497625555145,9426.135089288604,379.3406340666351
2019-09-04,10594.4931640625,10762.64453125,10434.7099609375,10621.1806640625,16742664769,2019,9,4,4,3,3,0.3,0.4,0.3,10198.963720703125,10254.805391026885,58.18391868855032,10977.877778256056,9420.049663150194,389.45702877646585
2019-09-05,10575.533203125,10627.26953125,10516.41796875,10588.18359375,14551239508,2019,9,5,1,3,6,0.6,0.1,0.3,10209.0234375,10285.35089694099,57.93532486633673,11002.534349181798,9415.512525818202,396.7554558408989
2019-09-06,10353.302734375,10898.76171875,10292.2998046875,10578.1982421875,19536574783,2019,9,6,1,1,3,0.6,0.2,0.2,10215.1013671875,10291.822500506134,49.004676636378186,11011.202974511249,9418.999759863756,398.0508036618733
2019-09-07,10517.2548828125,10558.673828125,10348.9189453125,10353.931640625,15307366476,2019,9,7,5,3,1,0.1111111111111111,0.5555555555555556,0.3333333333333333,10223.673583984377,10313.292251201978,56.711269173862455,11029.33599244812,9418.011175520627,402.8312042318733
2019-09-08,10441.2763671875,10595.6376953125,10409.0908203125,10518.1142578125,13670567493,2019,9,8,3,3,3,0.3333333333333333,0.3333333333333333,0.3333333333333333,10199.934716796875,10325.48121462917,55.5727317665034,10945.430194238248,9454.439239355504,372.7477387206859
2019-09-09,10334.974609375,10450.3115234375,10144.9296875,10443.228515625,17595943368,2019,9,9,1,1,8,0.8,0.1,0.1,10178.521826171876,10326.385347462106,49.30811279499359,10879.143788663872,9477.899863679875,350.3109812459991
2019-09-10,10115.9755859375,10394.353515625,10020.5732421875,10336.408203125,14906809639,2019,9,10,3,2,2,0.2857142857142857,0.4285714285714285,0.2857142857142857,10177.418115234375,10306.346322555,48.67527549349909,10878.377994277978,9476.458236190772,350.4799395218019
2019-09-11,10178.3720703125,10215.9482421875,9980.7763671875,10123.03515625,15428063426,2019,9,11,2,2,6,0.6,0.2,0.2,10179.783935546877,10294.158298531906,59.398421689344886,10880.404271681184,9479.163599412566,350.3101680671543
2019-09-12,10410.126953125,10442.25390625,10099.2421875,10176.8193359375,15323563925,2019,9,12,2,4,9,0.6,0.1333333333333333,0.2666666666666666,10179.892041015624,10305.202932302676,70.06114182788073,10880.661273745109,9479.122808286142,350.38461636474085
2019-09-13,10360.546875,10441.4892578125,10226.5966796875,10415.3623046875,14109864675,2019,9,13,3,4,5,0.4166666666666667,0.25,0.3333333333333333,10189.921337890624,10310.473783988136,67.29077075459496,10895.216407542095,9484.626268239152,352.64753482573616
2019-09-14,10358.048828125,10422.1337890625,10291.6943359375,10345.4033203125,13468713124,2019,9,14,1,0,0,0.0,1.0,0.0,10200.897900390624,10315.0047405726,66.72476292952464,10909.64924131914,9492.146559462108,354.37567046425795
2019-09-15,10347.712890625,10387.03515625,10313.0927734375,10356.4658203125,12043433567,2019,9,15,3,2,0,0.0,0.6,0.4,10199.742529296876,10318.119802482352,64.3308023878659,10907.402054640586,9492.083003953165,353.82976267185626
2019-09-16,10276.7939453125,10386.8671875,10189.744140625,10347.22265625,15160167779,2019,9,16,5,6,9,0.45,0.25,0.3,10204.3072265625,10314.184006561414,47.72795597855248,10912.757255991864,9495.857197133137,354.2250147146828
2019-09-17,10241.2724609375,10296.771484375,10199.7392578125,10281.513671875,15304603363,2019,9,17,1,5,3,0.3333333333333333,0.1111111111111111,0.5555555555555556,10228.64970703125,10307.240049835327,35.2801288771831,10904.72992813843,9552.569485924072,338.04011055358933
2019-09-18,10198.248046875,10275.9287109375,10191.4697265625,10247.7958984375,16169268880,2019,9,18,1,1,6,0.75,0.125,0.125,10263.052099609376,10296.859859077202,34.9043975561609,10849.250427511595,9676.853771707154,293.0991639511105
2019-09-19,10266.4150390625,10295.6689453125,9851.6923828125,10200.49609375,19937691247,2019,9,19,5,0,8,0.6153846153846154,0.3846153846153846,0.0,10296.46416015625,10293.960352409134,38.64920941033709,10792.311368358203,9800.616951954298,247.92360410097655
2019-09-20,10181.6416015625,10285.8720703125,10132.1865234375,10266.318359375,14734189639,2019,9,20,2,2,10,0.7142857142857143,0.1428571428571428,0.1428571428571428,10324.013037109376,10283.26332851898,42.98885674103749,10714.039161317629,9933.98691290112,195.013062104127
2019-09-21,10019.716796875,10188.09765625,10000.7080078125,10183.6484375,13425266806,2019,9,21,3,2,1,0.1666666666666666,0.5,0.3333333333333333,10337.100341796877,10258.1636588386,29.645379530438102,10658.720752419144,10015.479931174606,160.81020531113413
2019-09-22,10070.392578125,10074.4443359375,9922.533203125,10024.115234375,13199651698,2019,9,22,2,0,1,0.3333333333333333,0.6666666666666666,0.0,10323.28193359375,10240.28069877064,34.50612232242736,10666.197992149666,9980.365875037833,171.4580292779584
2019-09-23,9729.32421875,10074.23828125,9727.1435546875,10067.962890625,15144925408,2019,9,23,10,5,4,0.2105263157894736,0.5263157894736842,0.2631578947368421,10278.571142578125,10191.61817686391,28.847651906755654,10684.11405373007,9873.02823142618,202.77145557597285
2019-09-24,8620.56640625,9804.3173828125,8370.8017578125,9729.3212890625,25002886689,2019,9,24,6,3,6,0.4,0.4,0.2,10179.8748046875,10041.994198710205,17.790755248703164,11005.205697245314,9354.543912129688,412.66544627890624
2019-09-25,8486.9931640625,8744.828125,8325.396484375,8603.4287109375,21744728353,2019,9,25,2,4,7,0.5384615384615384,0.1538461538461538,0.3076923076923077,10075.447802734376,9893.89886207709,14.65357494461216,11173.461832619952,8977.433772848799,549.007014942788
2019-09-26,8118.9677734375,8515.685546875,7895.62939453125,8487.669921875,19258205289,2019,9,26,6,1,3,0.3,0.6,0.1,9963.7310546875,9724.857806016176,4.699488750305562,11357.534140741014,8569.927968633985,696.9015430267574
2019-09-27,8251.845703125,8271.5205078125,7965.9228515625,8113.10107421875,16408941156,2019,9,27,4,3,3,0.3,0.4,0.3,9850.460595703124,9584.57093907416,9.636560623948997,11412.869150926006,8288.052040480245,781.2042776114399
2019-09-28,8245.9150390625,8285.6171875,8125.431640625,8251.2734375,14141152736,2019,9,28,1,0,4,0.8,0.2,0.0,9740.692529296875,9457.07990097781,9.623913836471644,11431.525083069308,8049.859975524442,845.4162768862165
2019-09-29,8104.185546875,8261.70703125,7990.4970703125,8246.037109375,13034629109,2019,9,29,4,1,1,0.1666666666666666,0.6666666666666666,0.1666666666666666,9629.153076171877,9328.232819634686,9.163580878923357,11444.642446997208,7813.663705346542,907.7446854126664
2019-09-30,8293.8681640625,8314.2314453125,7830.7587890625,8104.2265625,17115474183,2019,9,30,5,2,11,0.6111111111111112,0.2777777777777778,0.1111111111111111,9538.047705078125,9229.721900056384,15.402810009166773,11431.859996763234,7644.235413393015,946.9061458425548
2019-10-01,8343.2763671875,8497.6923828125,8232.6796875,8299.720703125,15305343413,2019,10,1,6,2,10,0.5555555555555556,0.3333333333333333,0.1111111111111111,9446.292919921874,9145.298515973633,17.044320775384662,11386.725762400409,7505.860077443339,970.2164212392676
2019-10-02,8393.0419921875,8393.0419921875,8227.6953125,8344.212890625,13125712443,2019,10,2,4,1,3,0.375,0.5,0.125,9345.438671875,9073.65503751781,18.72867842523074,11284.619620139656,7406.257723610342,969.5904741323288
2019-10-03,8259.9921875,8414.2275390625,8146.43701171875,8390.7744140625,13668823409,2019,10,3,4,9,4,0.2352941176470588,0.2352941176470588,0.5294117647058824,9240.4109375,8996.163337516115,16.007158000485106,11175.63245179841,7305.189423201591,967.610757149205
2019-10-04,8205.939453125,8260.0556640625,8151.23681640625,8259.494140625,13139456229,2019,10,4,7,1,3,0.2727272727272727,0.6363636363636364,0.0909090909090909,9132.80546875,8920.903919955055,16.175535801164656,11045.564788850146,7220.046148649854,956.3796600500732
2019-10-05,8151.50048828125,8215.5263671875,8071.12060546875,8210.1494140625,12200497197,2019,10,5,1,0,3,0.75,0.25,0.0,9022.994848632812,8847.627402652788,16.793601359740563,10893.78815090342,7152.201546362206,935.3966511353032
2019-10-06,7988.15576171875,8161.41015625,7958.8505859375,8149.876953125,13160830305,2019,10,6,3,1,1,0.2,0.6,0.2,8908.562939453124,8765.772960659071,14.41479210493597,10735.919818626617,7081.206060279634,913.6784395867452
2019-10-07,8245.623046875,8308.4501953125,7905.76611328125,7989.12060546875,18009742607,2019,10,7,7,1,5,0.3846153846153846,0.5384615384615384,0.0769230769230769,8808.78046875,8716.234873632016,23.897842673387583,10545.41977206707,7072.141165432928,868.3196516585359
2019-10-08,8228.783203125,8332.71484375,8185.76318359375,8246.849609375,15592264032,2019,10,8,7,2,8,0.4705882352941176,0.4117647058823529,0.1176470588235294,8710.3072265625,8669.8109050123,38.80738715906955,10334.94894710503,7085.665506019971,812.3208602712645
2019-10-09,8595.740234375,8627.7060546875,8169.298828125,8229.8408203125,19384942333,2019,10,9,4,1,5,0.5,0.4,0.1,8626.773486328126,8662.756555427795,52.7411952484669,10076.966560735407,7176.580411920844,725.0965372036405
2019-10-10,8586.4736328125,8625.2724609375,8471.93359375,8585.2802734375,17618660671,2019,10,10,2,3,3,0.375,0.25,0.375,8547.015087890624,8655.491515178719,64.38646429543812,9799.07158207794,7294.958593703308,626.0282470936584
2019-10-11,8321.7568359375,8721.7802734375,8316.181640625,8585.2626953125,19604381101,2019,10,11,4,1,4,0.4444444444444444,0.4444444444444444,0.1111111111111111,8462.11708984375,8623.707260012889,51.98989887759131,9506.80828188937,7417.42589779813,522.3455960228102
2019-10-12,8336.5556640625,8415.2421875,8313.3408203125,8315.6650390625,14532641605,2019,10,12,1,2,3,0.5,0.1666666666666666,0.3333333333333333,8375.425244140624,8596.359488969994,52.5669689157145,9095.507054582456,7655.343433698792,360.040905220916
2019-10-13,8321.005859375,8470.98828125,8276.6123046875,8336.90234375,13808286059,2019,10,13,3,1,4,0.5,0.375,0.125,8305.009326171876,8570.135333770471,56.61304129487223,8640.210953204696,7969.807699139055,167.60081351641028
2019-10-14,8374.6865234375,8390.208984375,8284.130859375,8320.83203125,15151387859,2019,10,14,3,0,7,0.7,0.3,0.0,8292.71533203125,8551.521161357807,52.68796563893993,8595.671440135393,7989.759223927107,151.47805405207143
2019-10-15,8205.369140625,8410.71484375,8182.70654296875,8373.4580078125,15220412632,2019,10,15,4,3,2,0.2222222222222222,0.4444444444444444,0.3333333333333333,8278.634130859375,8518.554302240396,45.75211586544131,8569.508056500234,7987.760205218516,145.43696282042947
2019-10-16,8047.52685546875,8216.8125,7985.08984375,8204.6748046875,16071646996,2019,10,16,3,7,10,0.5,0.15,0.35,8275.062084960937,8473.694545405002,40.02164281792084,8575.779938295527,7974.344231626345,150.35892666729566
2019-10-17,8103.9111328125,8134.83154296875,8000.94287109375,8047.8125,14313052244,2019,10,17,5,2,5,0.4166666666666667,0.4166666666666667,0.1666666666666666,8267.665356445312,8438.47707753905,45.28358344610885,8577.91406683692,7957.416646053704,155.12435519580373
2019-10-18,7973.20751953125,8138.41357421875,7902.1640625,8100.93359375,15651592610,2019,10,18,6,6,5,0.2941176470588235,0.3529411764705882,0.3529411764705882,8254.02998046875,8394.165691062117,43.2787256971012,8591.11395182081,7916.946009116689,168.54198567602998
2019-10-19,7988.560546875,8082.62939453125,7944.77685546875,7973.8037109375,13797825640,2019,10,19,2,0,5,0.7142857142857143,0.2857142857142857,0.0,8248.24873046875,8355.536629710963,45.18562206279823,8599.808810424864,7896.688650512634,175.78003997805746
2019-10-20,8222.078125,8281.818359375,7949.439453125,7997.80712890625,15504249442,2019,10,20,3,0,3,0.5,0.5,0.0,8244.659228515626,8342.826295928966,56.63649070409502,8595.723746209667,7893.594710821583,175.5322588470212
2019-10-21,8243.720703125,8296.6943359375,8196.416015625,8225.115234375,15868748866,2019,10,21,6,4,7,0.4117647058823529,0.3529411764705882,0.2352941176470588,8239.6814453125,8333.387668042873,49.93769223289544,8587.668099109982,7891.69479151502,173.99332689874024
2019-10-22,8078.203125,8296.6513671875,8074.462890625,8243.40234375,16803377857,2019,10,22,1,3,5,0.5555555555555556,0.1111111111111111,0.3333333333333333,8223.939501953126,8309.084378229267,45.505737839662274,8571.199299519909,7876.679704386343,173.62989878339127
2019-10-23,7514.671875,8092.99951171875,7469.32275390625,8076.228515625,21942878958,2019,10,23,15,2,7,0.2916666666666667,0.625,0.0833333333333333,8186.673486328125,8233.426044588385,21.122569187571017,8656.115516912558,7717.231455743692,234.72101529221655
2019-10-24,7493.48876953125,7532.86767578125,7446.98876953125,7509.72802734375,16268708849,2019,10,24,6,4,3,0.2307692307692307,0.4615384615384615,0.3076923076923077,8151.050952148437,8162.955827916277,20.988948123809426,8713.290781229236,7588.811123067639,281.11991454039907
2019-10-25,8660.7001953125,8691.5400390625,7479.984375,7490.703125,28705065488,2019,10,25,7,0,6,0.4615384615384615,0.5384615384615384,0.0,8176.5109375,8210.360053382585,56.0824653018135,8783.196089967385,7569.825785032615,303.34257623369257
2019-10-26,9244.97265625,10021.744140625,8662.6220703125,8667.5771484375,44496255609,2019,10,26,1,1,2,0.5,0.25,0.25,8239.351782226562,8308.894586989005,63.53540377225831,9003.75330105475,7474.950263398375,382.2007594140938
2019-10-27,9551.71484375,9749.529296875,9112.5419921875,9241.70703125,32593129501,2019,10,27,1,0,3,0.75,0.25,0.0,8304.656372070312,8427.258420966242,66.87336069140497,9268.468395327876,7340.8443488127505,481.9060116287809
2019-10-28,9256.1484375,9805.1181640625,9256.1484375,9565.1015625,30948255332,2019,10,28,5,3,7,0.4666666666666667,0.3333333333333333,0.2,8356.024633789062,8506.20032730279,61.33338406013285,9408.264462705903,7303.784804872221,526.1199144584209
2019-10-29,9427.6875,9516.1806640625,9232.6484375,9248.4404296875,28426779937,2019,10,29,2,2,2,0.3333333333333333,0.3333333333333333,0.3333333333333333,8397.621997070313,8593.96101041681,65.70696751398143,9550.70774641898,7244.536247721646,576.5428746743335
2019-10-30,9205.7265625,9426.8740234375,9085.3701171875,9422.462890625,27706531577,2019,10,30,4,4,3,0.2727272727272727,0.3636363636363636,0.3636363636363636,8428.584643554688,8652.224396329495,64.64175675920919,9635.04326100684,7222.126026102537,603.2293087260756
2019-10-31,9199.5849609375,9383.1611328125,9028.7177734375,9202.4580078125,26583653947,2019,10,31,1,2,6,0.6666666666666666,0.1111111111111111,0.2222222222222222,8472.476049804687,8704.35397391121,64.02953533736809,9725.541896546714,7219.41020306266,626.5329233710133
2019-11-01,9261.1044921875,9275.6572265625,9132.0478515625,9193.9921875,24324691031,2019,11,1,6,6,3,0.2,0.4,0.4,8518.703491210938,8757.377832794666,66.78829677661963,9818.018899569002,7219.388082852874,649.6577041790321
2019-11-02,9324.7177734375,9377.486328125,9249.587890625,9259.783203125,21242676385,2019,11,2,1,0,3,0.75,0.25,0.0,8568.889086914063,8811.410208093983,67.20096983435977,9912.8228500518,7224.955323776327,671.9668815688683
2019-11-03,9235.3544921875,9379.806640625,9141.251953125,9324.787109375,21132220847,2019,11,3,4,1,2,0.2857142857142857,0.5714285714285714,0.1428571428571428,8611.922485351562,8851.785854198128,63.547182966189325,9984.486305493789,7239.358665209336,686.2819100711129
2019-11-04,9412.6123046875,9505.0517578125,9191.4853515625,9235.607421875,26170255634,2019,11,4,3,2,1,0.1666666666666666,0.5,0.3333333333333333,8672.284643554687,8905.197897101878,65.00340945270763,10075.410560067145,7269.15872704223,701.5629582562286
2019-11-05,9342.52734375,9457.41796875,9256.931640625,9413.0048828125,26198609048,2019,11,5,3,2,6,0.5454545454545454,0.2727272727272727,0.1818181818181818,8737.03466796875,8946.848320592175,66.63590056196219,10138.287699231243,7335.781636706254,700.6265156312479
2019-11-06,9360.8798828125,9423.2373046875,9305.9091796875,9340.8642578125,23133895765,2019,11,6,3,3,4,0.4,0.3,0.3,8799.88310546875,8986.279897946491,78.36123775999692,10194.3089781261,7405.457232811401,697.2129363286751
2019-11-07,9267.5615234375,9368.4765625,9202.353515625,9352.3935546875,22700383839,2019,11,7,1,2,5,0.625,0.125,0.25,8864.600805664062,9013.06862418373,76.66219862947253,10216.99242264444,7512.209188683684,676.1958084901892
2019-11-08,8804.880859375,9272.759765625,8775.5341796875,9265.3681640625,24333037836,2019,11,8,7,5,8,0.4,0.35,0.25,8905.416821289062,8993.24121801147,52.74900748542742,10194.265810141223,7616.567832436898,644.4244944260817
2019-11-09,8813.58203125,8891.818359375,8793.1630859375,8809.46875,17578630606,2019,11,9,1,0,2,0.6666666666666666,0.3333333333333333,0.0,8934.992016601562,8976.130819272283,39.4620428003126,10184.359322802666,7685.624710400458,624.6836531005522
2019-11-10,9055.5263671875,9103.826171875,8806.162109375,8812.4892578125,20587919881,2019,11,10,3,2,3,0.375,0.375,0.25,8975.582299804688,8983.692300026112,37.48290930339922,10182.412400923917,7768.752198685459,603.4150505596142
2019-11-11,8757.7880859375,9081.279296875,8700.6083984375,9056.91796875,20265510765,2019,11,11,4,3,6,0.4615384615384615,0.3076923076923077,0.2307692307692307,9009.561547851565,8962.177612970054,37.44188141076277,10146.23609664079,7872.886999062335,568.3372743946137
2019-11-12,8815.662109375,8853.7685546875,8685.427734375,8759.751953125,20309769107,2019,11,12,6,3,1,0.1,0.6,0.3,9074.611059570312,8948.22375548481,33.64050319403752,9975.53584416446,8173.686274976165,450.4623922970738
2019-11-13,8808.2626953125,8836.841796875,8761.6513671875,8812.033203125,17545755405,2019,11,13,4,3,4,0.3636363636363636,0.3636363636363636,0.2727272727272727,9140.349755859375,8934.894130706496,37.99920152524012,9671.480268494026,8609.219243224725,265.5652563173253
2019-11-14,8708.0947265625,8826.943359375,8692.5517578125,8811.9365234375,19084739975,2019,11,14,4,0,5,0.5555555555555556,0.4444444444444444,0.0,9142.719482421877,8913.294187454687,35.95754725404237,9665.19166233798,8620.24730250577,261.2360899580524
2019-11-15,8491.9921875,8730.873046875,8484.84375,8705.7080078125,21796856471,2019,11,15,5,2,3,0.3,0.5,0.2,9105.070458984375,8873.170187459002,29.80907128049965,9700.01104349545,8510.129874473301,297.47029225553695
2019-11-16,8550.7607421875,8591.9970703125,8473.9736328125,8491.166015625,16495389808,2019,11,16,1,0,3,0.75,0.25,0.0,9055.02275390625,8842.464526004573,29.63007132914008,9660.081345368926,8449.964162443575,302.52929573133747
2019-11-17,8577.9755859375,8727.7890625,8500.9677734375,8549.470703125,18668638897,2019,11,17,6,3,3,0.25,0.5,0.25,9021.114111328125,8817.275103141043,32.11316527325174,9654.082400177846,8388.145822478404,316.4841444248606
2019-11-18,8309.2861328125,8653.2802734375,8273.5732421875,8573.98046875,21579470673,2019,11,18,8,1,1,0.1,0.8,0.1,8965.19404296875,8768.89520120499,21.402152749864072,9642.951666077484,8287.436419860016,338.878811554367
2019-11-19,8206.1455078125,8408.5166015625,8099.96337890625,8305.134765625,21083613816,2019,11,19,5,1,4,0.4,0.5,0.1,8915.214990234375,8715.299992310467,21.04158755076068,9662.177795059884,8168.252185408867,373.48140241275394
2019-11-20,8027.26806640625,8237.240234375,8010.51171875,8203.61328125,20764300437,2019,11,20,6,4,0,0.0,0.6,0.4,8856.599145507813,8649.77314222435,18.58568003973204,9688.736016240236,8024.462274775389,416.0684353662118
2019-11-21,7642.75,8110.09814453125,7597.3818359375,8023.64453125,22514243371,2019,11,21,9,1,4,0.2857142857142857,0.6428571428571429,0.0714285714285714,8775.681420898438,8553.866176298223,16.34352840842658,9745.542781006106,7805.820060790769,484.93068005383446
2019-11-22,7296.57763671875,7697.3828125,6936.70654296875,7643.5693359375,34242315785,2019,11,22,7,2,2,0.1818181818181818,0.6363636363636364,0.1818181818181818,8674.2744140625,8434.124410623986,17.172392377375957,9812.013352941642,7536.535475183358,568.869469439571
2019-11-23,7397.796875,7442.2587890625,7151.41796875,7296.16455078125,21008924418,2019,11,23,3,0,1,0.25,0.75,0.0,8582.396533203126,8335.426550088368,20.37892139656087,9821.614465337552,7343.178601068698,619.6089660672136
2019-11-24,7047.9169921875,7408.5771484375,7029.2890625,7398.6337890625,30433517289,2019,11,24,2,3,4,0.4444444444444444,0.2222222222222222,0.3333333333333333,8464.161767578125,8212.806592193048,9.811847242981898,9815.976935908844,7112.346599247407,675.9075841653595
2019-11-25,7146.1337890625,7319.85693359375,6617.1669921875,7039.97705078125,42685231262,2019,11,25,6,3,8,0.4705882352941176,0.3529411764705882,0.1764705882352941,8354.34208984375,8111.218706180615,14.937224839476857,9761.43948434854,6947.244695338961,703.548697252395
2019-11-26,7218.37109375,7320.23046875,7098.572265625,7145.1591796875,21129505542,2019,11,26,2,0,3,0.6,0.4,0.0,8247.216650390625,8026.185600234842,15.465538508183954,9657.8849652002,6836.548335581048,705.3341574047882
2019-11-27,7531.66357421875,7619.693359375,6974.17431640625,7220.880859375,23991412764,2019,11,27,1,4,7,0.5833333333333334,0.0833333333333333,0.3333333333333333,8160.421752929687,7979.088264423786,25.623442593940386,9519.4209713019,6801.422534557474,679.4996091861065
2019-11-28,7463.10595703125,7730.07275390625,7454.12158203125,7536.8203125,19050116751,2019,11,28,1,4,6,0.5454545454545454,0.0909090909090909,0.3636363636363636,8093.3330078125,7929.947092291164,25.93654709514726,9450.85229670898,6735.813718916022,678.7596444482393
2019-11-29,7761.24365234375,7781.1796875,7460.75634765625,7466.72705078125,19709695456,2019,11,29,7,1,4,0.3333333333333333,0.5833333333333334,0.0833333333333333,8040.716088867188,7913.880098010458,36.31004511015736,9361.778844838223,6719.653332896152,660.5313779855177
2019-11-30,7569.6298828125,7836.10205078125,7515.849609375,7764.05712890625,17158194786,2019,11,30,0,2,0,0.0,0.0,1.0,7966.421264648437,7881.0943632297,32.490859216245326,9212.165195351949,6720.677333944929,622.8719653517543
2019-12-01,7424.29248046875,7571.6162109375,7291.341796875,7571.6162109375,18720708479,2019,12,1,6,2,2,0.2,0.6,0.2,7899.746484375,7837.589422014372,30.24440901113473,9109.370337654733,6690.122631095269,604.8119266398656
2019-12-02,7321.98828125,7474.81884765625,7233.3994140625,7424.0361328125,17082040706,2019,12,2,3,1,4,0.5,0.375,0.125,7825.06279296875,7788.484551465384,32.07197928492414,8979.778697826869,6670.34688811063,577.3579524290598
2019-12-03,7320.1455078125,7418.85888671875,7229.35693359375,7323.9755859375,14797485769,2019,12,3,2,3,1,0.1666666666666666,0.3333333333333333,0.5,7750.65693359375,7743.880833022252,33.29692988592932,8827.791209357825,6673.522657829675,538.5671378820377
2019-12-04,7252.03466796875,7539.78466796875,7170.9228515625,7320.125,21664240918,2019,12,4,3,3,3,0.3333333333333333,0.3333333333333333,0.3333333333333333,7677.853930664062,7697.038341112395,34.748149329378066,8676.481216890725,6679.226644437401,499.3136431133308
2019-12-05,7448.3076171875,7743.431640625,7232.6767578125,7253.24169921875,18816085231,2019,12,5,0,2,4,0.6666666666666666,0.0,0.3333333333333333,7625.669702148438,7673.349700738595,45.86854559458715,8551.597368353001,6699.742035943875,462.9638331022816
2019-12-06,7546.99658203125,7546.99658203125,7392.17529296875,7450.5615234375,18104466307,2019,12,6,1,0,1,0.5,0.5,0.0,7575.481494140625,7661.316070385515,55.94618246779476,8392.716061699453,6758.246926581796,408.6172837794141
2019-12-07,7556.23779296875,7589.95166015625,7525.71142578125,7547.265625,15453520564,2019,12,7,2,1,1,0.25,0.5,0.25,7524.394604492188,7651.308615393442,53.93400833679468,8191.76526888384,6857.023940100536,333.685332195826
2019-12-08,7564.34521484375,7634.6064453125,7476.09130859375,7551.3388671875,15409908086,2019,12,8,0,1,6,0.8571428571428571,0.0,0.1428571428571428,7487.14755859375,7643.026386769662,65.44378400999715,8044.087810327389,6930.20730686011,278.4701258668197
2019-12-09,7400.8994140625,7618.091796875,7365.9853515625,7561.79541015625,17872021272,2019,12,9,5,1,3,0.3333333333333333,0.5555555555555556,0.1111111111111111,7446.88525390625,7619.966675083266,57.33269135744172,7889.705459047098,7004.065048765402,221.4101025704238
2019-12-10,7278.11962890625,7424.02294921875,7246.0439453125,7397.13427734375,18249031195,2019,12,10,4,2,4,0.4,0.4,0.2,7409.42783203125,7587.409813542597,51.67106995728538,7763.35398994095,7055.5016741215495,176.9630789548502
2019-12-11,7217.42724609375,7324.15625,7195.52734375,7277.19775390625,16350490689,2019,12,11,3,2,5,0.5,0.3,0.2,7388.161694335938,7552.173378547469,39.76517453192669,7734.080064273306,7042.24332439857,172.95918496868407
2019-12-12,7243.13427734375,7266.6396484375,7164.7412109375,7216.73876953125,18927080224,2019,12,12,3,2,2,0.2857142857142857,0.4285714285714285,0.2857142857142857,7385.489526367188,7522.741083194734,42.62968908387361,7735.191720292648,7035.787332441728,174.85109696272983
2019-12-13,7269.6845703125,7293.560546875,7227.12255859375,7244.662109375,17125736940,2019,12,13,0,1,2,0.6666666666666666,0.0,0.3333333333333333,7379.083911132812,7498.640462920235,29.86560308610099,7732.510415056051,7025.657407209574,176.7132519616194
2019-12-14,7124.673828125,7308.83642578125,7097.208984375,7268.90283203125,17137029730,2019,12,14,2,0,2,0.5,0.5,0.0,7382.921752929687,7463.024592939736,31.05105342393972,7722.606522120903,7043.236983738472,169.84238459560743
2019-12-15,7152.3017578125,7181.07568359375,6924.3759765625,7124.23974609375,16881129804,2019,12,15,2,2,5,0.5555555555555556,0.2222222222222222,0.2222222222222222,7383.230151367187,7433.431941975237,37.12631230092754,7722.019766761657,7044.440535972718,169.39480769723488
2019-12-16,6932.48046875,7171.1689453125,6903.6826171875,7153.6630859375,20213265950,2019,12,16,2,2,5,0.5555555555555556,0.2222222222222222,0.2222222222222222,7368.935620117188,7385.722277858548,33.4096598126736,7757.484204534088,6980.387035700287,194.27429220845025
2019-12-17,6640.51513671875,6964.0751953125,6587.97412109375,6931.3154296875,22363804217,2019,12,17,2,0,5,0.7142857142857143,0.2857142857142857,0.0,7324.378198242188,7314.750169178567,26.788928588938404,7823.116870104918,6825.6395263794575,249.36933593136527
2019-12-18,7276.802734375,7324.98486328125,6540.04931640625,6647.6982421875,31836522778,2019,12,18,3,2,4,0.4444444444444444,0.3333333333333333,0.2222222222222222,7315.063037109375,7311.136127768705,50.60939085422362,7809.835464864979,6820.29060935377,247.38621387780225
2019-12-19,7202.84423828125,7346.6025390625,7041.3818359375,7277.5908203125,25904604416,2019,12,19,3,3,2,0.25,0.375,0.375,7287.14306640625,7300.822614484186,43.57386775162006,7736.873806817675,6837.412325994825,224.8653702057126
2019-12-20,7218.81640625,7257.921875,7086.1240234375,7208.63671875,22633815180,2019,12,20,4,2,4,0.4,0.4,0.2,7269.602392578125,7293.0124994142625,41.01942817806015,7699.887606658067,6839.317178498182,215.14260703997093
2019-12-21,7191.15869140625,7223.22607421875,7112.73583984375,7220.59375,19312552168,2019,12,21,1,0,1,0.5,0.5,0.0,7257.945703125,7283.312136746833,40.10938801340616,7683.188001535273,6832.703404714728,212.62114920513616
2019-12-22,7511.5888671875,7518.033203125,7167.17919921875,7191.1884765625,23134537956,2019,12,22,2,0,0,0.0,1.0,0.0,7267.425732421875,7305.052777741183,48.77760362113077,7706.895099643732,6827.956365200019,219.73468361092807
2019-12-23,7355.62841796875,7656.17626953125,7326.1923828125,7508.90234375,27831788041,2019,12,23,1,2,3,0.5,0.1666666666666666,0.3333333333333333,7269.199877929687,7309.869505381904,48.94739244193373,7709.85027751865,6828.549478340725,220.32519979448145
2019-12-24,7322.5322265625,7535.716796875,7269.52880859375,7354.39306640625,22991622105,2019,12,24,1,1,1,0.3333333333333333,0.3333333333333333,0.3333333333333333,7272.724755859375,7311.075478827674,51.07758973043019,7713.924526655325,6831.524985063425,220.59988539797487
2019-12-25,7275.15576171875,7357.02001953125,7220.9912109375,7325.755859375,21559505149,2019,12,25,0,1,0,0.0,0.0,1.0,7264.067163085938,7307.654553388729,51.40978555347808,7697.486704495411,6830.647621676465,216.70977070473637
2019-12-26,7238.966796875,7388.302734375,7200.38671875,7274.79931640625,22787010034,2019,12,26,1,2,4,0.5714285714285714,0.1428571428571428,0.2857142857142857,7248.665673828125,7301.112862292184,49.89874452704382,7661.138632944642,6836.1927147116085,206.2364795582585
2019-12-27,7290.08837890625,7363.529296875,7189.93408203125,7238.14111328125,22777360996,2019,12,27,0,0,3,1.0,0.0,0.0,7235.358203125,7300.062911493524,50.48989321929261,7622.441678687443,6848.274727562557,193.5417377812216
2019-12-28,7317.990234375,7399.041015625,7286.9052734375,7289.03125,21365673026,2019,12,28,1,2,1,0.25,0.25,0.5,7223.040454101562,7301.7702755774735,54.91807595892743,7580.596703895809,6865.484204307316,178.77812489712326
2019-12-29,7422.65283203125,7513.9482421875,7279.865234375,7317.6474609375,22445257702,2019,12,29,1,0,3,0.75,0.25,0.0,7224.128125,7313.282900001643,56.61846254109352,7584.0867109563615,6864.169539043639,179.9792929781806
2019-12-30,7292.9951171875,7454.82421875,7276.30810546875,7420.27294921875,22874131672,2019,12,30,1,2,3,0.5,0.1666666666666666,0.3333333333333333,7224.871899414063,7311.35073020982,59.23337156737737,7585.361300157261,6864.382498670864,180.2447003715993
2019-12-31,7193.59912109375,7335.2900390625,7169.77783203125,7294.43896484375,21167946112,2019,12,31,4,0,6,0.6,0.4,0.0,7223.680493164063,7300.136291246385,65.71557800099893,7584.430899095239,6862.930087232887,180.37520296558804
2020-01-01,7200.17431640625,7254.33056640625,7174.9443359375,7194.89208984375,18565664997,2020,1,1,18,13,23,0.4259259259259259,0.3333333333333333,0.2407407407407407,7221.532495117188,7290.616103166371,46.609228705671065,7582.306772344532,6860.758217889844,180.38713861367208
2020-01-02,6985.47021484375,7212.1552734375,6935.27001953125,7202.55126953125,20802083465,2020,1,2,17,8,14,0.358974358974359,0.4358974358974359,0.2051282051282051,7207.32177734375,7261.554589992788,41.44668989654149,7582.223522674409,6832.420032013091,187.45087266532923
2020-01-03,7344.88427734375,7413.71533203125,6914.99609375,6984.4287109375,28111481032,2020,1,3,20,23,37,0.4625,0.25,0.2875,7218.332299804688,7269.49075069288,53.905102147309314,7595.938859012832,6840.725740596544,188.8032796040721
2020-01-04,7410.65673828125,7427.3857421875,7309.51416015625,7345.37548828125,18444271275,2020,1,4,4,1,4,0.4444444444444444,0.4444444444444444,0.1111111111111111,7231.250048828125,7282.935130463201,56.64236674247832,7616.935544307134,6845.564553349116,192.8427477395043
2020-01-05,7411.3173828125,7544.4970703125,7400.53564453125,7410.45166015625,19725074095,2020,1,5,5,1,8,0.5714285714285714,0.3571428571428571,0.0714285714285714,7255.19189453125,7295.162011639325,46.23743466318008,7621.762035743134,6888.621753319366,183.2850706059422
2020-01-06,7769.21923828125,7781.8671875,7409.29296875,7410.4521484375,23276261598,2020,1,6,4,4,8,0.5,0.25,0.25,7311.627099609375,7340.3103189385565,63.47702093102588,7623.150646448429,7000.103552770322,155.76177341952703
2020-01-07,8163.6923828125,8178.2158203125,7768.2275390625,7768.68212890625,28767291327,2020,1,7,4,2,5,0.4545454545454545,0.3636363636363636,0.1818181818181818,7355.97158203125,7418.727658355122,72.18475603537,7847.252768343965,6864.690395718536,245.64059315635703
2020-01-08,8079.86279296875,8396.73828125,7956.7744140625,8161.935546875,31672559265,2020,1,8,5,7,8,0.4,0.25,0.35,7399.822509765625,7481.692909270706,70.8229515918558,7981.75380318224,6817.8912163490095,290.965646708308
2020-01-09,7879.0712890625,8082.2958984375,7842.40380859375,8082.2958984375,24045990466,2020,1,9,5,3,6,0.4285714285714285,0.3571428571428571,0.2142857142857142,7432.83525390625,7519.538469250877,65.2633887965976,8045.624992235384,6820.045515577115,306.3948691645672
2020-01-10,8166.55419921875,8166.55419921875,7726.77490234375,7878.3076171875,28714583844,2020,1,10,7,5,14,0.5384615384615384,0.2692307692307692,0.1923076923076923,7481.605029296875,7581.159014962102,68.78229347557216,8164.639221424411,6798.570837169339,341.5170960637679
2020-01-11,8037.53759765625,8218.359375,8029.64208984375,8162.19091796875,25521165085,2020,1,11,0,2,2,0.5,0.0,0.5,7507.902465820312,7624.623641885354,64.77911553948681,8234.88259265311,6780.922338987516,363.4900634163983
2020-01-12,8192.494140625,8200.0634765625,8009.05908203125,8033.26171875,22903438381,2020,1,12,2,1,3,0.5,0.3333333333333333,0.1666666666666666,7549.745751953125,7678.706546527225,65.49205693514057,8333.909626008148,6765.581877898103,392.08193702751146
2020-01-13,8144.1943359375,8197.7880859375,8079.70068359375,8189.77197265625,22482910688,2020,1,13,2,3,7,0.5833333333333334,0.1666666666666666,0.25,7590.828857421875,7723.0387169472515,67.70915576201577,8410.17691190154,6771.480802942209,409.6740272398329
2020-01-14,8827.7646484375,8879.51171875,8140.93310546875,8140.93310546875,44841784107,2020,1,14,6,5,18,0.6206896551724138,0.2068965517241379,0.1724137931034483,7668.459301757813,7828.250710422513,77.35052003867091,8641.642282690618,6695.276320825007,486.5914904664026
2020-01-15,8807.0107421875,8890.1171875,8657.1875,8825.34375,40102834650,2020,1,15,5,3,14,0.6363636363636364,0.2272727272727272,0.1363636363636363,7746.861499023437,7921.4659515429885,76.76608701692263,8821.698257578893,6672.024740467981,537.4183792777283
2020-01-16,8723.7861328125,8846.4609375,8612.095703125,8812.4814453125,31313981931,2020,1,16,9,5,12,0.4615384615384615,0.3461538461538461,0.1923076923076923,7818.54638671875,7997.87739737818,80.28268836179538,8954.607668209746,6682.485105227754,568.0306407454981
2020-01-17,8929.0380859375,8958.1220703125,8677.31640625,8725.2099609375,36372139320,2020,1,17,6,4,4,0.2857142857142857,0.4285714285714285,0.2857142857142857,7899.098779296875,8086.559367717163,79.16351376642092,9111.610653233094,6686.5869053606575,606.255936968109
2020-01-18,8942.80859375,9012.1982421875,8827.33203125,8927.2119140625,32337772627,2020,1,18,0,1,7,0.875,0.0,0.125,7975.1065673828125,8168.106913053623,78.7567778301376,9250.803670534298,6699.409464231327,637.8485515757428
2020-01-19,8706.2451171875,9164.3623046875,8620.080078125,8941.4453125,34217320471,2020,1,19,1,6,5,0.4166666666666667,0.0833333333333333,0.5,8045.769067382813,8219.358170590183,72.32721240457938,9318.940696826485,6772.597437939142,636.5858147218356
2020-01-20,8657.642578125,8745.5908203125,8560.4736328125,8704.6318359375,26422375678,2020,1,20,18,5,18,0.4390243902439024,0.4390243902439024,0.1219512195121951,8118.971240234375,8261.099542736356,67.14714081910492,9353.612709963618,6884.329770505132,617.3207348646216
2020-01-21,8745.89453125,8755.7060546875,8544.5205078125,8658.9912109375,24097418512,2020,1,21,8,4,3,0.2,0.5333333333333333,0.2666666666666666,8196.257250976563,8307.270494023369,62.74318770891304,9381.250733582245,7011.263768370884,592.4967413028401
2020-01-22,8680.8759765625,8792.994140625,8636.7470703125,8744.2109375,22600204051,2020,1,22,4,4,2,0.2,0.4,0.4,8281.0275390625,8342.851968550905,63.26414801145811,9336.85102990426,7225.204048220738,527.9117454208803
2020-01-23,8406.515625,8687.7470703125,8333.6376953125,8680.650390625,25770680779,2020,1,23,6,3,7,0.4375,0.375,0.1875,8334.109106445312,8348.91517392701,61.27439867772349,9294.170004233918,7374.048208656706,480.0304488943028
2020-01-24,8445.4345703125,8514.6669921875,8266.8408203125,8405.5673828125,24397913026,2020,1,24,5,1,5,0.4545454545454545,0.4545454545454545,0.0909090909090909,8385.847998046875,8358.107497392293,56.669991850924,9242.309043340632,7529.386952753117,428.2305226468791
2020-01-25,8367.84765625,8458.453125,8296.21875,8440.119140625,19647331549,2020,1,25,6,2,6,0.4285714285714285,0.4285714285714285,0.1428571428571428,8433.67451171875,8359.035131569219,58.09928740398727,9157.569359284422,7709.779664153077,361.947423782836
2020-01-26,8596.830078125,8602.4013671875,8325.498046875,8364.41015625,22177678796,2020,1,26,9,4,5,0.2777777777777778,0.5,0.2222222222222222,8475.055053710938,8381.682269336436,59.567109329941886,9130.395022922055,7819.715084499819,327.66998460555936
2020-01-27,8909.8193359375,8977.7265625,8597.30859375,8597.30859375,28647338393,2020,1,27,9,5,4,0.2222222222222222,0.5,0.2777777777777778,8512.361401367187,8431.981037584155,66.099131221883,9177.939544065424,7846.783258668949,332.7890713491186
2020-01-28,9358.58984375,9358.58984375,8908.447265625,8912.5244140625,34398744403,2020,1,28,4,7,11,0.5,0.1818181818181818,0.3181818181818182,8576.29775390625,8520.229495314235,62.38483029457105,9309.210205214102,7843.385302598399,366.4562256539256
2020-01-29,9316.6298828125,9406.431640625,9269.4677734375,9357.470703125,30682598115,2020,1,29,6,2,6,0.4285714285714285,0.4285714285714285,0.1428571428571428,8648.17568359375,8596.07715126645,61.77356314474274,9375.123350338112,7921.22801684939,363.4738333721804
2020-01-30,9508.9931640625,9553.1259765625,9230.8974609375,9316.0166015625,32378792851,2020,1,30,7,4,11,0.5,0.3181818181818182,0.1818181818181818,8715.297631835938,8683.021533437503,67.26951414805804,9500.568846818594,7930.026416853282,392.6356074913279
2020-01-31,9350.529296875,9521.7060546875,9230.7763671875,9508.3134765625,29432489719,2020,1,31,0,4,3,0.4285714285714285,0.0,0.5714285714285714,8780.947216796874,8746.59370138393,59.46489558740391,9546.94225997966,8014.952173614089,382.9975215913929
2020-02-01,9392.875,9439.3232421875,9313.2392578125,9346.357421875,25922656496,2020,2,1,3,2,4,0.4444444444444444,0.3333333333333333,0.2222222222222222,8840.966259765624,8808.144301252127,59.978512987907166,9600.9091673137,8081.02335221755,379.9714537740371
2020-02-02,9344.365234375,9468.7978515625,9217.82421875,9389.8203125,30835736946,2020,2,2,2,0,3,0.6,0.4,0.0,8900.9748046875,8859.212961549543,65.43497414650393,9617.558323529336,8184.391285845661,358.2917594209188
2020-02-03,9293.521484375,9540.3720703125,9248.6337890625,9344.68359375,30934096509,2020,2,3,6,6,13,0.52,0.24,0.24,8924.262646484374,8900.57567800911,65.36410527458318,9660.822703671158,8187.702589297591,368.28002859339176
2020-02-04,9180.962890625,9331.265625,9112.8115234375,9292.841796875,29893183716,2020,2,4,2,2,4,0.5,0.25,0.25,8942.96025390625,8927.279222067767,60.39007985372589,9685.945470953891,8199.97503685861,371.4926085238205
2020-02-05,9613.423828125,9701.2998046875,9163.7041015625,9183.416015625,35222060874,2020,2,5,5,2,5,0.4166666666666667,0.4166666666666667,0.1666666666666666,8987.442138671875,8992.626327406551,68.94564318991374,9780.04474741956,8194.83952992419,396.3013043738429
2020-02-06,9729.8017578125,9824.619140625,9539.818359375,9617.8212890625,37628823716,2020,2,6,3,0,7,0.7,0.3,0.0,9027.480322265625,9062.833511254736,78.7279718895,9885.834365397612,8169.126279133638,429.1770215659937
2020-02-07,9795.943359375,9834.716796875,9726.0029296875,9726.0029296875,34522718159,2020,2,7,1,1,4,0.6666666666666666,0.1666666666666666,0.1666666666666666,9070.137060546876,9132.65349679,78.97646674765734,9993.134419537517,8147.139701556233,461.49867949532063
2020-02-08,9865.119140625,9876.7490234375,9678.91015625,9793.0703125,35172043762,2020,2,8,3,2,1,0.1666666666666666,0.5,0.3333333333333333,9128.08076171875,9202.412129536193,82.24177451033995,10099.143045312416,8157.018478125083,485.531141796833
2020-02-09,10116.673828125,10129.435546875,9850.392578125,9863.89453125,35807884663,2020,2,9,1,0,10,0.9090909090909092,0.0909090909090909,0.0,9201.03232421875,9289.484672258934,82.41274516991116,10240.12452522134,8161.940123216158,519.546100501296
2020-02-10,9856.611328125,10165.765625,9784.5634765625,10115.5595703125,39386548075,2020,2,10,3,3,9,0.6,0.2,0.2,9256.5681640625,9343.496734722368,70.65798114453034,10311.8390138055,8201.297314319501,527.6354248714998
2020-02-11,10208.236328125,10210.052734375,9729.3349609375,9855.8916015625,37648059389,2020,2,11,1,2,3,0.5,0.1666666666666666,0.3333333333333333,9332.936181640624,9425.852886475,69.35904339351434,10432.90680398255,8232.9655592987,549.985311170963
2020-02-12,10326.0546875,10393.611328125,10202.3876953125,10202.3876953125,43444303830,2020,2,12,2,5,4,0.3636363636363636,0.1818181818181818,0.4545454545454545,9428.913134765626,9511.586391334524,72.23107129292164,10523.49219982008,8334.33406971117,547.289532527227
2020-02-13,10214.3798828125,10457.626953125,10116.1611328125,10323.9609375,49356071373,2020,2,13,7,1,7,0.4666666666666667,0.4666666666666667,0.0666666666666666,9517.360400390626,9578.519104808618,66.10756394269109,10562.07243479924,8472.648365982011,522.3560172043074
2020-02-14,10312.1162109375,10321.99609375,10125.5341796875,10211.55078125,43338264162,2020,2,14,3,0,7,0.7,0.3,0.0,9614.573828125,9648.385495868511,72.58427718799126,10566.636254682866,8662.511401567133,476.03121327893297
2020-02-15,9889.4248046875,10341.5556640625,9874.427734375,10313.8564453125,43865054831,2020,2,15,4,2,5,0.4545454545454545,0.3636363636363636,0.1818181818181818,9679.203564453124,9671.341620517938,59.894460027095256,10507.862502179038,8850.544626727211,414.3294688629567
2020-02-16,9934.43359375,10053.96875,9722.38671875,9889.1796875,43374780305,2020,2,16,0,0,5,1.0,0.0,0.0,9730.43427734375,9696.397998920993,61.77437810518702,10481.911114469383,8978.957440218115,375.7384185628167
2020-02-17,9690.142578125,9938.8154296875,9507.6376953125,9936.560546875,45998298413,2020,2,17,3,3,9,0.6,0.2,0.2,9747.0119140625,9695.80224455947,57.34707256767288,10478.30731869089,9015.716509434107,365.6477023141952
2020-02-18,10141.99609375,10161.935546875,9632.3828125,9691.23046875,47271023953,2020,2,18,5,0,1,0.1666666666666666,0.8333333333333334,0.0,9788.280224609374,9738.29689686333,65.81441256593504,10510.4099610532,9066.150488165547,361.0648682219138
2020-02-19,9633.38671875,10191.67578125,9611.2236328125,10143.798828125,46992019710,2020,2,19,6,5,4,0.2666666666666666,0.4,0.3333333333333333,9794.49990234375,9728.305451328728,50.3204706130235,10508.599407479109,9080.400397208394,357.049752567678
2020-02-20,9608.4755859375,9643.216796875,9507.900390625,9629.3251953125,44925260237,2020,2,20,7,4,4,0.2666666666666666,0.4666666666666667,0.2666666666666666,9807.397216796877,9716.893083196232,47.99338439324097,10496.618642333078,9118.175791260672,344.61071276810145
2020-02-21,9686.44140625,9723.0146484375,9589.7431640625,9611.7822265625,40930547513,2020,2,21,2,5,2,0.2222222222222222,0.2222222222222222,0.5555555555555556,9822.075537109376,9713.992923487069,48.19600118153637,10486.1723756216,9157.97869859715,332.0484192561126
2020-02-22,9663.181640625,9698.2314453125,9600.728515625,9687.70703125,35838025154,2020,2,22,0,2,3,0.6,0.0,0.4,9838.016357421877,9709.15375369068,46.62205959226346,10468.27525891619,9207.75745592756,315.1294507471578
2020-02-23,9924.515625,9937.404296875,9657.791015625,9663.318359375,41185185761,2020,2,23,2,1,2,0.4,0.4,0.2,9869.566064453124,9729.66440810109,46.796126369099525,10445.929367291295,9293.202761614955,288.18165141908503
2020-02-24,9650.1748046875,9951.74609375,9537.04296875,9921.5830078125,45080496648,2020,2,24,11,3,7,0.3333333333333333,0.5238095238095238,0.1428571428571428,9893.02666015625,9722.093969680747,46.57437281939175,10383.11254369708,9402.940776615422,245.04294177041464
2020-02-25,9341.705078125,9652.7373046875,9305.021484375,9651.3125,42515259129,2020,2,25,7,3,5,0.3333333333333333,0.4666666666666667,0.2,9879.44072265625,9685.866456199248,35.41175913540644,10415.107746507318,9343.773698805184,267.8335119255337
2020-02-26,8820.5224609375,9354.7783203125,8704.4267578125,9338.2900390625,50420050762,2020,2,26,8,2,8,0.4444444444444444,0.4444444444444444,0.1111111111111111,9833.9767578125,9603.452742364796,27.684771019448576,10547.830293625078,9120.12322199992,356.92676790628985
2020-02-27,8784.494140625,8932.892578125,8577.19921875,8825.09375,45470195695,2020,2,27,7,2,4,0.3076923076923077,0.5384615384615384,0.1538461538461538,9783.404296875,9525.456685056244,28.31983989703943,10638.032979999283,8928.775613750715,427.3143415621427
2020-02-28,8672.455078125,8890.4560546875,8492.9326171875,8788.728515625,44605450443,2020,2,28,8,1,2,0.1818181818181818,0.7272727272727273,0.0909090909090909,9723.77109375,9444.218436777075,25.246552161848257,10710.60674435964,8736.935443140359,493.4178253048199
2020-02-29,8599.5087890625,8775.6318359375,8599.5087890625,8671.212890625,35792392544,2020,2,29,4,1,4,0.4444444444444444,0.4444444444444444,0.1111111111111111,9647.912841796877,9363.769898899498,28.22735643354804,10735.66915540435,8560.1565281894,543.8781568037372
2020-03-01,8562.4541015625,8726.796875,8471.212890625,8599.7587890625,35349164300,2020,3,1,5,7,12,0.5,0.2083333333333333,0.2916666666666667,9583.20498046875,9287.454108676928,26.779847473992533,10768.30448876852,8398.105472168982,592.549754149884
2020-03-02,8869.669921875,8921.30859375,8532.630859375,8563.2646484375,42857674409,2020,3,2,8,8,19,0.5428571428571428,0.2285714285714285,0.2285714285714285,9516.27666015625,9247.665138505316,36.40345880275399,10703.93859192418,8328.614728388322,593.8309658839646
2020-03-03,8787.7861328125,8901.5986328125,8704.990234375,8865.3876953125,42386715821,2020,3,3,56,50,74,0.4111111111111111,0.3111111111111111,0.2777777777777778,9439.363232421874,9203.867137963143,24.42224087207532,10605.256934568968,8273.46953027478,582.9468510735471
2020-03-04,8755.24609375,8843.3662109375,8712.431640625,8788.5419921875,34746706368,2020,3,4,9,5,2,0.125,0.5625,0.3125,9366.40654296875,9161.141324228558,29.77726602137382,10510.510464700315,8222.302621237184,572.0519608657828
2020-03-05,9078.7626953125,9142.0546875,8757.25390625,8760.28515625,39698054597,2020,3,5,2,4,3,0.3333333333333333,0.2222222222222222,0.4444444444444444,9304.7388671875,9153.295740522268,39.2761002937069,10364.02756944378,8245.45016493122,529.6443511281392
2020-03-06,9122.5458984375,9167.6953125,9032.0791015625,9078.30859375,40826885651,2020,3,6,3,2,3,0.375,0.375,0.25,9266.394921875,9150.367184133243,38.42386416626137,10291.538927622085,8241.250916127916,512.5720028735423
2020-03-08,8108.1162109375,8914.34375,8105.2529296875,8908.2060546875,39973102121,2020,3,8,1,2,1,0.25,0.25,0.5,9175.079052734374,9051.105186686029,27.31000536619049,10272.48587653774,8077.67222893101,548.7034119016821
2020-03-09,7923.64453125,8177.79345703125,7690.09814453125,8111.146484375,46936995808,2020,3,9,5,4,4,0.3076923076923077,0.3846153846153846,0.3076923076923077,9086.754150390623,8943.727981406406,20.13538174503688,10288.963118066613,7884.545182714637,601.1044838379937
2020-03-10,7909.7294921875,8136.9453125,7814.76318359375,7922.14697265625,42213940994,2020,3,10,7,2,5,0.3571428571428571,0.5,0.1428571428571428,8975.1408203125,8845.251934814129,21.83268302427848,10179.335785055451,7770.945855569546,602.0974823714764
2020-03-11,7911.43017578125,7950.814453125,7642.8125,7910.08984375,38682762605,2020,3,11,3,5,1,0.1111111111111111,0.3333333333333333,0.5555555555555556,8889.042993164063,8756.316529191949,24.300660556221857,10140.386872272811,7637.699114055315,625.6719395543743
2020-03-12,4970.7880859375,7929.1162109375,4860.35400390625,7913.6162109375,53980357243,2020,3,12,15,2,6,0.2608695652173913,0.6521739130434783,0.0869565217391304,8657.158618164063,8395.790010786763,12.998742824082283,10769.6564232353,6544.660813092827,1056.248902535618
2020-03-13,5563.70703125,5838.11474609375,4106.98095703125,5017.8310546875,74156772075,2020,3,13,6,1,8,0.5333333333333333,0.4,0.0666666666666666,8451.021899414063,8126.067822259452,22.037203623707555,10915.837291858055,5986.206506970071,1232.4076962219958
2020-03-14,5200.3662109375,5625.2265625,5125.0693359375,5573.07763671875,36154506008,2020,3,14,1,2,6,0.6666666666666666,0.1111111111111111,0.2222222222222222,8227.881127929688,7847.429573562124,21.11579648939461,11017.310081120697,5438.452174738678,1394.714476595505
2020-03-15,5392.31494140625,5836.64501953125,5169.283203125,5201.06689453125,33997889639,2020,3,15,4,4,10,0.5555555555555556,0.2222222222222222,0.2222222222222222,8001.27109375,7613.609132404421,23.837456951295778,10942.597890066456,5059.944297433543,1470.6633981582286
2020-03-16,5014.47998046875,5385.2294921875,4575.35791015625,5385.2294921875,45368026430,2020,3,16,7,5,13,0.52,0.28,0.2,7769.486352539063,7366.073022696261,22.581945868986068,10888.923554283589,4650.049150794538,1559.7186008722624
2020-03-17,5225.62939453125,5371.3486328125,4981.9091796875,5002.578125,38622642935,2020,3,17,4,3,1,0.125,0.5,0.375,7563.682568359375,7162.221248585308,21.41514544043494,10787.735353427444,4339.629783291306,1612.0263925340346
2020-03-18,5238.4384765625,5331.833984375,5069.3359375,5227.11376953125,37878801016,2020,3,18,6,2,7,0.4666666666666667,0.4,0.1333333333333333,7384.578369140625,6979.003841725992,21.85291747420861,10711.011578311456,4058.1451599697934,1663.216604585415
2020-03-19,6191.19287109375,6329.73583984375,5236.96875,5245.41650390625,51000731797,2020,3,19,5,1,8,0.5714285714285714,0.3571428571428571,0.0714285714285714,7254.913305664062,6903.974225475303,32.256215871593895,10553.641743540957,3956.184867787167,1649.3642189384475
2020-03-20,6198.7783203125,6844.26171875,5865.78173828125,6191.65380859375,54442976103,2020,3,20,12,5,2,0.1052631578947368,0.631578947368421,0.2631578947368421,7131.229467773437,6836.812710697894,29.15859081707174,10391.442144177392,3871.016791369482,1630.1063382019777
2020-03-21,6185.06640625,6378.13525390625,5932.8232421875,6206.521484375,42494390880,2020,3,21,5,3,2,0.2,0.5,0.3,7010.507348632813,6774.741634083808,28.649595972013746,10220.215995051449,3800.798702214177,1604.854323209318
2020-03-22,5830.2548828125,6359.697265625,5823.7138671875,6185.55810546875,40099664740,2020,3,22,2,2,1,0.2,0.4,0.4,6873.897387695312,6684.790514915112,31.6880244753186,10037.732572249122,3710.0622031415023,1581.917592276905
2020-03-23,6416.31494140625,6443.9345703125,5785.00439453125,5831.37451171875,46491916000,2020,3,23,4,5,8,0.4705882352941176,0.2352941176470588,0.2941176470588235,6751.229638671875,6659.221412676174,38.61736969183971,9776.461365692026,3725.997911651725,1512.615863510075
2020-03-24,6734.8037109375,6789.02294921875,6411.06640625,6436.642578125,48221910672,2020,3,24,5,4,13,0.5909090909090909,0.2272727272727272,0.1818181818181818,6648.580517578125,6666.4197267963,41.517708395757175,9518.170580960676,3778.990454195575,1434.7950316912752
2020-03-25,6681.06298828125,6892.51123046875,6536.92626953125,6738.716796875,44590107888,2020,3,25,6,5,8,0.4210526315789473,0.3157894736842105,0.2631578947368421,6544.871362304688,6667.8143231282,41.18369874087227,9238.41148480355,3851.331239805827,1346.7700612494305
2020-03-26,6716.4404296875,6735.4638671875,6590.962890625,6675.1708984375,35319797642,2020,3,26,16,11,10,0.2702702702702703,0.4324324324324324,0.2972972972972973,6426.7552490234375,6672.445380895752,71.43202615272429,8845.619910616171,4007.890587430704,1209.432330796367
2020-03-27,6469.79833984375,6793.83642578125,6466.70166015625,6719.38916015625,34585598367,2020,3,27,11,6,10,0.3703703703703703,0.4074074074074074,0.2222222222222222,6294.11787109375,6653.145662700324,62.1582019796967,8355.007647990222,4233.228094197279,1030.4448884482356
2020-03-28,6242.19384765625,6467.5009765625,6117.837890625,6467.25390625,34885225901,2020,3,28,2,1,5,0.625,0.25,0.125,6200.821752929687,6614.007394600889,64.50803664109431,8076.569435906555,4325.07406995282,937.8738414884336
2020-03-29,5922.04296875,6250.46728515625,5920.0859375,6245.62451171875,28373690931,2020,3,29,2,3,3,0.375,0.25,0.375,6100.741674804687,6548.106020710328,57.12244882149166,7794.185276505785,4407.29807310359,846.721800850549
2020-03-30,6429.841796875,6517.19580078125,5903.234375,5925.53857421875,37101651525,2020,3,30,10,8,11,0.3793103448275862,0.3448275862068966,0.2758620689655172,6026.747290039062,6536.84276129744,68.38760245198397,7502.743648617274,4550.750931460851,737.998179289106
2020-03-31,6438.64453125,6504.51513671875,6374.162109375,6430.6064453125,32786468812,2020,3,31,5,2,7,0.5,0.3571428571428571,0.1428571428571428,5953.1080078125,6527.490548911969,66.63333199869679,7154.629834043273,4751.586181581726,600.7609131153866
2020-04-01,6606.7763671875,6612.57373046875,6202.37353515625,6437.3193359375,40346426266,2020,4,1,4,4,2,0.2,0.4,0.4,6034.907421875,6535.041579223925,67.9965789009276,7176.085652535485,4893.729191214516,570.5891153302425
2020-04-02,6793.62451171875,7088.24755859375,6595.91845703125,6606.7763671875,47660646124,2020,4,2,2,4,5,0.4545454545454545,0.1818181818181818,0.3636363636363636,6096.403295898437,6559.668525175813,59.922270800514575,7262.941475930221,4929.8651158666535,583.2690900158917
2020-04-03,6733.38720703125,7003.220703125,6673.3359375,6797.396484375,38976504903,2020,4,3,5,3,10,0.5555555555555556,0.2777777777777778,0.1666666666666666,6173.054345703125,6576.213161542997,58.655091962017096,7292.190494956314,5053.918196449937,559.5680746265946
2020-04-04,6867.52734375,6878.95361328125,6696.48486328125,6738.3828125,33185988584,2020,4,4,1,0,2,0.6666666666666666,0.3333333333333333,0.0,6246.814965820313,6603.957369372235,60.63409221427534,7343.521837243547,5150.108094397078,548.3534357116173
2020-04-05,6791.12939453125,6883.4140625,6715.92919921875,6862.53759765625,29510409856,2020,4,5,2,3,5,0.5,0.2,0.3,6335.647436523437,6621.783276530236,66.39481809806644,7290.738266355049,5380.556606691825,477.5454149158061
2020-04-06,7271.78125,7271.78125,6782.8896484375,6788.0498046875,46896904615,2020,4,6,6,3,11,0.55,0.3,0.15,6437.955029296875,6683.687845432119,65.14092595322859,7328.586081179013,5547.323977414737,445.315525941069
2020-04-07,7176.41455078125,7427.939453125,7136.71435546875,7273.64404296875,44243482668,2020,4,7,2,5,8,0.5333333333333333,0.1333333333333333,0.3333333333333333,6534.853833007813,6730.614198322512,58.486343598115326,7286.904695875377,5782.802970140248,376.0254314337823
2020-04-08,7334.0986328125,7356.2236328125,7153.3056640625,7179.283203125,37563249549,2020,4,8,8,4,6,0.3333333333333333,0.4444444444444444,0.2222222222222222,6591.99912109375,6788.088906369177,62.06717652410906,7405.294573445602,5778.703668741898,406.64772617592587
2020-04-09,7302.08935546875,7341.4482421875,7179.09423828125,7337.96630859375,34815139178,2020,4,9,3,1,6,0.6,0.3,0.1,6647.1646728515625,6837.041330092945,60.83545285872587,7497.009967955612,5797.319377747513,424.92264755202496
2020-04-10,6865.4931640625,7303.8154296875,6802.47509765625,7303.8154296875,43622840992,2020,4,10,5,2,3,0.3,0.5,0.2,6681.186010742187,6839.751028566236,56.84020246208564,7507.287745918439,5855.084275565935,413.0508675881259
2020-04-11,6859.0830078125,6926.06982421875,6789.9208984375,6867.4404296875,31222085946,2020,4,11,2,0,0,0.0,1.0,0.0,6732.627416992187,6841.5921694468325,61.54692906957848,7457.55914613903,6007.695687845344,362.4658645734215
2020-04-12,6971.091796875,7119.947265625,6811.078125,6858.06787109375,35759567632,2020,4,12,0,0,5,1.0,0.0,0.0,6760.366259765625,6853.925467297134,71.29543358610228,7476.741840020567,6043.990679510683,358.187790127471
2020-04-13,6845.03759765625,6965.61669921875,6668.259765625,6965.61669921875,38619308647,2020,4,13,4,2,7,0.5384615384615384,0.3076923076923077,0.1538461538461538,6765.877954101563,6853.079003521812,59.9742456627824,7483.121153405261,6048.634754797865,358.6215996518489
2020-04-14,6842.427734375,6958.55712890625,6793.8212890625,6843.28173828125,34110434052,2020,4,14,5,4,5,0.3571428571428571,0.3571428571428571,0.2857142857142857,6773.94619140625,6852.064596936401,59.72902891832749,7490.802478019271,6057.08990479323,358.4281433065101
2020-04-15,6642.10986328125,6928.66455078125,6633.40283203125,6845.5615234375,32288311031,2020,4,15,3,1,6,0.6,0.3,0.1,6770.229663085937,6832.068908016863,50.838346482253534,7489.109141674723,6051.350184497152,359.439739294393
2020-04-16,7116.80419921875,7134.45068359375,6555.50439453125,6640.4541015625,46783242377,2020,4,16,5,3,6,0.4285714285714285,0.3571428571428571,0.2142857142857142,6802.579956054688,6859.186554797995,56.7464629262153,7522.764975776961,6082.394936332414,360.0925098611372
2020-04-17,7096.1845703125,7167.18310546875,7050.33203125,7116.552734375,32513423567,2020,4,17,4,3,4,0.3636363636363636,0.3636363636363636,0.2727272727272727,6845.2794921875,6881.757794370805,57.70086951402608,7525.739362818685,6164.819621556316,340.22993531559206
2020-04-18,7257.6650390625,7269.95654296875,7089.2470703125,7092.29150390625,32447188386,2020,4,18,0,2,3,0.6,0.0,0.4,6912.060595703125,6917.558484341443,58.18619059699002,7460.335135872338,6363.786055533911,274.137270084607
2020-04-19,7189.4248046875,7280.52197265625,7167.0546875,7260.92236328125,31311210215,2020,4,19,1,0,4,0.8,0.2,0.0,6950.03974609375,6943.450514850591,58.38607168742515,7461.677206418069,6438.402285769432,255.8187301621594
2020-04-20,6881.95849609375,7240.29052734375,6835.5029296875,7186.87353515625,37747113936,2020,4,20,7,3,8,0.4444444444444444,0.3888888888888889,0.1666666666666666,6972.2054443359375,6937.594132111844,41.14666215400093,7425.661148340787,6518.749740331088,226.72785200242453
2020-04-21,6880.3232421875,6934.5517578125,6834.4423828125,6879.7841796875,32589741511,2020,4,21,10,2,4,0.25,0.625,0.125,6985.882788085937,6932.1397616428585,42.9763838224771,7408.373496200271,6563.392079971603,211.24535405716665
2020-04-22,7117.20751953125,7145.86572265625,6867.78173828125,6879.4404296875,33249153866,2020,4,22,4,0,1,0.2,0.8,0.0,7002.061938476562,6949.765262394134,45.04141632420048,7418.289364850852,6585.834512102273,208.11371318714447
2020-04-23,7429.724609375,7491.78515625,7081.5947265625,7121.30615234375,43500782316,2020,4,23,4,2,3,0.3333333333333333,0.4444444444444444,0.2222222222222222,7036.87880859375,6995.475676392312,52.58629099649728,7474.42700012468,6599.330617062821,218.7740957654644
2020-04-24,7550.90087890625,7574.19580078125,7434.181640625,7434.181640625,34636526286,2020,4,24,4,5,3,0.25,0.3333333333333333,0.4166666666666667,7071.0474853515625,7048.373314726972,65.9240513566439,7556.969028786624,6585.125941916501,242.96077171753095
2020-04-25,7569.93603515625,7641.36376953125,7521.67236328125,7550.48291015625,32941541447,2020,4,25,6,3,1,0.1,0.6,0.3,7109.987817382813,7098.045954767856,66.41890274862087,7625.388010112321,6594.587624653304,257.70009636475424
2020-04-26,7679.8671875,7700.59423828125,7561.40771484375,7570.13916015625,33070154491,2020,4,26,0,6,3,0.3333333333333333,0.0,0.6666666666666666,7130.392114257813,7153.4575007423455,66.38664189732887,7702.007761476435,6558.776467039191,285.8078236093111
2020-04-27,7795.60107421875,7795.60107421875,7679.4189453125,7679.4189453125,36162144725,2020,4,27,2,4,4,0.4,0.2,0.4,7161.351440429688,7214.614031549622,72.08207539208293,7805.883327174753,6516.819553684622,322.26594337253266
2020-04-28,7807.05859375,7814.52734375,7730.806640625,7796.97021484375,33187959921,2020,4,28,2,1,6,0.6666666666666666,0.2222222222222222,0.1111111111111111,7184.999438476562,7271.037323187754,72.31712860666102,7888.249488494466,6481.749388458658,351.62502500895187
2020-04-29,8801.0380859375,8871.75390625,7786.04931640625,7806.71240234375,60201052203,2020,4,29,6,0,3,0.3333333333333333,0.6666666666666666,0.0,7259.946875,7416.751681544873,86.53192950218416,8268.822382695873,6251.071367304126,504.4377538479364
2020-04-30,8658.5537109375,9440.650390625,8533.255859375,8797.669921875,66964629541,2020,4,30,3,3,4,0.4,0.3,0.3,7349.59990234375,7535.0185414870275,79.39307067046299,8517.09344321232,6182.10636147518,583.7467704342847
2020-05-01,8864.7666015625,9048.0234375,8667.763671875,8672.7822265625,44068389997,2020,5,1,6,2,6,0.4285714285714285,0.4285714285714285,0.1428571428571428,7449.88408203125,7661.661213875168,81.48921697908494,8774.0267454014,6125.7414186611,662.0713316850752
2020-05-02,8988.5966796875,9007.1875,8811.3662109375,8869.0576171875,40134388683,2020,5,2,2,4,10,0.625,0.125,0.25,7550.759326171875,7788.036020143009,81.23766776944447,9020.690124743382,6080.828527600367,734.9653992857538
2020-05-03,8897.46875,9167.78125,8830.9716796875,8983.6142578125,47101785174,2020,5,3,16,17,8,0.1951219512195122,0.3902439024390244,0.4146341463414634,7653.380883789063,7893.696280129389,80.57206482049561,9200.416627068244,6106.345140509881,773.5178716395907
2020-05-04,8912.654296875,8956.90625,8645.0244140625,8895.7451171875,45718796276,2020,5,4,7,1,6,0.4285714285714285,0.5,0.0714285714285714,7756.8922119140625,7990.739900771829,90.5945780906322,9351.759022028877,6162.025401799248,797.4334050574072
2020-05-05,9003.0703125,9062.4150390625,8856.8271484375,8912.83203125,43148462663,2020,5,5,2,6,3,0.2727272727272727,0.1818181818181818,0.5454545454545454,7874.940234375,8087.152320936417,90.98012126851954,9471.885616952595,6277.994851797402,798.4726912887991
2020-05-06,9268.76171875,9411.4677734375,8966.7060546875,9007.44140625,49371886931,2020,5,6,2,1,4,0.5714285714285714,0.2857142857142857,0.1428571428571428,7982.538110351563,8199.686549299615,91.07934187030683,9652.71214226404,6312.364078439086,835.0870159562381
2020-05-07,9951.5185546875,9992.6640625,9138.322265625,9261.8955078125,61112700562,2020,5,7,4,1,9,0.6428571428571429,0.2857142857142857,0.0714285714285714,8125.304809570312,8366.52769266989,92.18431400095729,9956.821347954285,6293.788271186341,915.7582691919856
2020-05-08,9842.666015625,9996.7431640625,9767.1728515625,9936.162109375,51780748042,2020,5,8,5,3,2,0.2,0.5,0.3,8254.554858398438,8507.112294856091,88.49513087590758,10190.15323901848,6318.956477778395,967.7991903100212
2020-05-09,9593.896484375,9913.86328125,9580.64453125,9840.90625,46566121841,2020,5,9,4,0,1,0.2,0.8,0.0,8374.778442382812,8610.61555100075,81.56097208870057,10330.408906849549,6419.147977916075,977.8152322333684
2020-05-10,8756.4306640625,9595.5810546875,8395.107421875,9591.1689453125,63325279337,2020,5,10,1,3,1,0.2,0.2,0.6,8468.50205078125,8624.502704625678,63.68293549340814,10298.531942410258,6638.472159152241,915.014945814504
2020-05-11,8601.7958984375,9033.470703125,8374.3232421875,8755.53515625,57119858802,2020,5,11,4,2,6,0.5,0.3333333333333333,0.1666666666666666,8554.57568359375,8622.340151655375,60.14626567656786,10225.067359507444,6884.084007680057,835.2458379568466
2020-05-12,8804.4775390625,8949.8984375,8569.6435546875,8610.3857421875,42142717533,2020,5,12,4,1,3,0.375,0.5,0.125,8638.939184570312,8639.686569503672,61.97643682837843,10168.24286368474,7109.635505455884,764.6518395572137
2020-05-13,9269.9873046875,9317.87890625,8805.3876953125,8805.3876953125,45558144023,2020,5,13,6,3,5,0.3571428571428571,0.4285714285714285,0.2142857142857142,8730.952319335938,8699.715210949751,56.449372178591055,10172.869886194823,7289.034752477054,720.9587834294422
2020-05-14,9733.7216796875,9793.2685546875,9255.03515625,9271.3291015625,56426907637,2020,5,14,13,0,3,0.1875,0.8125,0.0,8840.093359375,8798.192017496203,63.58609459321384,10235.62302198085,7444.56369676915,697.7648313029247
2020-05-15,9328.197265625,9755.828125,9261.3984375,9734.291015625,48158802327,2020,5,15,3,3,5,0.4545454545454545,0.2727272727272727,0.2727272727272727,8928.006420898437,8848.668707794184,55.57519874039252,10202.947996737345,7653.064845059529,637.4707879194538
2020-05-16,9377.013671875,9564.205078125,9260.6943359375,9333.240234375,36164766408,2020,5,16,1,1,5,0.7142857142857143,0.1428571428571428,0.1428571428571428,9012.863745117187,8898.987275801881,54.758651054110736,10157.255264390034,7868.472225844341,572.1957596364232
2020-05-17,9670.7392578125,9823.001953125,9349.5458984375,9374.9296875,40084250663,2020,5,17,6,2,2,0.2,0.6,0.2,9106.620654296876,8972.487464564798,59.02559513971607,10132.190214095875,8081.051094497876,512.7847798994997
2020-05-18,9726.5751953125,9906.0302734375,9570.359375,9675.6953125,41827139896,2020,5,18,1,3,2,0.3333333333333333,0.1666666666666666,0.5,9202.596484375,9044.305343683627,59.410762971238206,10061.882756624662,8343.31021212534,429.64313612483016
2020-05-19,9729.0380859375,9836.0478515625,9539.6240234375,9727.0634765625,39254288955,2020,5,19,9,4,6,0.3157894736842105,0.4736842105263157,0.2105263157894736,9248.996484375,9109.517985803044,58.568090403783934,10117.158932969967,8380.834035780033,434.08122429748346
2020-05-20,9522.9814453125,9804.7939453125,9447.201171875,9725.3291015625,36546239703,2020,5,20,8,4,7,0.3684210526315789,0.4210526315789473,0.2105263157894736,9292.21787109375,9148.895458137278,53.04321578949708,10121.826149129643,8462.609593057854,414.8041390179475
2020-05-21,9081.76171875,9555.2421875,8869.9306640625,9522.740234375,39326160532,2020,5,21,6,3,2,0.1818181818181818,0.5454545454545454,0.2727272727272727,9303.067626953123,9142.501768671824,38.94926641614577,10114.617134003916,8491.518119902335,405.7747535253945
2020-05-22,9182.5771484375,9232.9365234375,9008.638671875,9080.3349609375,29810773699,2020,5,22,2,1,4,0.5714285714285714,0.2857142857142857,0.1428571428571428,9312.766650390626,9146.31847150665,41.5960484465152,10113.050076368312,8512.48322441294,400.14171298884304
2020-05-23,9209.287109375,9302.501953125,9118.1083984375,9185.0625,27727866812,2020,5,23,3,2,5,0.5,0.3,0.2,9328.357568359375,9152.315484636969,44.80986094791991,10106.415684694632,8550.299452024117,389.02905816762905
2020-05-24,8790.3681640625,9288.404296875,8787.2509765625,9212.283203125,32518803300,2020,5,24,4,2,2,0.25,0.5,0.25,9322.24326171875,9117.844311248924,50.51629373833392,10115.823324097764,8528.663199339735,396.7900311895074
2020-05-25,8906.9345703125,8951.005859375,8719.66796875,8786.107421875,31288157264,2020,5,25,3,2,13,0.7222222222222222,0.1666666666666666,0.1111111111111111,9317.436474609374,9097.75766925498,54.69649582269166,10120.267266478706,8514.605682740043,401.4153959346661
2020-05-26,8835.052734375,8991.9677734375,8757.2939453125,8909.5859375,29584186947,2020,5,26,6,6,5,0.2941176470588235,0.3529411764705882,0.3529411764705882,9295.751025390626,9072.738151647362,50.49033626145421,10127.043202616122,8464.45884816513,415.6460886127476
2020-05-27,9181.017578125,9203.3203125,8834.1572265625,8837.380859375,32740536902,2020,5,27,11,4,4,0.2105263157894736,0.5789473684210527,0.2105263157894736,9257.2259765625,9083.050477978566,48.516297520252,10029.907005911413,8484.544947213588,386.340514674456
2020-05-28,9525.7509765625,9546.3193359375,9148.45703125,9184.9453125,34367073114,2020,5,28,1,3,6,0.6,0.1,0.3,9241.380224609376,9125.212430224656,46.388434960218206,9975.548533361793,8507.211915856957,367.08415437620897
2020-05-29,9439.1240234375,9573.6669921875,9379.3388671875,9528.35546875,32896642044,2020,5,29,2,4,7,0.5384615384615384,0.1538461538461538,0.3076923076923077,9233.6416015625,9155.108772435404,52.16625479683101,9955.321210068048,8511.961993056952,360.83980425277394
2020-05-30,9700.4140625,9704.0302734375,9366.7294921875,9438.9140625,32722975141,2020,5,30,3,3,4,0.4,0.3,0.3,9280.840771484374,9207.042609584414,55.83163928721865,9994.540242502402,8567.141300466346,356.8497355090137
2020-05-31,9461.05859375,9700.34375,9432.296875,9700.10546875,27773290299,2020,5,31,2,5,3,0.3,0.2,0.5,9323.80390625,9231.234608076376,46.14336197286973,9965.176258204836,8682.431554295163,320.6861759774188
2020-06-01,10167.2685546875,10199.5654296875,9450.8994140625,9463.60546875,35198901068,2020,6,1,3,2,9,0.6428571428571429,0.2142857142857142,0.1428571428571428,9391.94345703125,9320.380698229814,56.5407819428211,10088.223137028584,8695.663777033915,348.1398399986677
2020-06-02,9529.8037109375,10182.3408203125,9460.5712890625,10162.9736328125,39137252109,2020,6,2,6,1,11,0.6111111111111112,0.3333333333333333,0.0555555555555555,9404.93427734375,9340.325747059116,47.51194295674096,10101.328378403508,8708.54017628399,348.1970505298797
2020-06-03,9656.7177734375,9682.859375,9471.8466796875,9533.7607421875,25007459262,2020,6,3,10,4,9,0.391304347826087,0.4347826086956521,0.1739130434782608,9401.08408203125,9370.458320999916,51.703789926705646,10090.642266568017,8711.525897494483,344.77909226838307
2020-06-04,9800.63671875,9887.6103515625,9525.2470703125,9655.8544921875,25921805072,2020,6,4,2,3,3,0.375,0.25,0.375,9424.7060546875,9411.427692214207,59.90903579232119,10135.783768480544,8713.628340894455,355.53885689652225
2020-06-05,9665.533203125,9869.2373046875,9663.216796875,9800.2158203125,23509628646,2020,6,5,3,2,3,0.375,0.375,0.25,9439.13203125,9435.628217062856,56.59477071714682,10157.801953661938,8720.46210883806,359.33496120596897
2020-06-06,9653.6796875,9773.431640625,9591.0244140625,9664.904296875,20438419222,2020,6,6,0,1,1,0.5,0.0,0.5,9438.279052734377,9456.395023771156,56.092906725336775,10155.83116498274,8720.726940486009,358.7760561241834
2020-06-07,9758.8525390625,9768.498046875,9458.150390625,9653.0029296875,25015250846,2020,6,7,0,2,3,0.6,0.0,0.4,9439.892919921876,9485.20050141795,64.52847160164663,10160.314655103151,8719.471184740598,360.21086759063826
2020-06-08,9771.4892578125,9782.306640625,9675.8857421875,9760.0634765625,21486346312,2020,6,8,1,2,3,0.5,0.1666666666666666,0.3333333333333333,9442.015478515625,9512.466097265047,63.38681786207452,10166.264143670756,8717.766813360493,362.12433257756567
2020-06-09,9795.7001953125,9836.369140625,9664.7197265625,9774.3603515625,23717842783,2020,6,9,7,4,2,0.1538461538461538,0.5384615384615384,0.3076923076923077,9455.651416015626,9539.440773269567,65.09760695141615,10196.400002945938,8714.902829085313,370.3742934651568
2020-06-10,9870.0947265625,9908.896484375,9728.291015625,9794.119140625,25706567601,2020,6,10,2,1,5,0.625,0.25,0.125,9495.06806640625,9570.931625964136,61.84027844198941,10235.944010750343,8754.192122062153,370.437972172048
2020-06-11,9321.78125,9938.2978515625,9263.0693359375,9870.078125,30247143440,2020,6,11,5,2,5,0.4166666666666667,0.4166666666666667,0.1666666666666666,9502.028271484374,9547.203018729457,46.72439431915736,10233.09388034002,8770.962662628728,365.53280442782335
2020-06-12,9480.84375,9540.4658203125,9285.8515625,9320.6904296875,22610564515,2020,6,12,3,0,3,0.5,0.5,0.0,9515.606103515624,9540.883088374268,50.65475546406086,10233.752055057148,8797.460151974103,359.0729757707615
2020-06-13,9475.27734375,9493.2119140625,9396.009765625,9480.7353515625,17564322315,2020,6,13,2,2,4,0.5,0.25,0.25,9549.8515625,9534.634922219577,46.15830950954207,10182.62922320582,8917.07390179418,316.38883035291013
2020-06-14,9386.7880859375,9482.2705078125,9347.59375,9477.5537109375,18991732746,2020,6,14,2,0,3,0.6,0.4,0.0,9573.84423828125,9520.554271145094,48.663868602238566,10136.482837101586,9011.205639460914,281.31929941016864
2020-06-15,9450.7021484375,9504.8603515625,8990.17578125,9386.03515625,26699704768,2020,6,15,5,3,5,0.3846153846153846,0.3846153846153846,0.2307692307692307,9604.626708984377,9513.901688030084,33.23441350013526,10052.797328324168,9156.456089644582,224.08530966989667
2020-06-16,9538.0244140625,9579.4306640625,9400.4453125,9454.2666015625,21565537209,2020,6,16,5,3,4,0.3333333333333333,0.4166666666666667,0.25,9622.47705078125,9516.19909050936,50.25902207933991,10025.802378547243,9219.151723015257,201.662663882998
2020-06-17,9480.2548828125,9540.4228515625,9327.33984375,9533.7841796875,20177709879,2020,6,17,4,3,3,0.3,0.4,0.3,9620.20224609375,9512.77583263347,44.18661213753592,10026.328098245644,9214.076393941856,203.0629260759472
2020-06-18,9411.8408203125,9482.7822265625,9328.3955078125,9481.5673828125,17770083003,2020,6,18,8,3,2,0.1538461538461538,0.6153846153846154,0.2307692307692307,9618.8380859375,9503.162974317189,36.52095661200255,10027.699001513958,9209.97717036104,204.43045778822932
2020-06-19,9288.0185546875,9440.8759765625,9274.2958984375,9410.2939453125,19632223107,2020,6,19,0,1,4,0.8,0.0,0.2,9598.218310546876,9482.673029590547,36.80888018371852,10030.67222629543,9165.764394798322,216.22695787427705
2020-06-20,9332.3408203125,9394.9716796875,9247.3798828125,9290.9599609375,17130541557,2020,6,20,2,0,3,0.6,0.4,0.0,9591.782421875,9468.355676325971,39.0208957693958,10036.488708756417,9147.076134993584,222.35314344070744
2020-06-21,9303.6298828125,9401.107421875,9300.4306640625,9330.9267578125,15324301169,2020,6,21,2,2,0,0.0,0.5,0.5,9548.60048828125,9452.667505515166,33.58906547925838,9919.639285087149,9177.561691475352,185.5193984029489
2020-06-22,9648.7177734375,9655.0732421875,9296.8720703125,9300.9150390625,21104009514,2020,6,22,5,1,7,0.5384615384615384,0.3846153846153846,0.0769230769230769,9554.54619140625,9471.338959603008,46.4298168988326,9928.119159189577,9180.973223622928,186.78648389166167
2020-06-23,9629.658203125,9670.541015625,9547.2470703125,9644.076171875,17006433272,2020,6,23,1,4,3,0.375,0.125,0.5,9553.193212890625,9486.416982795576,45.15700490659916,9925.401641155724,9180.984784625523,186.1042141325495
2020-06-24,9313.6103515625,9680.3671875,9278.2333984375,9632.1494140625,18961716076,2020,6,24,4,4,7,0.4666666666666667,0.2666666666666666,0.2666666666666666,9528.84189453125,9469.959208392427,35.77422904629616,9896.586862387869,9161.09692667463,183.8724839283093
2020-06-25,9264.8134765625,9340.1611328125,9095.32421875,9314.126953125,18616048626,2020,6,25,3,5,5,0.3846153846153846,0.2307692307692307,0.3846153846153846,9508.805908203123,9450.42151964672,48.04420725267696,9888.65917440512,9128.95264200113,189.92663310099735
2020-06-26,9162.91796875,9310.5166015625,9101.73828125,9260.9951171875,18341465837,2020,6,26,3,2,3,0.375,0.375,0.25,9484.267822265623,9423.040229085129,38.6391680625349,9887.40762947957,9081.12801505168,201.5699036069728
2020-06-27,9045.390625,9207.810546875,8998.216796875,9167.82421875,17273093144,2020,6,27,1,0,1,0.5,0.5,0.0,9448.5947265625,9387.07360012464,35.77645258515956,9875.022514538934,9022.166938586066,213.213893988217
2020-06-28,9143.58203125,9197.546875,8975.525390625,9048.4609375,14560870760,2020,6,28,0,3,2,0.4,0.0,0.6,9417.199365234375,9363.88392689848,42.00443949882592,9835.919625811615,8998.479104657134,209.36013028862055
2020-06-29,9190.8544921875,9237.5732421875,9041.8759765625,9140.029296875,16460547078,2020,6,29,0,5,4,0.4444444444444444,0.0,0.5555555555555556,9386.957080078126,9347.404933116484,41.362827216293525,9776.958112705695,8996.956047450556,195.0005163137844
2020-06-30,9137.9931640625,9217.8359375,9084.837890625,9185.5810546875,15735797744,2020,6,30,4,1,7,0.5833333333333334,0.3333333333333333,0.0833333333333333,9350.352001953124,9327.460955111344,36.391451735286566,9682.566655778282,9018.137348127966,166.10732691257874
2020-07-01,9228.3251953125,9309.7548828125,9104.7353515625,9145.9853515625,15971550355,2020,7,1,7,3,6,0.375,0.4375,0.1875,9345.67919921875,9318.01945417812,41.61543371741253,9682.187207723016,9009.171190714484,168.25400425213218
2020-07-02,9123.41015625,9274.962890625,9036.623046875,9231.1396484375,16338916796,2020,7,2,6,0,8,0.5714285714285714,0.4285714285714285,0.0,9327.80751953125,9299.485235327824,40.62832574447494,9671.96933030236,8983.645708760141,172.08090538555504
2020-07-03,9087.3037109375,9202.3447265625,9058.794921875,9124.8427734375,13078970999,2020,7,3,2,4,3,0.3333333333333333,0.2222222222222222,0.4444444444444444,9308.408837890624,9279.277471100171,43.0841735343086,9661.200256175389,8955.617419605864,176.3957091423805
2020-07-04,9132.48828125,9183.2958984375,9053.6298828125,9084.2333984375,12290528515,2020,7,4,0,0,2,1.0,0.0,0.0,9295.69384765625,9265.297548257298,43.1179745997712,9654.863883349406,8936.523811963094,179.58501784657835
2020-07-05,9073.9423828125,9162.18359375,8977.015625,9126.0908203125,12903406143,2020,7,5,1,0,3,0.75,0.25,0.0,9276.855859375,9247.073246786364,42.24983985638479,9641.277112687763,8912.434606062237,182.2106266563817
2020-07-06,9375.474609375,9375.474609375,9058.6640625,9072.849609375,17889263252,2020,7,6,5,5,6,0.375,0.3125,0.3125,9268.728369140625,9259.301947985285,40.500968571830136,9615.445016322674,8922.011721958575,173.35832359102434
2020-07-07,9252.27734375,9360.6171875,9201.8154296875,9349.1611328125,13839652595,2020,7,7,10,2,5,0.2941176470588235,0.5882352941176471,0.1176470588235294,9257.3294921875,9258.632938058114,37.76648955568612,9589.447905167564,8925.211079207436,166.05920649003187
2020-07-08,9428.3330078125,9450.3359375,9249.5,9253.0205078125,19702359883,2020,7,8,5,3,3,0.2727272727272727,0.4545454545454545,0.2727272727272727,9258.1541015625,9274.794849463293,54.09018489323656,9591.965391891132,8924.34281123387,166.90564516431593
2020-07-09,9277.9677734375,9431.37890625,9234.9990234375,9427.994140625,18000702524,2020,7,9,4,3,1,0.125,0.5,0.375,9257.6515625,9275.097032698932,50.43731551259093,9591.30377300768,8923.99935199232,166.82610525384018
2020-07-10,9278.8076171875,9287.4716796875,9118.001953125,9273.357421875,16860035605,2020,7,10,3,0,2,0.4,0.6,0.0,9254.97490234375,9275.450421697842,54.1302814916083,9586.958998892034,8922.990805795467,165.992048274142
2020-07-11,9240.3466796875,9293.5322265625,9199.4853515625,9277.51171875,13249910444,2020,7,11,2,2,1,0.2,0.4,0.4,9251.8107421875,9272.107208173047,57.36316539948496,9583.047747906312,8920.573736468687,165.61850285940633
2020-07-12,9276.5,9319.4189453125,9197.4501953125,9241.0546875,14452361907,2020,7,12,5,2,3,0.3,0.5,0.2,9233.199853515624,9272.525569299423,55.26690534677496,9507.46723966545,8958.932467365801,137.13369307491254
2020-07-13,9243.6142578125,9306.4052734375,9224.29296875,9277.205078125,17519821266,2020,7,13,2,2,4,0.5,0.25,0.25,9213.89765625,9269.772111062572,52.1147291239684,9415.35815842933,9012.437154070669,100.73025108966516
2020-07-14,9243.2138671875,9283.841796875,9171.6611328125,9238.703125,18085038362,2020,7,14,1,5,2,0.25,0.125,0.625,9210.37783203125,9267.242754503044,54.40263342415421,9406.902436931812,9013.853227130689,98.26230245028124
2020-07-15,9192.8369140625,9275.3251953125,9171.93359375,9241.8974609375,15844731575,2020,7,15,7,9,5,0.238095238095238,0.3333333333333333,0.4285714285714285,9206.77900390625,9260.156483984896,48.4637367468759,9401.736237923282,9011.821769889217,97.47861700851584
2020-07-16,9132.2275390625,9214.3125,9088.947265625,9191.98046875,15713967523,2020,7,16,10,8,6,0.25,0.4166666666666667,0.3333333333333333,9205.244482421876,9247.972774944668,50.39692413469308,9402.128936960766,9008.360027882984,98.44222726944574
2020-07-17,9151.392578125,9182.25390625,9089.2021484375,9131.8125,13944570749,2020,7,17,1,4,6,0.5454545454545454,0.0909090909090909,0.3636363636363636,9210.544580078124,9238.774660961844,52.929716621890805,9394.59921798766,9026.48994216859,92.02731895476832
2020-07-18,9159.0400390625,9230.9833984375,9100.82421875,9151.18359375,12252601475,2020,7,18,1,2,1,0.25,0.25,0.5,9211.31748046875,9231.18088744762,51.25690537498208,9394.314925688446,9028.320035249051,91.4987226098484
2020-07-19,9185.8173828125,9201.3984375,9097.6328125,9158.005859375,12939002784,2020,7,19,0,3,1,0.25,0.0,0.75,9211.065625,9226.860553672846,55.46015743708141,9394.195467354071,9027.935782645924,91.56492117703684
2020-07-20,9164.2314453125,9214.2705078125,9137.509765625,9187.220703125,13755604146,2020,7,20,9,5,8,0.3636363636363636,0.4090909090909091,0.2272727272727272,9212.3775390625,9220.895876686149,35.81347579778827,9393.66997190738,9031.08510621762,90.64621642244047
2020-07-21,9374.8876953125,9407.2626953125,9149.3896484375,9162.5146484375,18069581956,2020,7,21,1,1,8,0.8,0.1,0.1,9219.7056640625,9235.56176417437,57.368592177682416,9415.01874029847,9024.392587826527,97.656538117985
2020-07-22,9525.36328125,9530.5185546875,9319.6533203125,9375.080078125,16532254884,2020,7,22,2,2,5,0.5555555555555556,0.2222222222222222,0.2222222222222222,9239.8033203125,9263.161908657765,56.01626636536592,9472.53294780764,9007.07369281736,116.36481374757024
2020-07-23,9581.072265625,9610.2470703125,9483.00390625,9527.1416015625,18146399002,2020,7,23,2,2,5,0.5555555555555556,0.2222222222222222,0.2222222222222222,9264.491748046876,9293.439085511784,71.29310877096697,9531.361564757066,8997.621931336686,133.43490835509496
2020-07-24,9536.892578125,9623.3369140625,9481.4541015625,9585.5146484375,16552768325,2020,7,24,2,3,6,0.5454545454545454,0.1818181818181818,0.2727272727272727,9284.711962890626,9316.625132427327,67.08984033988398,9570.108372635035,8999.315553146214,142.6982048722053
2020-07-25,9677.11328125,9704.556640625,9530.2119140625,9539.4853515625,16610070933,2020,7,25,2,1,0,0.0,0.6666666666666666,0.3333333333333333,9314.8705078125,9350.957337077109,75.48697468791565,9632.180582935456,8997.560432689545,158.65503756147817
2020-07-26,9905.1669921875,10023.8076171875,9652.84765625,9680.234375,20507998997,2020,7,26,3,3,8,0.5714285714285714,0.2142857142857142,0.2142857142857142,9341.355126953124,9403.739208992383,79.9723999988826,9754.049834875244,8928.660419031008,206.3473539610588
2020-07-27,10990.873046875,11298.2216796875,9903.9697265625,9905.2177734375,35359749590,2020,7,27,3,5,12,0.6,0.15,0.25,9428.284912109377,9554.894812600252,91.5704500137314,10270.693007360218,8585.876816858532,421.2040476254214
2020-07-28,10912.8232421875,11204.3271484375,10632.6318359375,11017.4638671875,28766551142,2020,7,28,5,1,13,0.6842105263157895,0.2631578947368421,0.0526315789473684,9502.509423828124,9684.2213297038,88.30762433038736,10575.087491981283,8429.931355674968,536.2890340765787
2020-07-29,11100.4677734375,11304.3974609375,10856.1416015625,10912.953125,24617249715,2020,7,29,4,1,8,0.6153846153846154,0.3076923076923077,0.0769230769230769,9593.634423828124,9819.101943392723,91.175198433777,10875.20330241498,8312.06554524127,640.7844392934276
2020-07-30,11111.2138671875,11169.3564453125,10895.455078125,11099.8330078125,22857247901,2020,7,30,6,5,6,0.3529411764705882,0.3529411764705882,0.2941176470588235,9685.254736328125,9942.160221849368,93.65506312752692,11124.372526807074,8246.136945849175,719.5588952394742
2020-07-31,11323.466796875,11415.8642578125,10987.0537109375,11110.2109375,23160469766,2020,7,31,6,4,4,0.2857142857142857,0.4285714285714285,0.2857142857142857,9789.4107421875,10073.713228994668,94.15314335988896,11385.877972040427,8192.943512334572,798.2336149264637
2020-08-01,11759.5927734375,11794.775390625,11239.6826171875,11322.5703125,26075670303,2020,8,1,1,1,7,0.7777777777777778,0.1111111111111111,0.1111111111111111,9913.565380859374,10234.27318560827,95.02055790363482,11715.121053441277,8112.009708277474,900.77783629095
2020-08-02,11053.6142578125,12034.14453125,11018.1298828125,11758.7646484375,27410067336,2020,8,2,4,1,2,0.2857142857142857,0.5714285714285714,0.1428571428571428,10004.065380859374,10312.30566867534,76.17879760262929,11845.328415973989,8162.802345744762,920.631517557306
2020-08-03,11246.3486328125,11453.0791015625,11012.4150390625,11043.7685546875,20271713443,2020,8,3,5,3,10,0.5555555555555556,0.2777777777777778,0.1666666666666666,10104.222119140624,10401.262141450306,77.84671252564482,11988.641931515736,8219.802306765514,942.2099061875548
2020-08-04,11205.892578125,11385.3818359375,11094.1455078125,11246.203125,21250197042,2020,8,4,4,2,4,0.4,0.4,0.2,10204.87490234375,10477.8936116098,75.65630616318184,12099.34695999904,8310.40284468846,947.2360288276452
2020-08-05,11747.0224609375,11786.6171875,11158.28515625,11203.8232421875,24411254471,2020,8,5,3,0,5,0.625,0.375,0.0,10335.6146484375,10598.763025831486,78.05842768246595,12278.680857685336,8392.548439189664,971.533104623918
2020-08-06,11779.7734375,11902.3359375,11598.7138671875,11749.87109375,23400740340,2020,8,6,1,0,4,0.8,0.2,0.0,10467.03369140625,10711.240207895153,77.93044723550017,12428.314062320724,8505.753320491775,980.6401854572372
2020-08-07,11601.47265625,11898.0380859375,11408.59375,11778.89453125,23132312867,2020,8,7,1,1,4,0.6666666666666666,0.1666666666666666,0.1666666666666666,10589.155322265626,10796.024250595614,75.36245445475996,12511.285654078016,8667.024990453236,961.0651659061948
2020-08-08,11754.0458984375,11800.064453125,11558.431640625,11604.5537109375,17572057837,2020,8,8,1,3,2,0.3333333333333333,0.1666666666666666,0.5,10717.566748046876,10887.264407532935,75.43700093984356,12587.38810770835,8847.7453883854,934.9106798307376
2020-08-09,11675.7392578125,11806.056640625,11548.7841796875,11737.3251953125,17489608833,2020,8,9,1,3,4,0.5,0.125,0.375,10843.142138671876,10962.357250416704,72.51057946305345,12608.120863881792,9078.16341346196,882.489362604958
2020-08-10,11878.111328125,12045.140625,11662.2568359375,11662.2568359375,26114112569,2020,8,10,5,2,3,0.3,0.5,0.2,10968.3033203125,11049.57192448416,64.54764735118849,12647.842462112789,9288.76417851221,839.7695709001448
2020-08-11,11410.525390625,11932.7109375,11195.708984375,11881.6474609375,27039782640,2020,8,11,3,0,5,0.625,0.375,0.0,11062.56142578125,11083.948445069002,57.23623474475173,12607.320872644446,9517.801978918054,772.3797234315975
2020-08-12,11584.9345703125,11748.396484375,11249.60546875,11404.5966796875,25064548486,2020,8,12,2,2,2,0.3333333333333333,0.3333333333333333,0.3333333333333333,11162.754541015624,11131.661409377906,57.07101603790259,12555.376352364114,9770.132729667135,696.3109056742446
2020-08-13,11784.1376953125,11796.396484375,11216.8720703125,11588.4052734375,27522199497,2020,8,13,1,3,4,0.5,0.125,0.375,11275.116796875,11193.802008038345,59.30949601720654,12462.977593352623,10087.256000397376,593.9303982388121
2020-08-14,11768.87109375,12150.994140625,11685.455078125,11772.6591796875,24237958589,2020,8,14,2,3,2,0.2857142857142857,0.2857142857142857,0.4285714285714285,11379.7046875,11248.570492391837,56.51710702370767,12317.082729926986,10442.326645073012,468.6890212134929
2020-08-15,11865.6982421875,11963.203125,11768.697265625,11768.697265625,23354924400,2020,8,15,0,0,1,1.0,0.0,0.0,11477.73125,11307.344563800943,51.72366966562217,12133.629630239568,10821.832869760434,327.9491901197838
2020-08-16,11892.8037109375,11934.9013671875,11737.1884765625,11866.685546875,20583375490,2020,8,16,0,0,1,1.0,0.0,0.0,11522.827783203124,11363.10257781395,67.49024463913102,12161.583653946616,10884.071912459636,319.377935371745
2020-08-17,12254.40234375,12359.056640625,11806.6962890625,11895.658203125,28227687027,2020,8,17,0,2,11,0.8461538461538461,0.0,0.1538461538461538,11589.90673828125,11447.98826980786,69.62808730887635,12240.598211737524,10939.215264824976,325.3457367281372
2020-08-18,11991.2333984375,12335.70703125,11954.525390625,12251.8955078125,26043227672,2020,8,18,4,2,5,0.4545454545454545,0.3636363636363636,0.1818181818181818,11634.44501953125,11499.72590110592,64.07118908248364,12265.732182088765,11003.157856973734,315.64358127875767
2020-08-19,11758.283203125,12028.923828125,11687.3330078125,11990.884765625,24502851117,2020,8,19,3,3,5,0.4545454545454545,0.2727272727272727,0.2727272727272727,11666.798486328124,11524.350406060115,50.226809866416055,12249.64389479366,11083.95307786259,291.4227042327672
2020-08-20,11878.3720703125,11900.4111328125,11710.0634765625,11761.5,20175242945,2020,8,20,3,1,5,0.5555555555555556,0.3333333333333333,0.1111111111111111,11694.54375,11558.066755036534,51.9184428548573,12261.178766221066,11127.908733778935,283.3175081105331
2020-08-21,11592.4892578125,11899.259765625,11564.9794921875,11878.0263671875,23762425999,2020,8,21,1,1,8,0.8,0.1,0.1,11686.18857421875,11561.345088634243,49.83223269666016,12253.712274130276,11118.664874307222,283.7618499557643
2020-08-22,11681.8251953125,11689.4072265625,11448.8056640625,11585.4775390625,20224191306,2020,8,22,2,2,3,0.4285714285714285,0.2857142857142857,0.2857142857142857,11717.59912109375,11572.819384508364,48.618632417327895,12201.014881243382,11234.183360944118,241.707880074816
2020-08-23,11664.84765625,11713.4296875,11559.9208984375,11679.6962890625,18482062658,2020,8,23,1,1,3,0.6,0.2,0.2,11738.524072265624,11581.583981817092,49.786671124646574,12169.43007232692,11307.61807220433,215.4530000306481
2020-08-24,11774.595703125,11807.6318359375,11623.25,11663.689453125,20681511755,2020,8,24,4,2,11,0.6470588235294118,0.2352941176470588,0.1176470588235294,11766.959228515623,11599.966050513083,47.89615082931352,12117.42166016996,11416.49679686129,175.23121582716794
2020-08-25,11366.134765625,11778.2998046875,11189.8505859375,11773.5888671875,26301509932,2020,8,25,4,1,5,0.5,0.4,0.1,11747.91484375,11577.696404333265,49.07558951098327,12141.661383793784,11354.168303706218,196.87327002189176
2020-08-26,11488.36328125,11530.052734375,11296.9931640625,11366.89453125,22466660958,2020,8,26,5,2,2,0.2222222222222222,0.5555555555555556,0.2222222222222222,11733.3443359375,11569.188487849144,47.94427940953303,12143.358110847386,11323.330561027611,205.00688745494355
2020-08-27,11323.3974609375,11570.7861328125,11185.94140625,11485.6083984375,23240415076,2020,8,27,2,3,2,0.2857142857142857,0.2857142857142857,0.4285714285714285,11719.440576171875,11545.779818619463,40.04711082308506,12165.553298269297,11273.327854074454,223.0563610487108
2020-08-28,11542.5,11545.615234375,11316.4228515625,11325.2958984375,19807127588,2020,8,28,2,4,2,0.25,0.25,0.5,11708.86328125,11545.46745494142,45.50573038570172,12161.505005421894,11256.221557078106,226.3208620859469
2020-08-29,11506.865234375,11585.640625,11466.29296875,11541.0546875,17485597759,2020,8,29,0,2,1,0.3333333333333333,0.0,0.6666666666666666,11700.419580078124,11541.791052982711,42.69848101698459,12161.877591605711,11238.96156855054,230.72900576379303
2020-08-30,11711.505859375,11715.2646484375,11492.3818359375,11508.7138671875,19760127945,2020,8,30,2,1,1,0.25,0.5,0.25,11692.089306640624,11557.954367877215,46.55953127090655,12145.994533722467,11238.18407955878,226.9526135409211
2020-08-31,11680.8203125,11768.876953125,11598.318359375,11713.306640625,22285928250,2020,8,31,2,2,5,0.5555555555555556,0.2222222222222222,0.2222222222222222,11705.604052734376,11569.65588641272,37.55177681585511,12139.882176389414,11271.325929079338,217.13906182751865
2020-09-01,11970.478515625,12067.0810546875,11601.12890625,11679.31640625,27311555343,2020,9,1,5,5,6,0.375,0.3125,0.3125,11724.88125,11607.829470147222,49.55468511986604,12170.681115804957,11279.081384195044,222.89993290247796
2020-09-02,11414.0341796875,11964.8232421875,11290.7939453125,11964.8232421875,28037405299,2020,9,2,6,4,5,0.3333333333333333,0.4,0.2666666666666666,11706.37607421875,11589.372775817725,43.51416921216082,12172.099951270724,11240.652197166775,232.86193852598743
2020-09-03,10245.296875,11443.0224609375,10182.46484375,11407.19140625,31927261555,2020,9,3,3,7,9,0.4736842105263157,0.1578947368421052,0.3684210526315789,11630.19736328125,11461.365547168418,27.94633486690671,12430.861803775124,10829.532922787375,400.33222024693697
2020-09-04,10511.8134765625,10663.919921875,10207.9404296875,10230.365234375,29965130374,2020,9,4,5,2,1,0.125,0.625,0.25,11562.503125,11370.93201663452,35.32940990557684,12497.070123073205,10627.936126926796,467.2834990366018
2020-09-05,10169.5673828125,10581.5712890625,9946.67578125,10512.5302734375,44916565292,2020,9,5,1,1,4,0.6666666666666666,0.1666666666666666,0.1666666666666666,11476.34130859375,11256.516337222898,30.78963665162144,12584.342622827262,10368.339994360238,554.000657116756
2020-09-06,10280.3515625,10353.927734375,10056.8857421875,10167.216796875,37071460174,2020,9,6,3,2,0,0.0,0.6,0.4,11377.63876953125,11163.548263439769,32.822004715780906,12543.972341715142,10211.305197347358,583.1667860919458
2020-09-07,10369.5634765625,10399.1533203125,9916.4931640625,10280.998046875,33703098409,2020,9,7,2,2,4,0.5,0.25,0.25,11296.5552734375,11087.930664689551,32.47791216797006,12507.888881144405,10085.221665730596,605.6668038534515
2020-09-08,10131.5166015625,10414.775390625,9945.1103515625,10369.306640625,33430927462,2020,9,8,2,3,2,0.2857142857142857,0.2857142857142857,0.4285714285714285,11215.216943359375,10996.843611058404,33.919650209346784,12511.496414170788,9918.937472547965,648.1397354057061
2020-09-09,10242.34765625,10350.54296875,10017.2509765625,10134.1513671875,24128292755,2020,9,9,0,2,5,0.7142857142857143,0.0,0.2857142857142857,11133.41572265625,10924.986853457602,33.72287762867771,12459.62824423393,9807.203201078568,663.1062607888407
2020-09-10,10363.138671875,10503.912109375,10238.1357421875,10242.330078125,54406443211,2020,9,10,2,0,4,0.6666666666666666,0.3333333333333333,0.0,11071.948193359374,10871.477502830689,37.30934756723508,12422.308880456436,9721.587506262313,675.1803435485305
2020-09-11,10400.9150390625,10434.9228515625,10140.8369140625,10369.0283203125,45201121775,2020,9,11,1,2,2,0.4,0.2,0.4,11007.902685546876,10826.662030090858,34.1534784366237,12357.97484152942,9657.83052956433,675.0360779912722
2020-09-12,10442.1708984375,10578.837890625,10292.38671875,10409.861328125,36750077324,2020,9,12,0,1,1,0.5,0.0,0.5,10946.76884765625,10790.043827076252,35.243837043329165,12282.238744293543,9611.298951018958,667.7349483186459
2020-09-13,10323.755859375,10577.21484375,10224.330078125,10452.3994140625,36506852789,2020,9,13,0,2,0,0.0,0.0,1.0,10874.22685546875,10745.635449199945,30.295481256624527,12177.593373475276,9570.860337462223,651.6832590032632
2020-09-14,10680.837890625,10800.0107421875,10266.0087890625,10328.734375,35453581940,2020,9,14,3,4,8,0.5333333333333333,0.2,0.2666666666666666,10839.96201171875,10739.464253145186,37.00577948420159,12124.778168179886,9555.145855257611,642.4080782305685
2020-09-15,10796.951171875,10938.6318359375,10656.4599609375,10677.7548828125,32509451925,2020,9,15,4,3,6,0.4615384615384615,0.3076923076923077,0.2307692307692307,10805.39140625,10744.93919778612,34.030390964997665,12053.429684281968,9557.353128218034,624.0191390159837
2020-09-16,10974.9052734375,11100.1240234375,10704.884765625,10797.76171875,30769986455,2020,9,16,2,1,2,0.4,0.4,0.2,10787.966796875,10766.840728800538,43.337975501205975,12015.109834867611,9560.823758882389,613.5715189963062
2020-09-17,10948.990234375,11037.4208984375,10774.6279296875,10973.251953125,38151810523,2020,9,17,3,4,5,0.4166666666666667,0.25,0.3333333333333333,10758.29130859375,10784.188300760012,66.34261842230599,11936.32943417256,9580.253183014942,589.0190627894049
2020-09-18,10944.5859375,11034.908203125,10829.6572265625,10951.8203125,26341903912,2020,9,18,1,1,4,0.6666666666666666,0.1666666666666666,0.1666666666666666,10730.17734375,10799.46426616382,61.44399849809447,11858.796484794011,9601.558202705986,564.3095705220068
2020-09-19,11094.3466796875,11134.0927734375,10909.6181640625,10933.7529296875,22764204008,2020,9,19,1,1,1,0.3333333333333333,0.3333333333333333,0.3333333333333333,10699.319384765626,10827.548305547029,77.22594764424399,11745.719722090198,9652.919047441052,523.2001686622863
2020-09-20,10938.271484375,11095.8701171875,10814.4775390625,11095.8701171875,24699523788,2020,9,20,2,2,4,0.5,0.25,0.25,10662.191943359376,10838.093370197312,68.86635526581088,11610.011047789556,9714.372838929195,473.9095522150898
2020-09-21,10462.259765625,10988.3046875,10380.2607421875,10934.92578125,28884999244,2020,9,21,3,4,16,0.6956521739130435,0.1304347826086956,0.1739130434782608,10586.781005859377,10802.299693571378,52.175527362721134,11309.617223832332,9863.944787886418,361.4181089864788
2020-09-22,10538.4599609375,10568.0771484375,10382.7265625,10459.6240234375,23621787804,2020,9,22,0,3,1,0.25,0.0,0.75,10543.002294921876,10777.1720999872,60.33593077200878,11151.96924410895,9934.0353457348,304.4834745935373
2020-09-23,10246.1865234375,10537.828125,10197.865234375,10535.4921875,23788661867,2020,9,23,3,3,6,0.5,0.25,0.25,10543.04677734375,10726.602045077703,50.08927480515564,11151.92228709626,9934.17126759124,304.43775487625504
2020-09-24,10760.06640625,10771.056640625,10231.490234375,10248.7861328125,47144380902,2020,9,24,3,4,0,0.0,0.4285714285714285,0.5714285714285714,10555.459423828124,10729.789127094113,57.80396075190696,11171.730913844933,9939.187933811316,308.135745008404
2020-09-25,10692.716796875,10777.6962890625,10578.9140625,10761.109375,39348590957,2020,9,25,2,3,6,0.5454545454545454,0.1818181818181818,0.2727272727272727,10581.61689453125,10726.258428978006,55.671140111636845,11172.824002840956,9990.409786221544,295.6035541548528
2020-09-26,10750.7236328125,10772.9990234375,10667.28125,10695.5751953125,46852525493,2020,9,26,2,1,2,0.4,0.4,0.2,10605.135498046877,10728.588448390816,55.95790145377034,11183.157817370522,10027.113178723228,289.0111596618237
2020-09-27,10775.26953125,10803.9765625,10622.921875,10746.892578125,53745972818,2020,9,27,3,0,1,0.25,0.75,0.0,10625.42080078125,10733.034265805976,59.04629527452136,11197.074560468114,10053.767041094388,285.826879843432
2020-09-28,10709.65234375,10945.34765625,10703.8935546875,10776.61328125,47762394731,2020,9,28,9,1,3,0.2307692307692307,0.6923076923076923,0.0769230769230769,10654.327587890624,10730.80741608636,50.65365355696883,11177.21122143483,10131.443954346418,261.4418167721034
2020-09-29,10844.640625,10860.0009765625,10649.4951171875,10709.650390625,46582396602,2020,9,29,2,4,3,0.3333333333333333,0.2222222222222222,0.4444444444444444,10684.442236328125,10741.648674078137,51.07264575409408,11175.85018018221,10193.03429247404,245.7039719270426
2020-09-30,10784.4912109375,10847.2568359375,10669.3212890625,10843.87109375,44171073700,2020,9,30,4,5,2,0.1818181818181818,0.3636363636363636,0.4545454545454545,10705.50986328125,10745.728915683789,45.47748250917799,11174.536921927272,10236.482804635229,234.5135293230117
2020-10-01,10619.4521484375,10933.6240234375,10472.3564453125,10795.2548828125,40023134100,2020,10,1,4,2,9,0.6,0.2666666666666666,0.1333333333333333,10716.43671875,10733.702556898428,42.65833828293443,11165.33603068385,10267.537406816147,224.44965596692504
2020-10-02,10575.974609375,10657.837890625,10416.689453125,10619.8212890625,48661453918,2020,10,2,2,2,3,0.4285714285714285,0.2857142857142857,0.2857142857142857,10723.126904296874,10718.680847610483,41.9283663847375,11158.603172436317,10287.650636157434,217.73813406972025
2020-10-03,10549.3291015625,10598.9404296875,10511.1298828125,10575.1005859375,44660271563,2020,10,3,8,1,6,0.4,0.5333333333333333,0.0666666666666666,10734.40556640625,10702.552109891629,37.38536941719791,11136.75453404736,10332.05659876514,201.17448382055505
2020-10-04,10669.5830078125,10686.0,10534.3916015625,10550.4404296875,71251776995,2020,10,4,1,1,2,0.5,0.25,0.25,10733.842822265626,10699.4121954079,43.67624717009319,11136.53858582954,10331.14705870171,201.34788178195825
2020-10-05,10793.33984375,10793.5078125,10634.6005859375,10676.529296875,47537578009,2020,10,5,4,2,4,0.4,0.4,0.2,10733.662255859375,10708.357685726196,59.34102085395181,11136.242094336454,10331.082417382297,201.28991923853968
2020-10-06,10604.40625,10797.578125,10528.890625,10796.306640625,42623695307,2020,10,6,3,4,8,0.5333333333333333,0.2,0.2666666666666666,10715.1373046875,10698.457548990367,51.749315469483015,11104.868776440797,10325.405832934204,194.8657358766478
2020-10-07,10668.96875,10680.5078125,10562.5068359375,10603.35546875,37799458436,2020,10,7,4,1,4,0.4444444444444444,0.4444444444444444,0.1111111111111111,10701.13623046875,10695.649091943666,62.75587382047745,11075.303146919325,10326.969314018175,187.083458225287
2020-10-08,10915.685546875,10945.7373046875,10562.6064453125,10669.37109375,63314794397,2020,10,8,3,1,4,0.5,0.375,0.125,10699.6912109375,10716.60494479427,55.59763777536104,11070.1038042715,10329.2786176035,185.2062966670005
2020-10-09,11064.4580078125,11102.671875,10846.8505859375,10927.9130859375,22799117613,2020,10,9,3,3,3,0.3333333333333333,0.3333333333333333,0.3333333333333333,10698.19677734375,10749.733807938865,62.63166312821837,11062.08897787336,10334.30457681414,181.9461002648047
2020-10-10,11296.361328125,11442.2109375,11056.9404296875,11059.142578125,22877978588,2020,10,10,1,1,1,0.3333333333333333,0.3333333333333333,0.3333333333333333,10716.10126953125,10801.793571766111,66.581080463495,11156.851069107332,10275.351469955169,220.3748997880413
2020-10-11,11384.181640625,11428.8134765625,11288.6279296875,11296.08203125,19968627060,2020,10,11,1,1,3,0.6,0.2,0.2,10762.19736328125,10857.259102133625,67.81865339463343,11277.670719299094,10246.724007263403,257.736678008922
2020-10-12,11555.36328125,11698.4677734375,11240.6865234375,11392.6357421875,26163972642,2020,10,12,1,6,4,0.3636363636363636,0.0909090909090909,0.5454545454545454,10813.042529296876,10923.745214430422,73.30808045465947,11426.828852257971,10199.256206335778,306.8931614805488
2020-10-13,11425.8994140625,11548.984375,11321.224609375,11548.7197265625,24241420251,2020,10,13,7,4,8,0.4210526315789473,0.3684210526315789,0.2105263157894736,10872.028173828125,10971.569423919193,66.06861996074694,11483.181792782943,10260.874554873304,305.57680947740994
2020-10-14,11429.5068359375,11539.9775390625,11307.8310546875,11429.0478515625,24103426719,2020,10,14,4,1,5,0.5,0.4,0.1,10905.5001953125,11015.18251077808,68.40656431384483,11562.447848467127,10248.552542157871,328.4738265773139
2020-10-15,11495.349609375,11569.9140625,11303.603515625,11426.6025390625,24487233058,2020,10,15,1,2,1,0.25,0.25,0.5,10945.6318359375,11060.912710644452,76.49516220225699,11644.569469660766,10246.694202214234,349.46881686163306
2020-10-16,11322.123046875,11540.0615234375,11223.0126953125,11502.828125,25635480772,2020,10,16,3,0,4,0.5714285714285714,0.4285714285714285,0.0,10974.201806640624,11085.78988552355,70.92762858044385,11686.185275544363,10262.218337736886,355.99173445186955
2020-10-17,11358.1015625,11386.26171875,11285.345703125,11322.123046875,19130430174,2020,10,17,2,2,1,0.2,0.4,0.4,11003.343408203124,11111.72433094988,72.56593765003169,11728.62992124284,10278.05689516341,362.6432565198576
2020-10-18,11483.359375,11483.359375,11347.578125,11355.982421875,18283314340,2020,10,18,4,2,5,0.4545454545454545,0.3636363636363636,0.1818181818181818,11042.028759765624,11147.11814466894,72.64232919762651,11783.70853986898,10300.348979662269,370.8398900516786
2020-10-19,11742.037109375,11799.0927734375,11408.2900390625,11495.0380859375,23860769928,2020,10,19,1,4,8,0.6153846153846154,0.0769230769230769,0.3076923076923077,11086.898583984375,11203.777093688564,74.55290166566245,11884.751736055998,10289.045431912751,398.926576035811
2020-10-20,11916.3349609375,11999.91796875,11681.48046875,11745.974609375,30915821592,2020,10,20,7,4,6,0.3529411764705882,0.4117647058823529,0.2352941176470588,11143.490771484376,11271.639747712272,84.21275132746743,12008.746050968237,10278.235492000516,432.6276397419301
2020-10-21,12823.689453125,13184.56640625,11900.9287109375,11913.0771484375,43414712626,2020,10,21,4,4,11,0.5789473684210527,0.2105263157894736,0.2105263157894736,11253.70263671875,11419.454005370626,89.03335899664017,12364.57567842756,10142.82959500994,555.4365208544048
2020-10-22,12965.8916015625,13161.59375,12717.09375,12801.6357421875,34729759598,2020,10,22,3,6,11,0.55,0.15,0.3,11373.198486328123,11566.733776436518,88.60175021632239,12674.88770916907,10071.50926348718,650.8446114204726
2020-10-23,12931.5390625,13015.9619140625,12752.6474609375,12971.548828125,28974975003,2020,10,23,2,1,8,0.7272727272727273,0.1818181818181818,0.0909090909090909,11492.308984375,11696.715232252089,86.73668555485742,12907.586069343572,10077.031899406427,707.6385424842862
2020-10-24,13108.0625,13145.06640625,12885.7470703125,12931.57421875,24542317940,2020,10,24,0,1,2,0.6666666666666666,0.0,0.3333333333333333,11614.232958984376,11831.129257751889,86.44119733830534,13146.397998083545,10082.067919885209,766.0825195495842
2020-10-25,13031.173828125,13329.18359375,12910.0615234375,13108.0634765625,24406920575,2020,10,25,2,3,4,0.4444444444444444,0.2222222222222222,0.3333333333333333,11726.124658203124,11945.419216835042,83.27451255834069,13331.000582664512,10121.24873374174,802.437962230693
2020-10-26,13075.248046875,13225.2978515625,12822.3828125,13031.201171875,29461458313,2020,10,26,5,1,7,0.5384615384615384,0.3846153846153846,0.0769230769230769,11849.666748046877,12053.021962553134,82.36899222742538,13471.287493678625,10228.046002415123,810.810372815875
2020-10-27,13654.21875,13759.6689453125,13060.837890625,13075.2421875,33749878156,2020,10,27,6,2,4,0.3333333333333333,0.5,0.1666666666666666,11998.929248046876,12205.51689469093,89.83046646248118,13710.04646016832,10287.812035925432,855.5586060607217
2020-10-28,13271.28515625,13837.6953125,12932.2509765625,13654.21484375,35867318895,2020,10,28,3,1,4,0.5,0.375,0.125,12116.709228515623,12307.018633887032,78.98994687377318,13838.132153076232,10395.286303955018,860.7114622803033
2020-10-29,13437.8828125,13612.0478515625,12980.0595703125,13271.298828125,56499499598,2020,10,29,3,5,1,0.1111111111111111,0.3333333333333333,0.5555555555555556,12235.38046875,12414.719984231124,79.63585729644171,13978.473300597729,10492.287636902272,871.5464159238637
2020-10-30,13546.5224609375,13651.5166015625,13136.1982421875,13437.8740234375,30581485201,2020,10,30,3,4,6,0.4615384615384615,0.2307692307692307,0.3076923076923077,12347.888525390625,12522.510696298395,84.61831904445637,14125.90901358714,10569.868037194108,889.0102440982586
2020-10-31,13780.9951171875,14028.2138671875,13457.5302734375,13546.5322265625,30306464719,2020,10,31,3,2,3,0.375,0.375,0.25,12467.72919921875,12642.366355430691,85.51335155776523,14294.677927779814,10640.780470657684,913.474364280532
2020-11-01,13737.109375,13862.033203125,13628.3779296875,13780.9951171875,24453857900,2020,11,1,1,4,5,0.5,0.1,0.4,12576.81650390625,12746.627595389677,83.8414001105054,14434.669624341235,10718.963383471262,928.9265602174934
2020-11-02,13550.4892578125,13808.3232421875,13243.16015625,13737.0322265625,30771455468,2020,11,2,3,4,6,0.4615384615384615,0.2307692307692307,0.3076923076923077,12683.04599609375,12823.185848953754,77.7556121835695,14506.456387586588,10859.635604600911,911.7051957464192
2020-11-03,13950.30078125,13984.9814453125,13325.44140625,13550.451171875,29869951617,2020,11,3,10,4,13,0.4814814814814814,0.3703703703703703,0.1481481481481481,12809.085693359377,12930.530128220062,79.1957334702953,14616.076508224874,11002.094878493876,903.49540743275
2020-11-04,14133.70703125,14218.7666015625,13580.4716796875,13950.48828125,35116364962,2020,11,4,2,3,4,0.4444444444444444,0.2222222222222222,0.3333333333333333,12941.003564453124,13045.118404699102,73.73754425602456,14729.295767701436,11152.711361204814,894.1461016241556
2020-11-05,15579.8486328125,15706.404296875,14102.0888671875,14133.7333984375,40856321439,2020,11,5,0,1,9,0.9,0.0,0.1,13153.88984375,13286.521283567045,82.1652993940163,15134.148496515349,11173.631190984652,990.1293263826742
2020-11-06,15565.880859375,15903.4375,15226.83984375,15579.7294921875,39837841971,2020,11,6,4,4,2,0.2,0.4,0.4,13364.27880859375,13503.603147929707,82.57958281762836,15433.315724349874,11295.241892837626,1034.5184578780618
2020-11-07,14833.75390625,15737.095703125,14423.203125,15565.880859375,35024953706,2020,11,7,1,0,2,0.6666666666666666,0.3333333333333333,0.0,13531.79853515625,13630.28417253164,68.76348244240377,15499.676490578628,11563.92057973387,983.9389777111892
2020-11-08,15479.5673828125,15637.3203125,14744.1103515625,14833.75390625,26632075029,2020,11,8,4,1,7,0.5833333333333334,0.3333333333333333,0.0833333333333333,13718.675048828123,13806.40638303458,73.69048476220551,15680.772917558916,11756.577180097334,981.0489343653956
2020-11-09,15332.3154296875,15785.13671875,14865.529296875,15479.595703125,34149115566,2020,11,9,5,5,10,0.5,0.25,0.25,13889.474072265624,13951.73105414438,71.4117026904089,15784.544829391984,11994.403315139263,947.5353785631798
2020-11-10,15290.90234375,15450.3291015625,15124.9599609375,15332.3505859375,25574938143,2020,11,10,2,5,3,0.3,0.2,0.5,14012.834716796877,14079.271176963965,67.28982915301125,15936.777486067378,12088.891947526372,961.971384635252
2020-11-11,15701.33984375,15916.2607421875,15290.0068359375,15290.9091796875,29772374934,2020,11,11,4,2,4,0.4,0.4,0.2,14149.60712890625,14233.753907134063,75.52264279443017,16147.670179131605,12151.544078680894,999.0315251126772
2020-11-12,16276.34375,16305.00390625,15534.771484375,15701.298828125,34175758344,2020,11,12,4,4,7,0.4666666666666667,0.2666666666666666,0.2666666666666666,14316.84736328125,14428.286273121295,77.45661856835608,16441.546658237294,12192.148068325208,1062.3496474780216
2020-11-13,16317.80859375,16463.177734375,15992.15234375,16276.4404296875,31599492172,2020,11,13,2,3,10,0.6666666666666666,0.1333333333333333,0.2,14477.33466796875,14608.240779847838,77.15979350955092,16700.216164313475,12254.453171624024,1111.440748172363
2020-11-14,16068.138671875,16317.80859375,15749.193359375,16317.80859375,27481710135,2020,11,14,4,2,4,0.4,0.4,0.2,14629.18291015625,14747.278674326615,72.34841711256277,16851.02797691822,12407.337843394282,1110.9225333809843
2020-11-15,15955.587890625,16123.1103515625,15793.5341796875,16068.1396484375,23653867583,2020,11,15,3,0,3,0.5,0.5,0.0,14773.19990234375,14862.35574254551,71.39043143151136,16943.751486881683,12602.648317805815,1085.2757922689666
2020-11-16,16716.111328125,16816.181640625,15880.7060546875,15955.5771484375,31526766675,2020,11,16,5,2,19,0.7307692307692307,0.1923076923076923,0.0769230769230769,14926.29453125,15038.90389355308,77.48134774703776,17194.27179102403,12658.317271475968,1133.9886298870165
2020-11-17,17645.40625,17782.919921875,16564.544921875,16685.69140625,39006849170,2020,11,17,1,4,14,0.7368421052631579,0.0526315789473684,0.2105263157894736,15145.0005859375,15287.14221321469,79.37721777812561,17578.56153678662,12711.43963508838,1216.78047542456
2020-11-18,17804.005859375,18393.94921875,17352.90625,17645.19140625,49064800278,2020,11,18,3,4,6,0.4615384615384615,0.2307692307692307,0.3076923076923077,15363.30673828125,15526.843512849004,79.29555099443425,17931.674895645545,12794.938580916954,1284.184078682148
2020-11-19,17817.08984375,18119.546875,17382.5546875,17803.861328125,36985055355,2020,11,19,6,1,7,0.5,0.4285714285714285,0.0714285714285714,15576.835107421875,15744.962211030052,73.15408403745914,18218.28229212941,12935.38792271434,1320.723592353768
2020-11-20,18621.314453125,18773.2265625,17765.794921875,17817.083984375,36992873940,2020,11,20,2,3,2,0.2857142857142857,0.2857142857142857,0.4285714285714285,15818.85107421875,16018.900519801,77.17651771757707,18647.809744185022,12989.892404252472,1414.4793349831386
2020-11-21,18642.232421875,18936.62109375,18444.359375,18621.31640625,39650210707,2020,11,21,0,0,4,1.0,0.0,0.0,16064.1072265625,16268.741653331856,88.78090235349524,18982.257546256573,13145.956906868429,1459.075159847036
2020-11-22,18370.001953125,18688.96875,17671.384765625,18642.232421875,41280434226,2020,11,22,0,2,5,0.7142857142857143,0.0,0.2857142857142857,16305.082861328125,16468.861681883587,81.85636696819556,19144.155956389164,13466.009766267089,1419.536547530519
2020-11-23,18364.12109375,18711.42578125,18000.796875,18370.017578125,42741112308,2020,11,23,0,6,6,0.5,0.0,0.5,16525.773876953124,16649.362578251817,84.4892099885731,19279.035884715384,13772.511869190865,1376.6310038811298
2020-11-24,19107.46484375,19348.271484375,18128.65625,18365.015625,51469565009,2020,11,24,1,2,7,0.7,0.1,0.2,16774.461767578126,16883.467555918312,87.43763842162942,19516.46935369174,14032.454181464513,1371.0037930568074
2020-11-25,18732.12109375,19390.96484375,18581.146484375,19104.41015625,43710357371,2020,11,25,3,0,2,0.4,0.6,0.0,16932.075390625,17059.529797616568,79.9358132457138,19746.3946042983,14117.756176951698,1407.159606836651
2020-11-26,17150.623046875,18866.28515625,16351.03515625,18729.83984375,61396835737,2020,11,26,5,0,2,0.2857142857142857,0.7142857142857143,0.0,17011.3125,17068.20534516499,57.20327104984428,19751.945166640995,14270.679833359003,1370.316333320498
2020-11-27,17108.40234375,17445.0234375,16526.423828125,17153.9140625,38886494645,2020,11,27,1,3,6,0.6,0.1,0.3,17125.044921875,17072.033630744518,56.512966593339264,19666.76145527553,14583.32838847447,1270.8582667002652
2020-11-28,17717.4140625,17853.939453125,16910.65234375,17112.93359375,32601040734,2020,11,28,1,2,1,0.25,0.25,0.5,17236.937255859375,17133.498433768847,62.82739182994294,19668.28693197643,14805.58757974232,1215.6748380585268
2020-11-29,18177.484375,18283.62890625,17559.1171875,17719.634765625,31133957704,2020,11,29,0,3,3,0.5,0.0,0.5,17379.195703125,17232.925666267052,66.39474934982246,19670.21874245912,15088.172663790878,1145.5115196670606
2020-11-30,19625.8359375,19749.263671875,18178.322265625,18178.322265625,47728480399,2020,11,30,7,10,5,0.2272727272727272,0.3181818181818182,0.4545454545454545,17595.9423828125,17460.821882574954,69.49153562443004,19875.304108656437,15316.580656968566,1139.6808629219668
2020-12-01,18802.998046875,19845.974609375,18321.921875,19633.76953125,49633658712,2020,12,1,5,4,13,0.5909090909090909,0.2272727272727272,0.1818181818181818,17751.02529296875,17588.648183936864,57.86662362735888,19906.313884297106,15595.736701640391,1077.6442956641783
2020-12-02,19201.091796875,19308.330078125,18347.71875,18801.744140625,37387697139,2020,12,2,1,4,4,0.4444444444444444,0.1111111111111111,0.4444444444444444,17897.2626953125,17742.214242311926,59.19485207161441,20028.0064244889,15766.518966136102,1065.371864588199
2020-12-03,19445.3984375,19566.19140625,18925.78515625,19205.92578125,31930317405,2020,12,3,6,6,8,0.4,0.3,0.3,18053.6421875,17904.422260901265,60.40009919897328,20155.184733397185,15952.09964160282,1050.771272948591
2020-12-04,18699.765625,19511.404296875,18697.193359375,19446.966796875,33872388058,2020,12,4,1,2,7,0.7,0.1,0.2,18185.22353515625,17980.16924795829,50.50485067395121,20082.99304908197,16287.454021230522,948.884756962863
2020-12-05,19154.23046875,19160.44921875,18590.193359375,18698.384765625,27242455064,2020,12,5,1,4,6,0.5454545454545454,0.0909090909090909,0.3636363636363636,18345.1556640625,18091.984602319404,53.12068832925445,19971.478411262888,16718.83291686211,813.1613736001951
2020-12-06,19345.12109375,19390.5,18897.89453125,19154.1796875,25293775714,2020,12,6,1,2,2,0.4,0.2,0.4,18476.60615234375,18211.3309348366,56.00298862288884,19967.911321828327,16985.30098285917,745.6525847422888
2020-12-07,19191.630859375,19411.828125,18931.142578125,19343.12890625,26896357742,2020,12,7,4,1,7,0.5833333333333334,0.3333333333333333,0.0833333333333333,18553.9173828125,18304.692832411685,55.00335024951506,20023.9538515618,17083.8809140632,735.0182343746491
2020-12-08,18321.14453125,19283.478515625,18269.9453125,19191.529296875,31692288756,2020,12,8,1,6,6,0.4615384615384615,0.0769230769230769,0.4615384615384615,18579.77431640625,18306.25966087248,45.31768203186241,20011.977520126347,17147.57111268615,716.10160186005
2020-12-09,18553.916015625,18626.29296875,17935.546875,18320.884765625,34420373071,2020,12,9,3,3,7,0.5384615384615384,0.2307692307692307,0.2307692307692307,18616.615625,18329.84598037272,48.9205092244339,20003.400166839558,17229.831083160443,693.392270919777
2020-12-10,18264.9921875,18553.298828125,17957.064453125,18553.298828125,25547132265,2020,12,10,2,3,8,0.6153846153846154,0.1538461538461538,0.2307692307692307,18598.79951171875,18323.669428670557,58.003739849031305,19994.45688718316,17203.14213625434,697.8286877322053
2020-12-11,18058.904296875,18268.453125,17619.533203125,18263.9296875,27919640985,2020,12,11,3,3,3,0.3333333333333333,0.3333333333333333,0.3333333333333333,18569.63310546875,18298.45370183288,56.66979605094546,19985.700269447894,17153.565941489604,708.0335819895728
2020-12-12,18803.65625,18919.55078125,18046.041015625,18051.3203125,21752580802,2020,12,12,1,1,3,0.6,0.2,0.2,18591.3158203125,18346.56823022975,57.47981151858373,20007.79261663758,17174.839023987417,708.2383981625416
2020-12-13,19142.3828125,19381.53515625,18734.33203125,18806.765625,25450468637,2020,12,13,1,2,1,0.25,0.25,0.5,18630.22890625,18422.36009520787,56.7571656090159,20063.09161058204,17197.366201917957,716.4313521660199
2020-12-14,19246.64453125,19305.099609375,19012.708984375,19144.4921875,22473997681,2020,12,14,3,0,7,0.7,0.3,0.0,18637.187890625,18500.86337483093,46.728698273108016,20081.118877341047,17193.25690390895,721.9654933580242
2020-12-15,19417.076171875,19525.0078125,19079.841796875,19246.919921875,26741982541,2020,12,15,4,6,10,0.5,0.2,0.3,18671.43564453125,18588.121736454174,55.96966636034298,20156.74649582537,17186.124793237133,742.6554256470585
2020-12-16,21310.59765625,21458.908203125,19298.31640625,19418.818359375,44409011479,2020,12,16,7,6,10,0.4347826086956521,0.3043478260869565,0.2608695652173913,18879.434375,18847.40515738711,65.8878288833991,20612.471883203714,17146.396866796287,866.5187541018564
2020-12-17,22805.162109375,23642.66015625,21234.67578125,21308.3515625,71378606374,2020,12,17,4,2,6,0.5,0.3333333333333333,0.1666666666666666,19164.27236328125,19224.334390909768,71.29396106280225,21454.681219927166,16873.86350663533,1145.2044283229593
2020-12-18,23137.9609375,23238.6015625,22399.8125,22806.796875,40387896275,2020,12,18,4,4,7,0.4666666666666667,0.2666666666666666,0.2666666666666666,19435.29970703125,19597.060728680262,79.68227180103455,22231.765747232446,16638.83366683005,1398.2330201005989
2020-12-19,23869.83203125,24085.85546875,22826.47265625,23132.865234375,38487546580,2020,12,19,1,2,4,0.5714285714285714,0.1428571428571428,0.2857142857142857,19719.91708984375,20003.991328925,80.40919615741926,23079.39362878504,16360.440550902462,1679.7382694706446
2020-12-20,23477.294921875,24209.66015625,23147.7109375,23861.765625,37844228422,2020,12,20,1,2,10,0.7692307692307693,0.0769230769230769,0.1538461538461538,19912.4900390625,20334.78214730119,75.97144663429964,23667.52154130776,16157.458536817245,1877.515751122629
2020-12-21,22803.08203125,24059.982421875,22159.3671875,23474.455078125,45852713981,2020,12,21,5,8,6,0.3157894736842105,0.2631578947368421,0.4210526315789473,20112.49423828125,20569.858326724887,71.30411539086363,24040.819407291456,16184.169069271047,1964.1625845051008
2020-12-22,23783.029296875,23789.90234375,22430.60546875,22794.0390625,44171632681,2020,12,22,4,5,7,0.4375,0.25,0.3125,20341.59111328125,20875.874609596325,81.80911516610783,24569.150422896517,16114.03180366599,2113.7796548076303
2020-12-23,23241.345703125,24024.490234375,22802.646484375,23781.974609375,51146161904,2020,12,23,4,4,9,0.5294117647058824,0.2352941176470588,0.2352941176470588,20531.3884765625,21101.15757088477,76.35069079372106,24927.036533436367,16135.740419688636,2197.824028436933
2020-12-24,23735.94921875,23768.337890625,22777.59765625,23240.203125,41080759713,2020,12,24,7,1,6,0.4285714285714285,0.5,0.0714285714285714,20783.19765625,21352.090108776694,80.0602034684066,25312.03830631593,16254.357006184066,2264.4203250329665
2020-12-25,24664.791015625,24710.1015625,23463.673828125,23733.5703125,42068395846,2020,12,25,3,3,2,0.25,0.375,0.375,21058.72568359375,21667.58543323844,83.62543122732018,25834.085858327984,16283.36550885952,2387.6800873671154
2020-12-26,26437.037109375,26718.0703125,24522.689453125,24677.015625,48332647295,2020,12,26,1,1,5,0.7142857142857143,0.1428571428571428,0.1428571428571428,21413.321484375,22121.81892620383,85.17606614336114,26680.785415384344,16145.857553365657,2633.7319655046717
2020-12-27,26272.294921875,28288.83984375,25922.76953125,26439.373046875,66479895605,2020,12,27,2,2,3,0.4285714285714285,0.2857142857142857,0.2857142857142857,21767.3546875,22517.102354362985,83.39142010962915,27348.549819107368,16186.159555892633,2790.597565803684
2020-12-28,27084.80859375,27389.111328125,26207.640625,26280.822265625,49056742893,2020,12,28,4,3,8,0.5333333333333333,0.2666666666666666,0.2,22205.537890625,22952.121996209367,84.42467084540542,28018.77364010049,16392.30214114951,2906.6178747377458
2020-12-29,27362.4375,27370.720703125,25987.298828125,27081.810546875,45265946774,2020,12,29,6,1,7,0.5,0.4285714285714285,0.0714285714285714,22645.96396484375,23372.152044189428,84.56996099600987,28626.63265921693,16665.29527047057,2990.3343471865896
2020-12-30,28840.953125,28937.740234375,27360.08984375,27360.08984375,51287442704,2020,12,30,2,0,14,0.875,0.125,0.0,23174.76201171875,23892.990242361862,83.99185086102347,29390.06265896372,16959.461364473784,3107.650323622484
2020-12-31,29001.720703125,29244.876953125,28201.9921875,28841.57421875,46754964848,2020,12,31,12,4,11,0.4074074074074074,0.4444444444444444,0.1481481481481481,23721.90283203125,24379.536000529777,81.80034760853746,29967.516131014807,17476.289533047693,3122.8066494917784
2021-01-01,29374.15234375,29600.626953125,28803.5859375,28994.009765625,40730301359,2021,1,1,21,21,31,0.4246575342465753,0.2876712328767123,0.2876712328767123,24250.42763671875,24855.21374750313,81.87408134148401,30532.54112200805,17968.31415142945,3141.056742644648
2021-01-02,32127.267578125,33155.1171875,29091.181640625,29376.455078125,67865420765,2021,1,2,13,14,21,0.4375,0.2708333333333333,0.2916666666666667,24899.671875,25547.79030280045,84.9779078119625,31627.15886444125,18172.184885558745,3363.743494720627
2021-01-03,32782.0234375,34608.55859375,32052.31640625,32129.408203125,78665235202,2021,1,3,23,30,61,0.5350877192982456,0.2017543859649122,0.2631578947368421,25576.4408203125,26236.764887057558,88.55761643110527,32625.069795862943,18527.81184476205,3524.3144877752243
2021-01-04,31971.9140625,33440.21875,28722.755859375,32810.94921875,81163475344,2021,1,4,25,9,36,0.5142857142857142,0.3571428571428571,0.1285714285714285,26204.18271484375,26782.969570433022,87.5713219666375,33178.99706003906,19229.368369648448,3487.4071725976523
2021-01-05,33992.4296875,34437.58984375,30221.1875,31977.041015625,67547324782,2021,1,5,9,11,28,0.5833333333333334,0.1875,0.2291666666666666,26838.27431640625,27469.5848196775,88.5479440336453,34233.099533516994,19443.449099295503,3697.4126085553735
2021-01-06,36824.36328125,36879.69921875,33514.03515625,34013.61328125,75289433811,2021,1,6,13,8,32,0.6037735849056604,0.2452830188679245,0.1509433962264151,27539.234375,28360.516101732024,93.72388404367643,35916.841351804615,19161.627398195385,4188.803488402306
2021-01-07,39371.04296875,40180.3671875,36491.19140625,36833.875,84762141031,2021,1,7,13,11,25,0.5102040816326531,0.2653061224489796,0.2244897959183673,28350.8884765625,29409.13770811469,94.45628192677091,37984.385494128524,18717.39145899648,4816.748508783011
2021-01-08,40797.609375,41946.73828125,36838.63671875,39381.765625,88107519480,2021,1,8,5,6,20,0.6451612903225806,0.1612903225806451,0.1935483870967742,29197.27734375,30493.75405734186,94.60887374948032,40068.13427707552,18326.420410424485,5435.428466662756
2021-01-09,40254.546875,41436.3515625,38980.875,40788.640625,61984162837,2021,1,9,4,4,6,0.4285714285714285,0.2857142857142857,0.2857142857142857,30036.13994140625,31423.3533733093,90.99339209626616,41614.74972190615,18457.530160906357,5789.3048902499495
2021-01-10,38356.44140625,41420.19140625,35984.62890625,40254.21875,79980747690,2021,1,10,10,12,14,0.3888888888888889,0.2777777777777778,0.3333333333333333,30813.80791015625,32083.64747168461,82.50750731028181,42436.10871937624,19191.50710093626,5811.150404609996
2021-01-11,35566.65625,38346.53125,30549.599609375,38346.53125,123320567399,2021,1,11,17,9,22,0.4583333333333333,0.3541666666666667,0.1875,31402.9892578125,32415.36259342893,70.62307657677252,42715.16190686199,20090.81660876301,5656.0863245247465
2021-01-12,33922.9609375,36568.52734375,32697.9765625,35516.359375,74773277909,2021,1,12,8,9,23,0.575,0.2,0.225,31937.07001953125,32558.943388102365,64.95784713105775,42617.77494650301,21256.36509255949,5340.35246348588
2021-01-13,37316.359375,37599.9609375,32584.66796875,33915.12109375,69364315979,2021,1,13,9,14,23,0.5,0.1956521739130435,0.3043478260869565,32616.09052734375,33012.03062494976,67.7719312615697,42817.48278352431,22414.698271163197,5100.696128090279
2021-01-14,39187.328125,39966.40625,36868.5625,37325.109375,63615990033,2021,1,14,16,12,22,0.44,0.32,0.24,33342.2173828125,33600.15419638312,69.92869962549554,43222.95584089954,23461.47892472546,4940.369229043522
2021-01-15,36825.3671875,39577.7109375,34659.58984375,39156.70703125,67760757881,2021,1,15,9,8,15,0.46875,0.28125,0.25,33861.63388671875,33907.31733839425,63.5257013789116,43296.09102535847,24427.17674807904,4717.228569319856
2021-01-16,36178.140625,37864.3671875,35633.5546875,36821.6484375,57706187875,2021,1,16,3,3,4,0.4,0.3,0.3,34356.926171875,34123.58622283289,57.96200849051802,43130.74500939192,25583.10733435808,4386.9094187584615
2021-01-17,35791.27734375,36722.3515625,34069.3203125,36163.6484375,52359854336,2021,1,17,11,3,10,0.4166666666666667,0.4583333333333333,0.125,34792.249609375,34282.41394863452,55.97765149851569,42884.32565591116,26700.17356283884,4046.03802326808
2021-01-18,36630.07421875,37299.28515625,34883.84375,35792.23828125,49511702429,2021,1,18,7,8,17,0.53125,0.21875,0.25,35255.6314453125,34506.00064102648,59.24254315590536,42581.41987890808,27929.843011716926,3662.894216797788
2021-01-19,36069.8046875,37755.890625,36069.8046875,36642.234375,57244195486,2021,1,19,9,8,12,0.4137931034482758,0.3103448275862069,0.2758620689655172,35617.0740234375,34654.93435973824,54.37538997812174,42294.94087785231,28939.207169022688,3338.933427207404
2021-01-20,35547.75,36378.328125,33570.4765625,36050.11328125,66834573161,2021,1,20,20,13,20,0.3773584905660377,0.3773584905660377,0.2452830188679245,35944.37548828125,34739.96442071555,47.02135552098229,41854.58847731918,30034.16249924332,2955.106494518965
2021-01-21,30825.69921875,35552.6796875,30250.75,35549.3984375,75643067688,2021,1,21,27,14,11,0.2115384615384615,0.5192307692307693,0.2692307692307692,36016.95283203125,34367.17725862359,31.899143282203863,41614.84902805323,30419.05663600928,2798.9480980109884
2021-01-22,33005.76171875,33811.8515625,28953.373046875,30817.625,77207272511,2021,1,22,17,6,11,0.3235294117647059,0.5,0.1764705882352941,36060.8775390625,34237.518635778484,34.00576516764289,41542.850514673606,30578.904563451397,2740.9864878055537
2021-01-23,32067.642578125,33360.9765625,31493.16015625,32985.7578125,48354737975,2021,1,23,7,2,8,0.4705882352941176,0.4117647058823529,0.1176470588235294,36025.15849609375,34030.86377314482,33.46304269488695,41605.5123017725,30444.804690415,2790.1769028393737
2021-01-24,32289.37890625,32944.0078125,31106.685546875,32064.376953125,48643830599,2021,1,24,10,6,10,0.3846153846153846,0.3846153846153846,0.2307692307692307,36041.03173828125,33865.00807153578,36.85473505888661,41574.44936199859,30507.614114563912,2766.708811858668
2021-01-25,32366.392578125,34802.7421875,32087.787109375,32285.798828125,59897054838,2021,1,25,14,8,15,0.4054054054054054,0.3783783783783784,0.2162162162162162,35959.7298828125,33722.28278644904,42.14243370173191,41664.99758912977,30254.462176495224,2852.6338531586366
2021-01-26,32569.849609375,32794.55078125,31030.265625,32358.61328125,60255421470,2021,1,26,17,12,16,0.3555555555555555,0.3777777777777777,0.2666666666666666,35747.00419921875,33612.52724577532,46.42487617757605,41630.99731397528,29863.011084462218,2941.9965573782656
2021-01-27,30432.546875,32564.029296875,29367.138671875,32564.029296875,62576762015,2021,1,27,15,5,15,0.4285714285714285,0.4285714285714285,0.1428571428571428,35300.07939453125,33309.671972368145,30.518852844298607,41379.665515414345,29220.493273648142,3039.79306044155
2021-01-28,33466.09765625,33858.3125,30023.20703125,30441.041015625,76517157706,2021,1,28,14,10,14,0.3684210526315789,0.3684210526315789,0.2631578947368421,34933.50380859375,33324.56965654737,34.808578767908315,40477.95755857436,29389.05005861314,2772.226874990304
2021-01-29,34316.38671875,38406.26171875,32064.814453125,34318.671875,117894572511,2021,1,29,13,12,15,0.375,0.325,0.3,34636.59580078125,33419.02842437619,42.756479988884905,39585.25520389056,29687.936397671947,2474.329701554652
2021-01-30,34269.5234375,34834.70703125,32940.1875,34295.93359375,65141828798,2021,1,30,8,6,18,0.5625,0.25,0.1875,34432.24990234375,33500.0279494356,44.29187662006608,39061.36116944256,29803.13863524494,2314.555633549403
2021-01-31,33114.359375,34288.33203125,32270.17578125,34270.87890625,52754542671,2021,1,31,11,24,10,0.2222222222222222,0.2444444444444444,0.5333333333333333,34309.63505859375,33463.29760901316,42.34585912577015,38942.13938341152,29677.13073377597,2316.252162408888
2021-02-01,33537.17578125,34638.21484375,32384.228515625,33114.578125,61400400660,2021,2,1,16,15,15,0.3260869565217391,0.3478260869565217,0.3260869565217391,34290.34580078125,33470.33362541667,40.94094155939253,38932.83135254982,29647.86024901268,2321.2427758842864
2021-02-02,35510.2890625,35896.8828125,33489.21875,33533.19921875,63088585433,2021,2,2,13,5,12,0.4,0.4333333333333333,0.1666666666666666,34200.04228515625,33664.61509561508,48.4864533581301,38661.42279793541,29738.661772377083,2230.690256389581
2021-02-03,37472.08984375,37480.1875,35443.984375,35510.8203125,61166818159,2021,2,3,13,18,36,0.5373134328358209,0.1940298507462686,0.2686567164179104,34114.28037109375,34027.2317382946,54.8293605862314,38224.08314362873,30004.477598558773,2054.9013862674897
2021-02-04,36926.06640625,38592.17578125,36317.5,37475.10546875,68838074392,2021,2,4,4,4,17,0.68,0.16,0.16,34119.31533203125,34303.311230480824,69.36955016133706,38243.32504163165,29995.305622430853,2062.004854800197
2021-02-05,38144.30859375,38225.90625,36658.76171875,36931.546875,58598066402,2021,2,5,7,4,10,0.4761904761904761,0.3333333333333333,0.1904761904761904,34217.62373046875,34669.12050317313,67.37698958491299,38631.80982696834,29803.43763396917,2207.0930482497915
2021-02-06,39266.01171875,40846.546875,38138.38671875,38138.38671875,71326033653,2021,2,6,7,3,5,0.3333333333333333,0.4666666666666667,0.2,34391.36044921875,35106.9196665614,74.04413291098693,39310.92571426119,29471.79518417631,2459.782632521221
2021-02-07,38903.44140625,39621.8359375,37446.15234375,39250.19140625,65500641143,2021,2,7,2,2,19,0.8260869565217391,0.0869565217391304,0.0869565217391304,34505.02880859375,35468.49316557936,71.88650505398334,39737.49238632325,29272.56523086425,2616.231788864751
2021-02-08,46196.46484375,46203.9296875,38076.32421875,38886.828125,101467222687,2021,2,8,14,5,30,0.6122448979591837,0.2857142857142857,0.1020408163265306,35011.36181640625,36490.20475397656,80.97312969414142,42397.87010631452,27624.853526497984,3693.2541449541336
2021-02-09,46481.10546875,48003.72265625,45166.9609375,46184.9921875,91809846886,2021,2,9,12,10,27,0.5510204081632653,0.2448979591836734,0.2040816326530612,35558.02958984375,37441.71910776451,81.04206630204202,44554.5527952636,26561.50638442389,4498.261602709928
2021-02-10,44918.18359375,47145.56640625,43881.15234375,46469.76171875,87301089896,2021,2,10,8,6,13,0.4814814814814814,0.2962962962962963,0.2222222222222222,36262.65380859375,38153.76334452503,83.17414173857797,45884.34441312792,26640.963204059582,4810.845302267085
2021-02-11,47909.33203125,48463.46875,44187.76171875,44898.7109375,81388911810,2021,2,11,8,5,15,0.5357142857142857,0.2857142857142857,0.1785714285714285,37007.83232421875,39082.86512421313,83.14139986899286,47804.24854305132,26211.41610538617,5398.208109416286
2021-02-12,47504.8515625,48745.734375,46424.9765625,47877.03515625,76555041196,2021,2,12,7,5,9,0.4285714285714285,0.3333333333333333,0.238095238095238,37779.6927734375,39884.95907071664,80.89427628406379,49273.75469261409,26285.630854260908,5747.030959588295
2021-02-13,47105.515625,48047.74609375,46392.28125,47491.203125,70250456155,2021,2,13,2,11,8,0.3809523809523809,0.0952380952380952,0.5238095238095238,38520.499609375,40572.63112350554,79.58012958310019,50427.06977523341,26613.929443516598,5953.285082929204
2021-02-14,48717.2890625,49487.640625,47114.5078125,47114.5078125,71248675228,2021,2,14,2,4,12,0.6666666666666666,0.1111111111111111,0.2222222222222222,39338.04443359375,41348.3128319812,85.21534669177547,51702.03589693143,26974.052970256067,6181.995731668841
2021-02-15,47945.05859375,48875.5703125,46347.4765625,48696.53515625,77069903166,2021,2,15,17,6,10,0.303030303030303,0.5151515151515151,0.1818181818181818,40106.8048828125,41976.57433310204,82.01323781369504,52610.08219894848,27603.52756667653,6251.638658067987
2021-02-16,49199.87109375,50341.1015625,47201.3046875,47944.45703125,77049582886,2021,2,16,18,6,20,0.4545454545454545,0.4090909090909091,0.1363636363636363,41045.17109375,42664.50735792566,81.42016555837174,53306.00900199426,28784.333185505748,6130.418954122128
2021-02-17,52149.0078125,52533.9140625,49072.37890625,49207.27734375,80820545404,2021,2,17,8,15,24,0.5106382978723404,0.1702127659574468,0.3191489361702128,41979.3166015625,43567.793115504166,82.22573835138789,54648.87376258896,29309.759440536047,6334.778580513228
2021-02-18,51679.796875,52474.10546875,51015.765625,52140.97265625,52054723579,2021,2,18,7,5,14,0.5384615384615384,0.2692307692307692,0.1923076923076923,42847.487109375,44340.36490212281,82.50403314710776,55684.63219411943,30010.34202463057,6418.572542372214
2021-02-19,55888.1328125,56113.65234375,50937.27734375,51675.98046875,63495496918,2021,2,19,8,3,26,0.7027027027027027,0.2162162162162162,0.081081081081081,43928.417578125,45440.152322158734,84.54078303165277,57351.66655486743,30505.16860138257,6711.624488371213
2021-02-20,56099.51953125,57505.2265625,54626.55859375,55887.3359375,68145460026,2021,2,20,5,2,13,0.65,0.25,0.1,45077.6755859375,46455.330151596,83.97275984713679,58538.32506387518,31617.026107999816,6730.32473896884
2021-02-21,57539.9453125,58330.5703125,55672.609375,56068.56640625,51897585191,2021,2,21,5,2,9,0.5625,0.3125,0.125,46277.8140625,47511.007785967806,86.04340398103268,59686.111057739705,32869.5170672603,6704.1484976198535
2021-02-22,54207.3203125,57533.390625,48967.56640625,57532.73828125,92052420332,2021,2,22,15,10,12,0.3243243243243243,0.4054054054054054,0.2702702702702703,47212.665625,48148.751836113726,68.29591945430711,60055.23513629921,34370.09611370079,6421.284755649605
2021-02-23,48824.42578125,54204.9296875,45290.58984375,54204.9296875,106102492824,2021,2,23,21,7,24,0.4615384615384615,0.4038461538461538,0.1346153846153846,47780.282421875,48213.10173565052,54.34097427009053,59786.42328955057,35774.14155419944,6003.0704338377855
2021-02-24,49705.33203125,51290.13671875,47213.5,48835.0859375,63695521388,2021,2,24,13,7,13,0.3939393939393939,0.3939393939393939,0.2121212121212121,48419.245703125,48355.21890666,59.09803196066891,59300.67911516096,37537.812291089045,5440.716706017977
2021-02-25,47093.8515625,51948.96875,47093.8515625,49709.08203125,54506565949,2021,2,25,11,13,19,0.4418604651162791,0.2558139534883721,0.3023255813953488,48866.7228515625,48235.08868340666,48.4274762561818,58649.67459949879,39083.77110362622,4891.475873968141
2021-02-26,46339.76171875,48370.78515625,44454.84375,47180.46484375,350967941479,2021,2,26,7,5,14,0.5384615384615384,0.2692307692307692,0.1923076923076923,49220.4103515625,48054.58135343936,47.78320026673275,58002.13982568925,40438.68087743576,4390.864737063373
2021-02-27,46188.453125,48253.26953125,45269.02734375,46344.7734375,45910946382,2021,2,27,3,3,4,0.4,0.3,0.3,49584.6609375,47876.85485549276,48.23849259240696,57073.79012955446,42095.531745445536,3744.5645960272313
2021-02-28,45137.76953125,46716.4296875,43241.6171875,46194.015625,53443887451,2021,2,28,8,12,8,0.2857142857142857,0.2857142857142857,0.4285714285714285,49531.726171875,47615.98958651726,42.97293686895139,57135.77557623336,41927.67676751664,3802.02470217918
2021-03-01,49631.2421875,49784.015625,45115.09375,45159.50390625,53891300112,2021,3,1,15,9,27,0.5294117647058824,0.2941176470588235,0.1764705882352941,49689.2330078125,47807.91840565848,52.88821367306687,57156.49338867823,42221.97262694677,3733.630190432864
2021-03-02,48378.98828125,50127.51171875,47228.84375,49612.10546875,47530897720,2021,3,2,13,16,19,0.3958333333333333,0.2708333333333333,0.3333333333333333,49862.2732421875,47862.30601285767,48.59381101798645,57017.909428654784,42706.63705572021,3577.818093233645
2021-03-03,50538.2421875,52535.13671875,48274.3203125,48415.81640625,53220811975,2021,3,3,80,69,171,0.534375,0.25,0.215625,49993.71875,48117.15707710932,47.16397807309299,57094.678804710136,42892.75869528986,3550.4800273550686
2021-03-04,48561.16796875,51735.08984375,47656.9296875,50522.3046875,52343816680,2021,3,4,7,10,14,0.4516129032258064,0.2258064516129032,0.3225806451612903,50046.5345703125,48159.443828694144,44.7859811637562,57084.98852307705,43008.080617547945,3519.226976382276
2021-03-05,48927.3046875,49396.4296875,46542.515625,48527.03125,48625928883,2021,3,5,12,5,13,0.4333333333333333,0.4,0.1666666666666666,50137.6240234375,48232.5734342947,36.6466578202507,57062.04836263626,43213.19968423874,3462.212169599381
2021-03-06,48912.3828125,49147.21875,47257.52734375,48899.23046875,34363564661,2021,3,6,1,2,9,0.75,0.0833333333333333,0.1666666666666666,50147.3787109375,48297.31718459997,36.107801060300176,57063.92349153078,43230.83393034421,3458.272390296642
2021-03-07,51206.69140625,51384.3671875,48918.6796875,48918.6796875,43137459378,2021,3,7,4,4,8,0.5,0.25,0.25,50310.4603515625,48574.400443804734,38.14947663836393,57161.8655496065,43459.0551535185,3425.7025990219995
2021-03-08,52246.5234375,52314.0703125,49506.0546875,51174.1171875,48597428048,2021,3,8,9,9,18,0.5,0.25,0.25,50462.79296875,48924.12644320428,45.98668058050512,57345.63440907257,43579.95152842743,3441.4207201612858
2021-03-09,54824.1171875,54824.1171875,51981.83203125,52272.96875,50912227385,2021,3,9,7,11,20,0.5263157894736842,0.1842105263157894,0.2894736842105263,50596.5484375,49486.0303236134,63.87319894305355,57717.2251176938,43475.8717573062,3560.3383400968987
2021-03-10,56008.55078125,57258.25390625,53290.890625,54824.01171875,57295577614,2021,3,10,9,6,11,0.4230769230769231,0.3461538461538461,0.2307692307692307,50812.9861328125,50107.22274815022,64.37329243977487,58324.71183678506,43301.26042883993,3755.862851986285
2021-03-11,57805.12109375,58091.0625,54484.59375,55963.1796875,56772343595,2021,3,11,16,5,3,0.125,0.6666666666666666,0.2083333333333333,50908.835546875,50840.35592392163,75.3678079359367,58735.54695930278,43082.12413444722,3913.355706213889
2021-03-12,57332.08984375,57996.62109375,55376.6484375,57821.21875,55689944702,2021,3,12,8,3,13,0.5416666666666666,0.3333333333333333,0.125,50970.4640625,51458.61629723861,76.38470089470557,58986.392138152914,42954.53598684709,4007.9640378264544
2021-03-13,61243.0859375,61683.86328125,56217.97265625,57343.37109375,60669829814,2021,3,13,3,2,8,0.6153846153846154,0.2307692307692307,0.1538461538461538,51155.62109375,52390.47054869207,80.61059057209448,59944.307033607634,42366.935153892366,4394.342969928815
2021-03-14,59302.31640625,61597.91796875,59302.31640625,61221.1328125,43901225564,2021,3,14,7,3,12,0.5454545454545454,0.3181818181818182,0.1363636363636363,51410.3708984375,53048.741582745206,77.7947143098485,60843.264965066,41977.476831809,4716.447033314249
2021-03-15,55907.19921875,60540.9921875,55393.1640625,59267.4296875,66419369890,2021,3,15,18,13,20,0.392156862745098,0.3529411764705882,0.2549019607843137,51764.5095703125,53320.97564331709,62.86990735304037,61319.653112796805,42209.36602782819,4777.571771242153
2021-03-16,56804.90234375,56833.1796875,53555.02734375,55840.78515625,59749798599,2021,3,16,9,8,16,0.4848484848484848,0.2727272727272727,0.2424242424242424,52119.4880859375,53652.778186215466,67.53371997407945,61877.87234391427,42361.10382796072,4879.192128988388
2021-03-17,58870.89453125,58969.81640625,54528.62890625,56825.828125,60258313191,2021,3,17,12,13,20,0.4444444444444444,0.2666666666666666,0.2888888888888888,52708.340234375,54149.74164764732,67.40721373632803,62610.10329131296,42806.57717743704,4950.88152846898
2021-03-18,57858.921875,60116.25,54253.578125,58893.078125,55746041000,2021,3,18,14,13,8,0.2285714285714285,0.4,0.3714285714285714,53284.2982421875,54502.9969073952,70.2394543278662,62963.88584390264,43604.71064047236,4839.793800857568
2021-03-19,58346.65234375,59498.375,56643.703125,57850.44140625,49063873786,2021,3,19,16,11,64,0.7032967032967034,0.1758241758241758,0.1208791208791208,53892.208203125,54869.059329905176,70.39616909273087,63216.01810174839,44568.39830450162,4661.904949311691
2021-03-20,58313.64453125,60031.28515625,58213.296875,58332.26171875,50361731222,2021,3,20,7,5,10,0.4545454545454545,0.3181818181818182,0.2272727272727272,54551.001953125,55197.11506336659,70.3410746496022,63100.08643492072,46001.91747132928,4274.542240897858
2021-03-21,57523.421875,58767.8984375,56005.6171875,58309.9140625,51943414539,2021,3,21,8,6,9,0.391304347826087,0.3478260869565217,0.2608695652173913,54945.6109375,55418.66809304596,64.61869581890599,63264.00444440528,46627.21743059472,4159.196753452642
2021-03-22,54529.14453125,58471.48046875,54288.15625,57517.890625,56521454974,2021,3,22,22,17,27,0.4090909090909091,0.3333333333333333,0.2575757575757575,55253.11875,55333.95156335111,54.84439194715622,62983.320968471286,47522.91653152872,3865.1011092356425
2021-03-23,54738.9453125,55985.44140625,53470.6953125,54511.66015625,56435023914,2021,3,23,10,5,5,0.25,0.5,0.25,55463.15390625,55277.28430136529,49.799043549043546,62875.7057517373,48050.6020607627,3706.2759227436513
2021-03-24,52774.265625,57262.3828125,52514.33203125,54710.48828125,70567223787,2021,3,24,13,16,19,0.3958333333333333,0.2708333333333333,0.3333333333333333,55673.8087890625,55038.90157028288,42.63994144501874,62474.7118840348,48872.90569409021,3400.4515474861464
2021-03-25,51704.16015625,53392.38671875,50856.5703125,52726.74609375,67999812841,2021,3,25,11,10,16,0.4324324324324324,0.2972972972972973,0.2702702702702703,55812.6515625,54721.30714989879,35.64169386617401,62129.8059880154,49495.4971369846,3158.5772127577
2021-03-26,55137.3125,55137.3125,51579.85546875,51683.01171875,56652197978,2021,3,26,14,7,15,0.4166666666666667,0.3888888888888889,0.1944444444444444,56123.898046875,54760.92670705129,45.46637155931101,61561.78611828244,50686.00997546756,2718.9440357037183
2021-03-27,55973.51171875,56568.21484375,54242.91015625,55137.56640625,47266542233,2021,3,27,3,4,6,0.4615384615384615,0.2307692307692307,0.3076923076923077,56362.2390625,54876.41099387974,37.53101738119485,61286.25203488414,51438.22609011585,2462.006486192072
2021-03-28,55950.74609375,56610.3125,55071.11328125,55974.94140625,47686580918,2021,3,28,7,5,8,0.4,0.35,0.25,56547.4501953125,54978.728622438815,41.27773379380285,61082.97525413175,52011.92513649325,2267.7625294096256
2021-03-29,57750.19921875,58342.09765625,55139.33984375,55947.8984375,57625587027,2021,3,29,4,7,13,0.5416666666666666,0.1666666666666666,0.2916666666666667,56693.754296875,55242.67820303988,55.23072447520691,61183.76242395652,52203.74616979348,2245.0040635407618
2021-03-30,58917.69140625,59447.22265625,57251.55078125,57750.1328125,54414116432,2021,3,30,8,8,15,0.4838709677419355,0.2580645161290322,0.2580645161290322,56839.211328125,55592.67946048846,55.905983663803326,61423.2582441797,52255.1644120703,2292.023458027348
2021-03-31,58918.83203125,59930.02734375,57726.41796875,58930.27734375,65520826225,2021,3,31,9,15,14,0.3684210526315789,0.2368421052631578,0.3947368421052631,56894.896875,55909.45589579909,50.15149001390468,61554.77900817679,52235.01474182321,2329.9410665883943
2021-04-01,59095.80859375,59586.0703125,58505.27734375,58926.5625,61669163792,2021,4,1,9,7,15,0.4838709677419355,0.2903225806451613,0.2258064516129032,56983.0828125,56212.9180575087,54.12653098139977,61743.47248279685,52222.69314220314,2380.194835148428
2021-04-02,59384.3125,60267.1875,58869.28125,59098.87890625,58727860620,2021,4,2,4,1,5,0.5,0.4,0.1,56890.144140625,56514.95562346026,53.50850615386281,61364.3214437631,52415.9668374869,2237.08865156905
2021-04-03,57603.890625,60110.26953125,57603.890625,59397.41015625,59641344484,2021,4,3,7,5,12,0.5,0.2916666666666667,0.2083333333333333,56805.2228515625,56618.663718845,47.85380801222015,61149.20534553683,52461.240357588176,2171.991246987161
2021-04-04,58758.5546875,58913.74609375,57168.67578125,57604.83984375,50749662970,2021,4,4,2,1,10,0.7692307692307693,0.1538461538461538,0.0769230769230769,56947.790625,56822.462858716906,53.65431848787395,61354.38666129131,52541.19458870869,2203.2980181456537
2021-04-05,59057.87890625,59891.296875,57694.82421875,58760.875,60706272115,2021,4,5,18,17,69,0.6634615384615384,0.173076923076923,0.1634615384615384,57060.439453125,57035.35962514863,65.94099435760333,61565.73881937355,52555.14008687645,2252.649683124275
2021-04-06,58192.359375,59479.578125,57646.80859375,59171.93359375,66058027988,2021,4,6,9,12,18,0.4615384615384615,0.2307692307692307,0.3076923076923077,57026.5126953125,57145.55007751542,61.61952042209501,61484.37755889753,52568.64783172747,2228.932431792517
2021-04-07,56048.9375,58731.14453125,55604.0234375,58186.5078125,75645303584,2021,4,7,12,8,18,0.4736842105263157,0.3157894736842105,0.2105263157894736,56936.0134765625,57041.11078441871,60.88716422252352,61396.2141322472,52475.8128208778,2230.10032784235
2021-04-08,58323.953125,58338.73828125,55879.0859375,56099.9140625,53053855641,2021,4,8,10,9,19,0.5,0.2631578947368421,0.2368421052631578,56934.878515625,57163.28624542645,70.37605354075542,61393.57907364617,52476.17795760383,2229.350279010584
2021-04-09,58245.00390625,58937.046875,57807.86328125,58326.5625,46655208546,2021,4,9,8,1,12,0.5714285714285714,0.3809523809523809,0.0476190476190476,56931.446484375,57266.306975028696,62.05480269870819,61385.78199274895,52477.11097600106,2227.1677541869726
2021-04-10,59793.234375,61276.6640625,58038.70703125,58253.77734375,58238470525,2021,4,10,4,1,12,0.7058823529411765,0.2352941176470588,0.0588235294117647,57044.937109375,57506.966727406914,64.04115814652215,61674.977248545765,52414.89697020424,2315.020069585382
2021-04-11,60204.96484375,60790.5546875,59289.796875,59846.23046875,46280252580,2021,4,11,10,1,10,0.4761904761904761,0.4761904761904761,0.0476190476190476,57328.728125,57763.918928963394,65.20358180685136,62005.04824154599,52652.40800845402,2338.16005827299
2021-04-12,59893.453125,61253.03515625,59589.875,60175.9453125,51828688519,2021,4,12,22,6,15,0.3488372093023256,0.5116279069767442,0.1395348837209302,57586.453515625,57966.73170953831,58.57102554000743,62229.847203644415,52943.05982760558,2321.6968440097094
2021-04-13,63503.45703125,63742.28515625,59869.95703125,59890.01953125,69983454362,2021,4,13,13,15,25,0.4716981132075472,0.2452830188679245,0.2830188679245283,58122.9130859375,58494.03888303466,65.34171487595745,62902.54639871373,53343.27977316127,2389.8166563881155
2021-04-14,63109.6953125,64863.09765625,61554.796875,63523.75390625,77451779687,2021,4,14,12,9,19,0.475,0.3,0.225,58693.18984375,58933.62520965041,63.6616693030016,62940.20850244313,54446.17118505687,2123.509329346567
2021-04-15,63314.01171875,63821.671875,62208.96484375,63075.1953125,60954381579,2021,4,15,9,10,17,0.4722222222222222,0.25,0.2777777777777778,59102.0248046875,59350.804877183706,63.726326643508536,63479.99251815083,54724.05709122417,2188.983856731664
2021-04-16,61572.7890625,63594.72265625,60222.53125,63258.50390625,84293007468,2021,4,16,9,14,14,0.3783783783783784,0.2432432432432432,0.3783783783783784,59381.988671875,59562.4224186424,56.50631574253176,63631.839263076494,55132.1380806735,2124.925295600749
2021-04-17,60683.8203125,62572.17578125,60361.3515625,61529.921875,66138759198,2021,4,17,4,1,7,0.5833333333333334,0.3333333333333333,0.0833333333333333,59618.6423828125,59669.22221805742,59.6691127778241,63581.41873912951,55655.86602649549,1981.3881781585048
2021-04-18,56216.18359375,61057.45703125,52829.53515625,60701.88671875,97468872758,2021,4,18,10,1,11,0.5,0.4545454545454545,0.0454545454545454,59541.9416015625,59340.3613966948,43.39287371168818,63711.00230343286,55372.88089969214,2084.53035093518
2021-04-19,55724.265625,57520.0546875,54368.59375,56191.5859375,65344865159,2021,4,19,26,8,26,0.4333333333333333,0.4333333333333333,0.1333333333333333,59382.2703125,58995.97132320006,41.42245326048392,63883.38437436434,54881.15625063566,2250.5570309321693
2021-04-20,56473.03125,57062.1484375,53448.046875,55681.79296875,67849323955,2021,4,20,17,11,19,0.4042553191489361,0.3617021276595745,0.2340425531914893,59259.9802734375,58755.69131622862,45.54934560977326,63943.31987921042,54576.64066766457,2341.669802886461
2021-04-21,53906.08984375,56757.97265625,53695.46875,56471.12890625,54926612466,2021,4,21,6,15,14,0.4,0.1714285714285714,0.4285714285714285,59000.4943359375,58293.824509325896,44.572038541297886,64261.58214033968,53739.40653153533,2630.543902201088
2021-04-22,51762.2734375,55410.23046875,50583.8125,53857.10546875,74798630778,2021,4,22,36,5,59,0.59,0.36,0.05,58619.3923828125,57671.77202629486,33.26765731862562,64789.18662359794,52449.598142027055,3084.897120392721
2021-04-23,51093.65234375,52120.79296875,47714.6640625,51739.80859375,86668667320,2021,4,23,17,4,7,0.25,0.6071428571428571,0.1428571428571428,58293.88046875,57045.28443748106,32.29639577715777,65317.17365067024,51270.58728682977,3511.646590960117
2021-04-24,50050.8671875,51167.5625,48805.28515625,51143.2265625,49014494781,2021,4,24,4,3,1,0.125,0.5,0.375,57858.49609375,56379.14946129239,25.26313429946171,65782.3671381807,49934.62504931929,3961.935522215353
2021-04-25,49004.25390625,50506.01953125,47159.484375,50052.83203125,46117114240,2021,4,25,4,6,12,0.5454545454545454,0.1818181818181818,0.2727272727272727,57355.81484375,55676.778456050255,22.44852779243621,66183.36794530411,48528.261742195886,4413.776550777056
2021-04-26,54021.75390625,54288.00390625,48852.796875,49077.79296875,58284039825,2021,4,26,9,15,13,0.3513513513513513,0.2432432432432432,0.4054054054054054,57147.2845703125,55519.157070355,38.27202202104577,66087.94866253152,48206.62047809347,4470.332046109513
2021-04-27,55033.1171875,55416.96484375,53319.1875,54030.3046875,49448222757,2021,4,27,11,10,24,0.5333333333333333,0.2444444444444444,0.2222222222222222,57096.4935546875,55472.86755770214,31.12184000349633,66074.89156367868,48118.09554569632,4489.199004495589
2021-04-28,54824.703125,56227.20703125,53887.91796875,55036.63671875,48000572955,2021,4,28,9,8,28,0.6222222222222222,0.2,0.1777777777777777,56921.5310546875,55411.13761173051,31.381105160827943,65935.52466192616,47907.537447448834,4506.996803619332
2021-04-29,53555.109375,55115.84375,52418.02734375,54858.08984375,46088929780,2021,4,29,5,10,10,0.4,0.2,0.4,56687.036328125,55234.373017756174,29.0708687802896,65799.5360437533,47574.536612496704,4556.2498578141485
2021-04-30,57750.17578125,57900.71875,53129.6015625,53568.6640625,52395931985,2021,4,30,13,10,11,0.3235294117647059,0.3823529411764705,0.2941176470588235,56584.8833984375,55473.97328094606,42.58263601799045,65596.01029028106,47573.75650659395,4505.563445921776
2021-05-01,57828.05078125,58448.33984375,57052.2734375,57714.6640625,42836427360,2021,5,1,9,6,11,0.4230769230769231,0.3461538461538461,0.2307692307692307,56466.0376953125,55698.17113811786,44.27859956747325,65337.75415876233,47594.32123186268,4435.858231724911
2021-05-02,56631.078125,57902.59375,56141.90625,57825.86328125,38177405335,2021,5,2,16,5,7,0.25,0.5714285714285714,0.1785714285714285,56302.9189453125,55787.01942258283,50.95658448552231,65028.05304557603,47577.78484504897,4362.567050131764
2021-05-03,57200.29296875,58973.30859375,56590.87109375,56620.2734375,51713139031,2021,5,3,28,14,34,0.4473684210526316,0.3684210526315789,0.1842105263157894,55987.7607421875,55921.61690317018,53.391054815545,64047.783879440125,47927.73760493488,4030.011568626313
2021-05-04,53333.5390625,57214.1796875,53191.42578125,57214.1796875,68564706967,2021,5,4,7,10,13,0.4333333333333333,0.2333333333333333,0.3333333333333333,55498.9529296875,55675.13329929683,43.69111941713796,62899.13999377925,48098.76586559574,3700.093532045877
2021-05-05,57424.0078125,57911.36328125,52969.0546875,53252.1640625,69241316747,2021,5,5,7,5,18,0.6,0.2333333333333333,0.1666666666666666,55204.452734375,55841.69277674475,56.661447003156205,61709.82275737054,48699.082711379466,3252.685011497767
2021-05-06,56396.515625,58363.31640625,55382.5078125,57441.30859375,69523285106,2021,5,6,8,7,14,0.4827586206896552,0.2758620689655172,0.2413793103448276,54945.6390625,55894.53304800715,59.1626613629216,60759.32259286764,49131.95553213236,2906.84176518382
2021-05-07,57356.40234375,58606.6328125,55321.84765625,56413.953125,68434023376,2021,5,7,9,9,15,0.4545454545454545,0.2727272727272727,0.2727272727272727,54779.2681640625,56033.75869522076,62.24149726348711,60068.30990259991,49490.22642552509,2644.5208692687065
2021-05-08,58803.77734375,59464.61328125,56975.2109375,57352.765625,65382980634,2021,5,8,3,1,4,0.5,0.375,0.125,54908.6478515625,56297.56999508068,66.84250205387659,60465.50209316585,49351.793609959146,2778.427120801676
2021-05-09,58232.31640625,59210.8828125,56482.00390625,58877.390625,65906690347,2021,5,9,15,4,11,0.3666666666666666,0.5,0.1333333333333333,55034.050390625,56481.83155804919,68.08754603075823,60778.43918445126,49289.661596798745,2872.194396913129
2021-05-10,55859.796875,59519.35546875,54071.45703125,58250.87109375,71776546298,2021,5,10,32,13,17,0.2741935483870967,0.5161290322580645,0.2096774193548387,55003.388671875,56422.59015966355,54.01943279527227,60721.92549140277,49284.85185234723,2859.2684097638858
2021-05-11,56704.57421875,56872.54296875,54608.65234375,55847.2421875,61308396325,2021,5,11,39,7,75,0.6198347107438017,0.3223140495867768,0.0578512396694214,55143.312890625,56449.44578433845,53.68196872813822,60885.69993782403,49400.92584342597,2871.1935235995143
2021-05-12,49150.53515625,57939.36328125,49150.53515625,56714.53125,75215403907,2021,5,12,34,12,22,0.3235294117647059,0.5,0.1764705882352941,55012.7259765625,55754.31143880622,40.55674487575631,61181.78614718786,48843.66580593714,3084.53008531268
2021-05-13,49716.19140625,51330.84375,46980.01953125,49735.43359375,96721152926,2021,5,13,26,12,25,0.3968253968253968,0.4126984126984127,0.1904761904761904,54943.8529296875,55179.25238808658,43.45777824761178,61324.27465275936,48563.43120661564,3190.2108615359275
2021-05-14,49880.53515625,51438.1171875,48868.578125,49682.98046875,55737497453,2021,5,14,18,9,21,0.4375,0.375,0.1875,54935.336328125,54674.6126517212,34.452780356168844,61343.65145658261,48527.02119966739,3204.1575642288053
2021-05-15,46760.1875,50639.6640625,46664.140625,49855.49609375,59161047474,2021,5,15,7,4,8,0.4210526315789473,0.3684210526315789,0.2105263157894736,54823.1330078125,53920.8578753668,30.48085991401136,61728.04226361815,47918.22375200686,3452.4546279028227
2021-05-16,46456.05859375,49720.04296875,43963.3515625,46716.63671875,64047871555,2021,5,16,13,3,5,0.238095238095238,0.6190476190476191,0.1428571428571428,54444.8482421875,53209.92461045091,31.471980336209494,62298.418060124925,46591.27842425008,3926.784908968714
2021-05-17,43537.51171875,46623.55859375,42207.2890625,46415.8984375,74903638450,2021,5,17,25,9,21,0.3818181818181818,0.4545454545454545,0.1636363636363636,53870.06796875,52288.74243028892,27.081866688612838,63103.75500257658,44636.38093492342,4616.843516913291
2021-05-18,42909.40234375,45812.45703125,42367.83203125,43488.05859375,56187365084,2021,5,18,19,9,16,0.3636363636363636,0.4318181818181818,0.2045454545454545,53274.3029296875,51395.47194585664,30.383008490667702,63708.2130325028,42840.39282687221,5216.955051407646
2021-05-19,37002.44140625,43546.1171875,30681.49609375,42944.9765625,126358098747,2021,5,19,32,7,25,0.390625,0.5,0.109375,52446.66953125,50024.70713256077,14.028355276964518,65163.09789851331,39730.24116398669,6358.214183631657
2021-05-20,40782.73828125,42462.984375,35050.6171875,36753.66796875,88281943359,2021,5,20,23,14,26,0.4126984126984127,0.365079365079365,0.2222222222222222,51598.29765625,49144.51962291212,24.928460254937534,65066.67216364111,38129.923148858885,6734.187253695558
2021-05-21,37304.69140625,42172.171875,33616.453125,40596.94921875,82051616861,2021,5,21,17,5,13,0.3714285714285714,0.4857142857142857,0.1428571428571428,50572.1296875,48016.91693561097,20.2113324695233,65125.64778645356,36018.61158854644,7276.759049476779
2021-05-22,37536.6328125,38831.0546875,35383.68359375,37371.03125,57377273240,2021,5,22,13,7,2,0.0909090909090909,0.5909090909090909,0.3181818181818182,49617.407421875,47018.79463817183,17.221988693236952,64980.08710547291,34254.7277382771,7681.339841798952
2021-05-23,34770.58203125,38289.21875,31227.33984375,37531.44921875,78469274361,2021,5,23,18,7,13,0.3421052631578947,0.4736842105263157,0.1842105263157894,48495.921875,45852.29819941737,16.130769810289138,64775.260590812126,32216.583159187878,8139.669357906064
2021-05-24,38705.98046875,39835.140625,34551.08203125,34700.36328125,67359584098,2021,5,24,23,7,25,0.4545454545454545,0.4181818181818181,0.1272727272727272,47764.5439453125,45171.69651078238,26.305996221155127,64438.33218048473,31090.75571014027,8336.894117586115
2021-05-25,38402.22265625,39776.3515625,36581.4296875,38795.78125,56211915803,2021,5,25,23,16,69,0.6388888888888888,0.2129629629629629,0.1481481481481481,46813.4546875,44526.98471511262,24.335991863591588,63336.66750889705,30290.241866102955,8261.606410698523
2021-05-26,39294.19921875,40782.078125,37905.8359375,38392.625,51346735160,2021,5,26,14,15,40,0.5797101449275363,0.2028985507246377,0.217391304347826,45958.3388671875,44028.62419164952,33.003716624742154,62160.40731064066,29756.270423734342,8101.034221726579
2021-05-27,38436.96875,40379.6171875,37247.90234375,39316.890625,43210968721,2021,5,27,16,17,54,0.6206896551724138,0.1839080459770115,0.1954022988505747,45012.3671875,43496.08557815909,30.74372588114956,60610.38502930943,29414.349345690567,7799.008920904716
2021-05-28,35697.60546875,38856.96875,34779.0390625,38507.08203125,55200191952,2021,5,28,18,12,14,0.3181818181818182,0.4090909090909091,0.2727272727272727,43857.05859375,42753.3731867868,27.74329901558373,58550.65401676195,29163.46317073805,7346.797711505975
2021-05-29,34616.06640625,37234.5,33693.9296875,35684.15625,45231013335,2021,5,29,2,2,4,0.5,0.25,0.25,42676.24609375,41978.39158864044,29.639909587405118,56259.47748893931,29093.01469856069,6791.615697594655
2021-05-30,35678.12890625,36400.66796875,33520.73828125,34607.40625,31646080921,2021,5,30,12,6,9,0.3333333333333333,0.4444444444444444,0.2222222222222222,41667.1626953125,41378.36657126992,32.378224117898924,54074.26998581432,29260.05540481068,6203.55364525091
2021-05-31,37332.85546875,37468.25,34241.9453125,35658.59375,39009847639,2021,5,31,12,9,34,0.6181818181818182,0.2181818181818181,0.1636363636363636,40698.5767578125,40993.07979960135,39.418155509395405,51010.51953462463,30386.63398100037,5155.971388406067
2021-06-01,36684.92578125,37896.734375,35787.0859375,37293.79296875,34639423297,2021,6,1,15,7,12,0.3529411764705882,0.4411764705882353,0.2058823529411764,40075.2962890625,40582.77941690123,39.39152454268407,49721.68640461095,30428.90617351405,4823.1950577742255
2021-06-02,37575.1796875,38231.33984375,35966.30859375,36699.921875,33070867190,2021,6,2,11,3,14,0.5,0.3928571428571428,0.1071428571428571,39468.245703125,40296.34134743444,51.17747688870037,48026.83039704766,30909.66100920234,4279.292346961332
2021-06-03,39208.765625,39478.953125,37243.97265625,37599.41015625,35460750427,2021,6,3,21,11,17,0.3469387755102041,0.4285714285714285,0.2244897959183673,38934.6572265625,40192.76270720259,46.45083800624644,45951.80527272477,31917.509180400237,3508.5740230811334
2021-06-04,36894.40625,39242.484375,35717.72265625,39242.484375,41831090187,2021,6,4,12,8,14,0.4117647058823529,0.3529411764705882,0.2352941176470588,38441.3681640625,39878.633520802345,49.023603703934384,44457.99004955326,32424.746278571743,3008.3109427453783
2021-06-05,35551.95703125,37917.71484375,34900.4140625,36880.15625,35959473399,2021,6,5,2,4,6,0.5,0.1666666666666666,0.3333333333333333,37896.1630859375,39466.56909322593,45.51398180612566,42710.991547723606,33081.334624151394,2407.414230893052
2021-06-06,35862.37890625,36436.421875,35304.578125,35538.609375,28913440585,2021,6,6,4,5,8,0.4705882352941176,0.2352941176470588,0.2941176470588235,37512.4064453125,39123.312884942505,52.77598230045603,41603.0453816661,33421.7675089589,2045.319468176801
2021-06-07,33560.70703125,36790.5703125,33480.640625,35835.265625,33683936663,2021,6,7,23,17,19,0.3220338983050847,0.3898305084745763,0.288135593220339,37044.9716796875,38593.54089887656,35.73240583879618,40646.19255863837,33443.75080073663,1800.610439475438
2021-06-08,33472.6328125,34017.38671875,31114.443359375,33589.51953125,49902050442,2021,6,8,21,9,12,0.2857142857142857,0.5,0.2142857142857142,36868.48125,38105.83536684069,36.16499718799642,40808.520786607536,32928.44171339246,1970.019768303768
2021-06-09,37345.12109375,37537.37109375,32475.865234375,33416.9765625,53972919008,2021,6,9,17,18,16,0.3137254901960784,0.3333333333333333,0.3529411764705882,36696.600390625,38033.3863884511,45.31385006544178,40192.5678931903,33200.63288805969,1747.983751282652
2021-06-10,36702.59765625,38334.32421875,35847.59375,37389.515625,43576032854,2021,6,10,23,28,54,0.5142857142857142,0.219047619047619,0.2666666666666666,36666.495703125,37906.644604431945,45.786567128203096,40150.76507877494,33182.226327475066,1742.134687824968
2021-06-11,37334.3984375,37608.6953125,36044.44921875,36697.03125,38699736985,2021,6,11,9,11,10,0.3333333333333333,0.3,0.3666666666666666,36656.383984375,37852.14496948604,54.43001787785335,40131.181749828094,33181.58621892191,1737.3988827265457
2021-06-12,35552.515625,37408.92578125,34728.19140625,37340.14453125,37924228550,2021,6,12,4,2,2,0.25,0.5,0.25,36695.4806640625,37633.13265096356,52.44194733206169,40097.77858775612,33293.18274036889,1701.1489618468074
2021-06-13,39097.859375,39322.78125,34864.109375,35555.7890625,40669112838,2021,6,13,15,3,8,0.3076923076923077,0.5769230769230769,0.1153846153846153,36715.074609375,37772.63043420513,57.89502162842965,40170.22739203442,33259.921826715574,1727.5763913297114
2021-06-14,40218.4765625,40978.36328125,38757.28515625,39016.96875,43148914673,2021,6,14,37,22,88,0.5986394557823129,0.2517006802721088,0.1496598639455782,36805.8873046875,38005.5681607094,56.83038898466988,40532.55652080511,33079.2180885699,1863.334608058803
2021-06-15,40406.26953125,41295.26953125,39609.46875,40427.16796875,46420149185,2021,6,15,17,13,13,0.3023255813953488,0.3953488372093023,0.3023255813953488,36861.4908203125,38234.206386475176,59.00473288572943,40773.080141854,32949.901498771,1955.794660770748
2021-06-16,38347.0625,40516.77734375,38176.03515625,40168.69140625,39211635100,2021,6,16,18,5,19,0.4523809523809524,0.4285714285714285,0.119047619047619,36856.9955078125,38244.954587763255,51.76776080649156,40761.16091357177,32952.83010205322,1952.082702879638
2021-06-17,38053.50390625,39513.671875,37439.67578125,38341.421875,37096670047,2021,6,17,14,7,13,0.3823529411764705,0.4117647058823529,0.2058823529411764,36974.7904296875,38226.72118952389,47.18121479580351,40873.827960350645,33075.75289902435,1949.518765331572
2021-06-18,35787.24609375,38187.26171875,35255.85546875,38099.4765625,36200887275,2021,6,18,14,2,11,0.4074074074074074,0.5185185185185185,0.074074074074074,37033.3494140625,37994.39022802162,47.29222439171468,40816.69085974038,33250.00796838461,1891.670722838943
2021-06-19,35615.87109375,36457.796875,34933.0625,35854.52734375,31207279719,2021,6,19,6,2,0,0.0,0.75,0.25,37030.2365234375,37767.86459618623,50.165812303958006,40818.372371367645,33242.10067550736,1894.0679239650703
2021-06-20,35698.296875,36059.484375,33432.07421875,35563.140625,36664034054,2021,6,20,9,3,2,0.1428571428571428,0.6428571428571429,0.2142857142857142,36948.50859375,37570.762908454206,49.56922587823876,40779.44275555691,33117.57443194308,1915.4670809034567
2021-06-21,31676.693359375,35721.640625,31295.935546875,35641.14453125,52809038594,2021,6,21,24,8,11,0.2558139534883721,0.5581395348837209,0.1860465116279069,36698.09697265625,37009.42295139904,45.463476758792496,41197.91472309994,32198.27922221256,2249.908875221846
2021-06-22,32505.66015625,33292.453125,28893.62109375,31622.376953125,58964353058,2021,6,22,21,3,15,0.3846153846153846,0.5384615384615384,0.0769230769230769,36444.62099609375,36580.493161384846,47.75183743662696,41293.97168396361,31595.270308223888,2424.6753439349304
2021-06-23,33723.02734375,34753.41015625,31772.6328125,32515.71484375,46317108925,2021,6,23,16,6,19,0.4634146341463415,0.3902439024390244,0.1463414634146341,36170.33408203125,36308.35355970534,40.39269258783804,40981.80874821224,31358.859415850267,2405.7373330904925
2021-06-24,34662.4375,35228.8515625,32385.21484375,33682.80078125,33123368116,2021,6,24,19,8,14,0.3414634146341463,0.4634146341463415,0.1951219512195122,36058.73564453125,36151.599649257216,44.67254601790204,40902.92386229461,31214.547426767884,2422.094108881682
2021-06-25,31637.779296875,35487.24609375,31350.884765625,34659.10546875,40230904226,2021,6,25,10,8,16,0.4705882352941176,0.2941176470588235,0.2352941176470588,35863.0267578125,35721.711996649385,36.77693665057564,41094.23369657,30631.819819055,2615.6034693787497
2021-06-26,32186.27734375,32637.587890625,30184.501953125,31594.6640625,38585385521,2021,6,26,5,1,2,0.25,0.625,0.125,35679.2216796875,35385.00393446849,41.71166424582865,41162.76737031512,30195.67598905988,2741.772845313812
2021-06-27,34649.64453125,34656.12890625,32071.7578125,32287.5234375,35511640894,2021,6,27,4,1,5,0.5,0.4,0.1,35733.6685546875,35314.96970559054,38.431234223967,41149.85645307816,30317.480656296844,2708.093949195329
2021-06-28,34434.3359375,35219.890625,33902.07421875,34679.12109375,33892523752,2021,6,28,21,15,59,0.6210526315789474,0.2210526315789473,0.1578947368421052,35781.7537109375,35231.099822915254,34.2134149617857,41130.07214599734,30433.435275877648,2674.1592175299243
2021-06-29,35867.77734375,36542.109375,34252.484375,34475.55859375,37901460044,2021,6,29,9,5,15,0.5172413793103449,0.3103448275862069,0.1724137931034483,35707.8865234375,35291.73577728047,38.40176618775848,41005.86186973292,30409.911177142072,2648.987673147712
2021-06-30,35040.8359375,36074.7578125,34086.15234375,35908.38671875,34059036099,2021,6,30,20,12,48,0.6,0.25,0.15,35624.7984375,35267.84055444423,40.98294289682258,40909.194769169015,30340.402105830988,2642.198165834507
2021-07-01,33572.1171875,35035.984375,32883.78125,35035.984375,37838957079,2021,7,1,16,7,16,0.4102564102564102,0.4102564102564102,0.1794871794871795,35436.684375,35106.34309092573,38.51417712977322,40732.68171056822,30140.68703943177,2647.998667784112
2021-07-02,33897.046875,33939.58984375,32770.6796875,33549.6015625,38728974942,2021,7,2,14,3,13,0.4333333333333333,0.4666666666666667,0.1,35353.9109375,34991.17202274233,44.620031998007626,40693.85140357777,30013.970471422228,2669.970233038885
2021-07-03,34668.546875,34909.26171875,33402.6953125,33854.421875,24383958643,2021,7,3,5,4,4,0.3076923076923077,0.3846153846153846,0.3076923076923077,35132.4453125,34960.44581819544,47.39275309748651,40177.87499834516,30087.015626654844,2522.714842922579
2021-07-04,35287.78125,35937.56640625,34396.4765625,34665.56640625,24924307911,2021,7,4,2,2,2,0.3333333333333333,0.3333333333333333,0.3333333333333333,34885.910546875,34991.62062122444,48.90259616850556,39331.09815074513,30440.72294300487,2222.5938019350656
2021-07-05,33746.00390625,35284.34375,33213.66015625,35284.34375,26721554282,2021,7,5,10,7,4,0.1904761904761904,0.4761904761904761,0.3333333333333333,34552.897265625,34872.990457893546,56.3772662445922,38179.28035227141,30926.514178978585,1813.1915433232064
2021-07-06,34235.1953125,35038.53515625,33599.91796875,33723.5078125,26501259870,2021,7,6,11,7,9,0.3333333333333333,0.4074074074074074,0.2592592592592592,34347.30390625,34812.24806309416,55.444150490164255,37503.76695011796,31190.840862382043,1578.2315219339805
2021-07-07,33855.328125,34997.6640625,33839.2890625,34225.6796875,24796027477,2021,7,7,7,0,6,0.4615384615384615,0.5384615384615384,0.0,34137.3951171875,34721.112830894715,50.43962967732021,36771.1983602291,31503.591874145903,1316.9016215207992
2021-07-08,32877.37109375,33907.90625,32133.18359375,33889.60546875,29910396946,2021,7,8,16,4,9,0.3103448275862069,0.5517241379310345,0.1379310344827586,33991.9013671875,34545.518379738074,44.083459783627575,36562.69487170021,31421.10786267479,1285.3967522563537
2021-07-09,33798.01171875,34042.29296875,32318.880859375,32861.671875,27436021028,2021,7,9,10,3,8,0.3809523809523809,0.4761904761904761,0.1428571428571428,33901.0083984375,34474.32726916778,58.32050821617453,36355.98128031704,31446.035516557968,1227.4864409397671
2021-07-10,33520.51953125,34209.0703125,33116.01171875,33811.2421875,22971873468,2021,7,10,3,2,4,0.4444444444444444,0.3333333333333333,0.2222222222222222,33792.11953125,34383.488436985135,55.24863746191439,36100.23457413902,31484.00448836097,1154.057521444514
2021-07-11,34240.1875,34584.703125,33346.73828125,33509.078125,20108729370,2021,7,11,5,0,2,0.2857142857142857,0.7142857142857143,0.0,33920.29423828125,34369.84072870084,48.1331748512093,36007.9667473217,31832.6217292408,1043.8362545202235
2021-07-12,33155.84765625,34592.15625,32697.30859375,34254.015625,24321499537,2021,7,12,17,5,12,0.3529411764705882,0.5,0.1470588235294117,33952.80361328125,34254.22234084838,44.59901667987376,35966.66819871694,31938.939027845558,1006.9322927178468
2021-07-13,32702.025390625,33327.1015625,32261.419921875,33125.46875,19120856669,2021,7,13,19,10,12,0.2926829268292683,0.4634146341463415,0.2439024390243902,33901.753515625,34106.39405987472,35.41945190923937,35990.513761324,31812.993269926003,1044.3801228495004
2021-07-14,32822.34765625,33061.3984375,31639.125,32723.845703125,21376531210,2021,7,14,20,4,7,0.2258064516129032,0.6451612903225806,0.1290322580645161,33809.7490234375,33984.10392619618,39.07090585937831,35919.42833718588,31700.069709689127,1054.8396568741869
2021-07-15,31780.73046875,33159.640625,31175.708984375,32827.875,21300524237,2021,7,15,24,10,6,0.15,0.6,0.25,33816.89658203125,33774.25883501083,40.7872839829581,35896.34435198617,31737.448812076334,1039.7238849774574
2021-07-16,31421.5390625,32218.40625,31100.673828125,31841.55078125,23699476918,2021,7,16,19,1,9,0.3103448275862069,0.6551724137931034,0.0344827586206896,33778.65966796875,33550.190285247896,37.313703234382096,36007.1388140772,31550.180521860297,1114.239573054227
2021-07-17,31533.068359375,31935.9453125,31223.990234375,31397.30859375,18895018942,2021,7,17,3,2,6,0.5454545454545454,0.2727272727272727,0.1818181818181818,33622.830859375,33358.083435164765,32.765752331998925,36024.03582173312,31221.625897016867,1200.6024811790642
2021-07-18,31796.810546875,32398.99609375,31215.4921875,31533.884765625,18787986667,2021,7,18,6,1,1,0.125,0.75,0.125,33490.95458984375,33209.39077913717,30.03141790823004,35992.13169037204,30989.777489315464,1250.588550264143
2021-07-19,30817.83203125,31885.859375,30563.734375,31800.01171875,20434789545,2021,7,19,20,6,27,0.5094339622641509,0.3773584905660377,0.1132075471698113,33238.45732421875,32981.62327933839,32.098048393722,35748.926483383104,30727.98816505439,1255.234579582179
2021-07-20,29807.34765625,31006.1875,29360.955078125,30838.28515625,23148267245,2021,7,20,13,9,16,0.4210526315789473,0.3421052631578947,0.2368421052631578,32976.78291015625,32679.311315234736,24.55158274553895,35771.180992572845,30182.384827739657,1397.1990412082976
2021-07-21,32110.693359375,32752.326171875,29526.18359375,29796.28515625,28203024559,2021,7,21,12,13,14,0.358974358974359,0.3076923076923077,0.3333333333333333,32903.71171875,32625.157224200477,41.78850948595185,35708.97137582786,30098.45206167213,1402.6298285389316
2021-07-22,32313.10546875,32576.400390625,31745.298828125,32138.873046875,19555230518,2021,7,22,9,8,14,0.4516129032258064,0.2903225806451613,0.2580645161290322,32824.5146484375,32595.438009395664,47.13500532728913,35600.98327918378,30048.046017691217,1388.2343153731415
2021-07-23,33581.55078125,33581.55078125,32057.892578125,32305.958984375,22552046192,2021,7,23,1,3,14,0.7777777777777778,0.0555555555555555,0.1666666666666666,32770.16484375,32689.353511477027,48.93843725335438,35434.95540929771,30105.37427820228,1332.3952827738572
2021-07-24,34292.4453125,34490.390625,33424.859375,33593.73046875,21664706865,2021,7,24,3,3,10,0.625,0.1875,0.1875,32720.398046875,32842.02892109827,53.63129559263954,35219.22629339785,30221.56980035215,1249.414123261425
2021-07-25,35350.1875,35364.92578125,33881.8359375,34290.29296875,20856685287,2021,7,25,6,3,3,0.25,0.5,0.25,32800.6072265625,33080.901166707954,55.06069774085154,35530.362654803655,30070.85179832133,1364.8777141205803
2021-07-26,37337.53515625,40499.67578125,35287.3125,35384.03125,51022126212,2021,7,26,18,5,25,0.5208333333333334,0.375,0.1041666666666666,32955.72421875,33486.29487999767,67.6147074000358,36309.88514616117,29601.56329133883,1677.0804637055858
2021-07-27,39406.94140625,39406.94140625,36441.7265625,37276.03515625,35097370560,2021,7,27,23,9,8,0.2,0.575,0.225,33233.3048828125,34050.16597773599,74.85979907466883,37651.14608612587,28815.46367949914,2208.9206016566823
2021-07-28,39995.90625,40816.0703125,38862.4375,39503.1875,38702404695,2021,7,28,6,11,21,0.5526315789473685,0.1578947368421052,0.2894736842105263,33589.231640625,34616.426956046846,75.70412205192805,38935.74423768142,28242.719043568584,2673.2562985282084
2021-07-29,40008.421875,40593.0703125,39352.05859375,39995.453125,27167146027,2021,7,29,11,6,8,0.32,0.44,0.24,33899.7521484375,35129.95028166143,81.82859344777563,39969.7584771158,27829.74581975921,3035.0031643391494
2021-07-30,42235.546875,42235.546875,38397.35546875,40027.484375,33072782960,2021,7,30,10,8,11,0.3793103448275862,0.3448275862068966,0.2758620689655172,34335.503515625,35806.673766741296,86.55126193856812,41451.94424646283,27219.062784787173,3558.220365418915
2021-07-31,41626.1953125,42231.44921875,41110.83203125,42196.3046875,25802845343,2021,7,31,2,4,2,0.25,0.25,0.5,34704.80390625,36360.913913956414,83.00401577903929,42531.54830401344,26878.05950848657,3913.372198881717
2021-08-01,39974.89453125,42541.6796875,39540.94140625,41460.84375,26688438115,2021,8,1,1,1,5,0.7142857142857143,0.1428571428571428,0.1428571428571428,35045.75625,36705.10254417485,74.51711774400164,43176.59134778154,26914.921152218456,4065.417548890772
2021-08-02,39201.9453125,40419.1796875,38746.34765625,39907.26171875,25595265436,2021,8,2,14,12,20,0.4347826086956521,0.3043478260869565,0.2608695652173913,35370.75224609375,36942.89709353915,75.44915050256053,43625.80699515215,27115.69749703535,4127.527374529198
2021-08-03,38152.98046875,39750.03125,37782.05078125,39178.40234375,26189830450,2021,8,3,14,9,22,0.4888888888888889,0.3111111111111111,0.2,35637.28388671875,37058.14312927352,75.27330652632894,43890.1150812093,27384.4526922282,4126.415597245276
2021-08-04,39747.50390625,39952.296875,37589.1640625,38213.33203125,25372562724,2021,8,4,9,12,16,0.4324324324324324,0.2432432432432432,0.3243243243243243,36035.62255859375,37314.2727270808,74.16414985548035,44273.73984907474,27797.505268112764,4119.058645240492
2021-08-05,40869.5546875,41341.93359375,37458.00390625,39744.515625,35185031017,2021,8,5,6,6,10,0.4545454545454545,0.2727272727272727,0.2727272727272727,36508.02333984375,37652.87100902548,75.5850469254624,44715.59521863332,28300.451461054174,4103.785939394788
2021-08-06,42816.5,43271.66015625,39932.1796875,40865.8671875,38226483046,2021,8,6,4,2,13,0.6842105263157895,0.2105263157894736,0.1052631578947368,37072.194921875,38144.6451986421,76.53708529121967,45390.35553491699,28754.03430883301,4159.080306520995
2021-08-07,44555.80078125,44689.859375,42618.56640625,42832.796875,40030862141,2021,8,7,0,0,6,1.0,0.0,0.0,37710.14443359375,38755.23144460475,77.84643892682291,46278.09101176223,29142.197855425264,4283.9732890842415
2021-08-08,43798.1171875,45282.3515625,43331.91015625,44574.4375,36302664750,2021,8,8,3,3,8,0.5714285714285714,0.2142857142857142,0.2142857142857142,38359.15869140625,39235.50627726145,73.30022465576556,46692.113781750944,30026.20360106156,4166.477545172346
2021-08-09,46365.40234375,46456.83203125,42848.6875,43791.92578125,38734079049,2021,8,9,15,7,21,0.4883720930232558,0.3488372093023256,0.1627906976744186,39187.06142578125,39914.5439978794,74.12788646122996,47227.605715318445,31146.51713624405,4020.272144768597
2021-08-10,45585.03125,46637.98828125,44705.5546875,46280.84765625,33546019517,2021,8,10,10,5,12,0.4444444444444444,0.3703703703703703,0.1851851851851851,39860.7783203125,40454.59040284327,67.7334292516688,47659.16301166285,32062.39362896215,3899.192345675177
2021-08-11,45593.63671875,46735.6328125,45351.7109375,45599.703125,34319709073,2021,8,11,7,5,21,0.6363636363636364,0.2121212121212121,0.1515151515151515,40524.8048828125,40944.023385310575,66.62135387657491,47865.39129924195,33184.218466383056,3670.293208214725
2021-08-12,44428.2890625,46228.91015625,43861.4453125,45576.87890625,33723620826,2021,8,12,8,6,11,0.44,0.32,0.24,41067.141796875,41275.858211709565,62.28300124492445,47827.64344606277,34306.64014768724,3380.250824593879
2021-08-13,47793.3203125,47831.9765625,44282.41796875,44439.69140625,31744259539,2021,8,13,8,3,6,0.3529411764705882,0.4705882352941176,0.1764705882352941,41742.185546875,41896.56888797532,64.52654840331405,48348.83452286171,35135.53657088829,3303.3244879933563
2021-08-14,47096.9453125,48098.68359375,46177.6328125,47810.6875,31211354442,2021,8,14,2,1,5,0.625,0.25,0.125,42329.5234375,42391.84283316815,64.23433839809216,48624.77809055884,36034.26878444116,3147.62732652942
2021-08-15,47047.00390625,47357.10546875,45579.58984375,47096.66796875,30988958446,2021,8,15,4,4,4,0.3333333333333333,0.3333333333333333,0.3333333333333333,42814.996875,42835.19150679499,70.07368385572263,48985.63334733486,36644.36040266514,3085.318236167429
2021-08-16,46004.484375,47998.09765625,45700.3203125,47019.9609375,32776876610,2021,8,16,7,5,15,0.5555555555555556,0.2592592592592592,0.1851851851851851,43144.8740234375,43137.02892281451,69.01750031560238,49253.47354462112,37036.27450225388,3054.2997605918104
2021-08-17,44695.359375,47139.5703125,44512.41796875,45936.45703125,33451362600,2021,8,17,12,1,9,0.4090909090909091,0.5454545454545454,0.0454545454545454,43379.8466796875,43285.44134683218,68.02794400263329,49338.12190392781,37421.57145544719,2979.137612120156
2021-08-18,44801.1875,45952.0625,44364.02734375,44686.75,32194123075,2021,8,18,8,3,9,0.45,0.4,0.15,43619.4849609375,43429.79812332436,65.17038649487657,49389.37288695014,37849.59703492486,2884.9439630063216
2021-08-19,46717.578125,46970.76171875,43998.31640625,44741.8828125,37204312299,2021,8,19,12,7,6,0.24,0.48,0.28,43843.5865234375,43742.92002824585,66.75579398449923,49734.05336482844,37953.11968204656,2945.233420695469
2021-08-20,49339.17578125,49342.15234375,46650.70703125,46723.12109375,34706867452,2021,8,20,5,8,13,0.5,0.1923076923076923,0.3076923076923077,44229.235546875,44275.89676662719,67.99318894429715,50505.73762782698,37952.73346592303,3138.2510404759896
2021-08-21,48905.4921875,49717.01953125,48312.19921875,49327.07421875,40585205312,2021,8,21,0,2,3,0.6,0.0,0.4,44675.7654296875,44716.81061623413,62.93028230100108,50948.57982758599,38402.951031789,3136.4071989492486
2021-08-22,49321.65234375,49471.609375,48199.94140625,48869.10546875,25370975378,2021,8,22,0,2,2,0.5,0.0,0.5,45181.75078125,45155.36697123564,66.76006623309355,51223.79796407952,39139.70359842048,3021.02359141476
2021-08-23,49546.1484375,50482.078125,49074.60546875,49291.67578125,34305053719,2021,8,23,11,8,22,0.5365853658536586,0.2682926829268293,0.1951219512195122,45751.4091796875,45573.536634689386,61.25093645999744,51113.24759645223,40389.57076292277,2680.919208382365
2021-08-24,47706.1171875,49878.76953125,47687.1171875,49562.34765625,35361168834,2021,8,24,5,6,18,0.6206896551724138,0.1724137931034483,0.2068965517241379,46149.33984375,45776.63954448087,56.97949127418988,50764.3327292088,41534.3469582912,2307.496442729399
2021-08-25,48960.7890625,49202.87890625,47163.61328125,47727.2578125,32646349931,2021,8,25,11,12,13,0.3611111111111111,0.3055555555555556,0.3333333333333333,46553.9015625,46079.89187953031,60.23998401500423,50604.137905411895,42503.66521958811,2025.1181714559448
2021-08-26,46942.21875,49347.58203125,46405.78125,49002.640625,32666549568,2021,8,26,12,8,9,0.3103448275862069,0.4137931034482758,0.2758620689655172,46760.1875,46162.01824814647,57.26803620748381,50409.340555231065,43111.034444768935,1824.576527615532
2021-08-27,49058.66796875,49112.78515625,46394.28125,46894.5546875,34511076995,2021,8,27,3,5,10,0.5555555555555556,0.1666666666666666,0.2777777777777778,46985.330859375,46437.88965010872,53.94291501277469,50617.42208276555,43353.23963598444,1816.045611695278
2021-08-28,48902.40234375,49283.50390625,48499.23828125,49072.5859375,28568103401,2021,8,28,1,3,3,0.4285714285714285,0.1428571428571428,0.4285714285714285,47240.5451171875,46672.60514474122,55.82190253754472,50639.50958331838,43841.58065105663,1699.482233065439
2021-08-29,48829.83203125,49644.11328125,47925.85546875,48911.25,25889650240,2021,8,29,0,0,2,1.0,0.0,0.0,47363.7666015625,46878.05532440872,55.74055533474541,50807.53579386131,43919.99740926369,1721.884596149406
2021-08-30,47054.984375,48925.60546875,46950.2734375,48834.8515625,31847007016,2021,8,30,8,5,7,0.35,0.4,0.25,47437.2642578125,46894.90571017932,53.23018322564775,50782.52810830584,44092.00040731916,1672.6319252466694
2021-08-31,47166.6875,48189.55078125,46750.09375,47024.33984375,34730363427,2021,8,31,10,5,13,0.4642857142857143,0.3571428571428571,0.1785714285714285,47515.916796875,46920.78969016224,58.20316187247744,50750.81786689219,44281.01572685781,1617.4505350085956
2021-09-01,48847.02734375,49111.08984375,46562.4375,47099.7734375,39139399125,2021,9,1,13,7,8,0.2857142857142857,0.4642857142857143,0.25,47736.8537109375,47104.24089526584,62.15859474543883,50673.69506080206,44800.01236107294,1468.4206749322805
2021-09-02,49327.72265625,50343.421875,48652.3203125,48807.84765625,39508070319,2021,9,2,10,2,20,0.625,0.3125,0.0625,47813.573828125,47316.00106297862,58.584825834660286,50835.55931310339,44791.58834314661,1510.9927424891926
2021-09-03,50025.375,50982.2734375,48386.0859375,49288.25,43206179619,2021,9,3,15,8,21,0.4772727272727273,0.3409090909090909,0.1818181818181818,47959.9953125,47574.03667602827,52.583943942153496,51116.56257730938,44803.42804769063,1578.2836324046878
2021-09-04,49944.625,50545.58203125,49548.78125,50009.32421875,37471327794,2021,9,4,3,1,2,0.3333333333333333,0.5,0.1666666666666666,48104.8763671875,47799.80699259701,54.01979296747029,51349.75886608964,44859.99386828535,1622.4412494510716
2021-09-05,51753.41015625,51868.6796875,49538.59765625,49937.859375,30322676319,2021,9,5,2,2,7,0.6363636363636364,0.1818181818181818,0.1818181818181818,48392.32265625,48176.34062723063,58.49206245273321,51864.36563008227,44920.27968241773,1736.0214869161348
2021-09-06,52633.53515625,52700.94140625,51053.6796875,51769.00390625,38884105426,2021,9,6,10,5,8,0.3478260869565217,0.4347826086956521,0.217391304347826,48789.2314453125,48600.835344280094,60.30953210172689,52296.55478184555,45281.90810877945,1753.661668266526
2021-09-07,46811.12890625,52853.765625,43285.20703125,52660.48046875,65210059683,2021,9,7,18,6,10,0.2941176470588235,0.5294117647058824,0.1764705882352941,48889.728515625,48430.38711208676,47.63927988026442,52009.70346865109,45769.75356259891,1559.9874765130432
2021-09-08,46091.390625,47334.0546875,44561.39453125,46827.76171875,49007762488,2021,9,8,8,8,8,0.3333333333333333,0.3333333333333333,0.3333333333333333,48858.419140625,48207.62554188802,42.2115676191486,52081.05322838386,45635.785052866144,1611.317043879431
2021-09-09,46391.421875,47261.94921875,45669.73828125,45774.7421875,38672657013,2021,9,9,15,5,14,0.4117647058823529,0.4411764705882353,0.1470588235294117,48711.0314453125,48034.65376408916,48.35114051065016,52106.10513983974,45315.95775078527,1697.5368472636185
2021-09-10,44883.91015625,47031.7421875,44344.484375,46396.6640625,39154666597,2021,9,10,10,5,12,0.4444444444444444,0.3703703703703703,0.1851851851851851,48509.95234375,47734.58294429496,37.02961419601759,52308.88243933097,44711.02224816904,1899.465047790484
2021-09-11,45201.45703125,45969.29296875,44818.265625,44869.83984375,34499835245,2021,9,11,2,3,6,0.5454545454545454,0.1818181818181818,0.2727272727272727,48303.942578125,47493.33285733829,38.61577082017609,52355.96912139427,44251.91603485573,2026.0132716346347
2021-09-12,46063.26953125,46364.87890625,44790.4609375,45206.62890625,27881980161,2021,9,12,1,1,5,0.7142857142857143,0.1428571428571428,0.1428571428571428,48129.7986328125,47357.13635009179,41.884031398613416,52255.73415778519,44003.8631078398,2062.967762486347
2021-09-13,44963.07421875,46598.6796875,43591.3203125,46057.21484375,40969943253,2021,9,13,9,8,6,0.2608695652173913,0.391304347826087,0.3478260869565217,47992.646484375,47129.13043282114,43.61026111438171,52353.55674916093,43631.73621958907,2180.455132392967
2021-09-14,47092.4921875,47218.125,44752.33203125,44960.05078125,38652152880,2021,9,14,9,5,13,0.4814814814814814,0.3333333333333333,0.1851851851851851,47899.231640625,47125.64107612389,49.798239840716334,52252.85706631202,43545.60621493799,2176.8127128435085
2021-09-15,48176.34765625,48450.46875,46773.328125,47098.0,30484496466,2021,9,15,10,6,21,0.5675675675675675,0.2702702702702703,0.1621621621621621,47960.9380859375,47225.708369469234,48.11506477070175,52292.3782027086,43629.497969166405,2165.720058385547
2021-09-16,47783.359375,48486.828125,47079.55859375,48158.90625,31764293754,2021,9,16,7,6,14,0.5185185185185185,0.2592592592592592,0.2222222222222222,47897.17265625,47278.81798904359,45.6380859242692,52198.01043894624,43596.33487355376,2150.41889134812
2021-09-17,47267.51953125,48160.921875,46832.5234375,47771.00390625,28727713711,2021,9,17,4,4,7,0.4666666666666667,0.2666666666666666,0.2666666666666666,47815.428515625,47277.7419454442,42.12985887250949,52097.92805628264,43532.92897496736,2141.249770328821
2021-09-18,48278.36328125,48791.78125,47087.28515625,47273.52734375,28575630451,2021,9,18,3,2,4,0.4444444444444444,0.3333333333333333,0.2222222222222222,47787.855078125,47373.03921552094,45.48465422005509,52049.90670208887,43525.803454161134,2131.025811981934
2021-09-19,47260.21875,48328.3671875,46919.8046875,48268.85546875,26967722648,2021,9,19,1,3,4,0.5,0.125,0.375,47798.116796875,47362.29440928085,37.27894924151922,52053.72223429284,43542.51135945717,2127.802718708918
2021-09-20,42843.80078125,47328.19921875,42598.9140625,47261.40625,43909845642,2021,9,20,26,10,11,0.2340425531914893,0.5531914893617021,0.2127659574468085,47581.9724609375,46931.96168280172,26.90746370316204,52377.48616552532,42786.45875634968,2397.756852293911
2021-09-21,40693.67578125,43607.609375,39787.609375,43012.234375,48701090088,2021,9,21,15,5,24,0.5454545454545454,0.3409090909090909,0.1136363636363636,47174.3048828125,46337.83921598727,32.545966978314254,52826.69014061588,41521.919625009126,2826.1926289016883
2021-09-22,43574.5078125,43978.62109375,40625.6328125,40677.953125,38139709246,2021,9,22,9,6,12,0.4444444444444444,0.3333333333333333,0.2222222222222222,46886.644140625,46074.664796607525,43.60728754258356,52661.84133527265,41111.44694597735,2887.598597323823
2021-09-23,44895.09765625,44942.17578125,43109.33984375,43560.296875,34244064430,2021,9,23,8,6,16,0.5333333333333333,0.2666666666666666,0.2,46630.1302734375,45962.32506895443,46.38675874642293,52272.54346073148,40987.71708614352,2821.2065936469908
2021-09-24,42839.75,45080.4921875,40936.55859375,44894.30078125,42839345714,2021,9,24,29,8,11,0.2291666666666666,0.6041666666666666,0.1666666666666666,46274.8865234375,45664.936967149246,45.19110687660552,51933.26775230649,40616.5052945685,2829.190614434498
2021-09-25,42716.59375,42996.2578125,41759.921875,42840.890625,31604717236,2021,9,25,5,3,1,0.1111111111111111,0.5555555555555556,0.3333333333333333,45823.045703125,45384.1423750398,44.1003930629062,51067.51336165473,40578.57804459526,2622.2338292648674
2021-09-26,43208.5390625,43919.30078125,40848.4609375,42721.62890625,30661222077,2021,9,26,7,0,4,0.3636363636363636,0.6363636363636364,0.0,45351.7958984375,45176.94205955982,43.10108272100228,49623.057160847166,41080.53463602784,2135.6306312048346
2021-09-27,42235.73046875,44313.24609375,42190.6328125,43234.18359375,30980029059,2021,9,27,16,4,14,0.4117647058823529,0.4705882352941176,0.1176470588235294,45123.0259765625,44896.826669958886,43.3681006209783,49552.37648276247,40693.67547036253,2214.675253099982
2021-09-28,41034.54296875,42775.14453125,40931.6640625,42200.8984375,30214940550,2021,9,28,20,6,15,0.3658536585365853,0.4878048780487805,0.1463414634146341,44870.18359375,44528.99012698662,34.57287381934117,49631.658837479416,40108.70835002058,2380.737621864708
2021-09-29,41564.36328125,42545.2578125,40829.66796875,41064.984375,30602359905,2021,9,29,12,11,14,0.3783783783783784,0.3243243243243243,0.2972972972972973,44628.8306640625,44246.644713106936,32.673039489060486,49552.23509501433,39705.42623311067,2461.702215475913
2021-09-30,43790.89453125,44092.6015625,41444.58203125,41551.26953125,31141681925,2021,9,30,14,10,19,0.4418604651162791,0.3255813953488372,0.2325581395348837,44574.1798828125,44203.23993388247,40.45485525541388,49509.912440043336,39638.44732558167,2467.866278615415
2021-10-01,48116.94140625,48436.01171875,43320.0234375,43816.7421875,42850641582,2021,10,1,12,8,21,0.5121951219512195,0.2926829268292683,0.1951219512195122,44719.9541015625,44575.97340744128,51.717822467347055,49899.86662972801,39540.04157339699,2589.9562640827544
2021-10-02,47711.48828125,48282.0625,47465.49609375,48137.46875,30614346492,2021,10,2,3,3,7,0.5384615384615384,0.2307692307692307,0.2307692307692307,44802.3650390625,44874.593871613535,48.82480833492055,50122.80318286385,39481.926895261146,2660.219071900676
2021-10-03,48199.953125,49130.69140625,47157.2890625,47680.02734375,26638115879,2021,10,3,11,9,9,0.3103448275862069,0.3793103448275862,0.3103448275862069,44964.208984375,45191.29475288843,51.99191417245459,50497.88488853168,39430.53308021832,2766.837952078337
2021-10-04,49112.90234375,49456.77734375,47045.00390625,48208.90625,33383173002,2021,10,4,9,4,14,0.5185185185185185,0.3333333333333333,0.1481481481481481,45065.2294921875,45564.78119011335,65.60622627058947,50831.38149094358,39299.07749343142,2883.0759993780403
2021-10-05,51514.8125,51839.984375,49072.83984375,49174.9609375,35873904236,2021,10,5,16,4,35,0.6363636363636364,0.2909090909090909,0.0727272727272727,45232.152734375,46131.450838673976,76.60449883342876,51544.90031390944,38919.40515484056,3156.37378976722
2021-10-06,55361.44921875,55568.46484375,50488.19140625,51486.6640625,49034730168,2021,10,6,12,4,20,0.5555555555555556,0.3333333333333333,0.1111111111111111,45611.0572265625,47010.49830344312,77.66517790590277,53323.1643749646,37898.9500781604,3856.053574201049
2021-10-07,53805.984375,55338.625,53525.46875,55338.625,36807860413,2021,10,7,13,7,18,0.4736842105263157,0.3421052631578947,0.1842105263157894,45937.98046875,47657.6874531152,70.68669668787885,54457.79294075052,37418.16799674948,4259.906236000261
2021-10-08,53967.84765625,55922.98046875,53688.0546875,53802.14453125,34800873924,2021,10,8,6,3,21,0.7,0.2,0.1,46222.4546875,48258.65509150899,78.32407522482438,55423.965837625394,37020.94353737461,4600.755575062696
2021-10-09,54968.22265625,55397.9453125,53735.14453125,53929.78125,32491211414,2021,10,9,4,3,3,0.3,0.4,0.3,46607.8548828125,48897.66152624623,79.85077737802258,56603.77954998295,36611.930215642045,4997.962333585228
2021-10-10,54771.578125,56401.3046875,54264.2578125,54952.8203125,39527792364,2021,10,10,1,4,9,0.6428571428571429,0.0714285714285714,0.2857142857142857,47204.24375,49457.082154698976,78.58437094912682,57666.98569260392,36741.50180739608,5231.370971301961
2021-10-11,57484.7890625,57793.0390625,54519.765625,54734.125,42637331698,2021,10,11,6,3,28,0.7567567567567568,0.1621621621621621,0.081081081081081,48043.7994140625,50221.62566972765,84.70971233083527,58990.39364465311,37097.205183471895,5473.297115295303
2021-10-12,56041.05859375,57627.87890625,54477.97265625,57526.83203125,41083758949,2021,10,12,8,5,18,0.5806451612903226,0.2580645161290322,0.1612903225806451,48667.126953125,50775.85737677739,83.78460759155259,59956.558317126895,37377.69558912311,5644.7156820009495
2021-10-13,57401.09765625,57688.66015625,54370.97265625,56038.2578125,41684252783,2021,10,13,20,8,22,0.44,0.4,0.16,49292.426953125,51406.83264148907,84.3689270347263,61076.69411796441,37508.15978828559,5892.133582419704
2021-10-14,57321.5234375,58478.734375,56957.07421875,57372.83203125,36615791366,2021,10,14,8,5,24,0.6486486486486487,0.2162162162162162,0.1351351351351351,50016.515625,51970.13652682344,82.38175768844962,61910.52815946668,38122.50309053332,5947.006267233341
2021-10-15,61593.94921875,62757.12890625,56868.14453125,57345.90234375,51780081801,2021,10,15,11,5,22,0.5789473684210527,0.2894736842105263,0.131578947368421,50960.3833984375,52886.690116530735,82.3364234060732,63398.873483395975,38521.89331347903,6219.245042479236
2021-10-16,60892.1796875,62274.4765625,60206.12109375,61609.52734375,34250964237,2021,10,16,7,3,7,0.4117647058823529,0.4117647058823529,0.1764705882352941,51844.5654296875,53649.11769471829,81.18205551166004,64475.4807084434,39213.6501509316,6315.45763937795
2021-10-17,61553.6171875,61645.5234375,59164.46875,60887.65234375,29032367511,2021,10,17,2,3,5,0.5,0.2,0.3,52810.459765625,54401.92717022131,81.3348143379037,65301.23141652742,40319.68811472257,6245.385825451212
2021-10-18,62026.078125,62614.66015625,60012.7578125,61548.8046875,38055562075,2021,10,18,7,22,33,0.532258064516129,0.1129032258064516,0.3548387096774194,53860.0365234375,55128.03678496213,80.94081512276748,65695.00003254552,42025.07301432948,5917.48175455401
2021-10-19,64261.9921875,64434.53515625,61622.93359375,62043.1640625,40471196346,2021,10,19,16,10,47,0.6438356164383562,0.2191780821917808,0.136986301369863,54994.91796875,55997.937299489546,80.78798836741518,66201.80682060118,43788.02911689882,5603.444425925589
2021-10-20,65992.8359375,66930.390625,63610.67578125,64284.5859375,40788955582,2021,10,20,19,13,37,0.5362318840579711,0.2753623188405797,0.1884057971014492,56105.0150390625,56949.83240787149,78.60090253098338,67033.98135608365,45176.04872204134,5464.4831585105785
2021-10-21,62210.171875,66600.546875,62117.41015625,66002.234375,45908121370,2021,10,21,16,11,28,0.509090909090909,0.2909090909090909,0.2,56809.6765625,57450.81711902659,70.18980067250787,67381.57187610999,46237.78124889,5285.947656804998
2021-10-22,60692.265625,63715.0234375,60122.796875,62237.890625,38434082775,2021,10,22,11,12,21,0.4772727272727273,0.25,0.2727272727272727,57458.7154296875,57759.52650054787,65.16626630342947,67243.30103836092,47674.12982101408,4892.29280433671
2021-10-23,61393.6171875,61743.87890625,59826.5234375,60694.62890625,26882546034,2021,10,23,4,3,2,0.2222222222222222,0.4444444444444444,0.3333333333333333,58118.3986328125,58105.63037549569,64.68999214640937,67013.23667036826,49223.560595256735,4447.419018777883
2021-10-24,60930.8359375,61505.8046875,59643.34375,61368.34375,27316183882,2021,10,24,6,3,5,0.3571428571428571,0.4285714285714285,0.2142857142857142,58709.2953125,58374.697571877055,63.91224109927854,66598.51307243327,50820.07755256673,3944.608879966636
2021-10-25,63039.82421875,63729.32421875,60691.80078125,60893.92578125,31064911614,2021,10,25,9,2,29,0.725,0.225,0.05,59285.5458984375,58818.99534776971,62.89955503855746,66626.71242003929,51944.37937683571,3670.583260800892
2021-10-26,60363.79296875,63229.02734375,59991.16015625,63032.76171875,34878965587,2021,10,26,15,5,17,0.4594594594594595,0.4054054054054054,0.1351351351351351,59535.6630859375,58966.118930720215,59.49459403064572,66651.29980129388,52420.02637058112,3557.8183576781903
2021-10-27,58482.38671875,61435.18359375,58208.1875,60352.0,43657076893,2021,10,27,9,10,20,0.5128205128205128,0.2307692307692307,0.2564102564102564,59769.483203125,58920.04919624686,52.32180224394752,66381.913187066,53157.05321918399,3306.2149919705053
2021-10-28,60622.13671875,62128.6328125,58206.91796875,58470.73046875,45257083247,2021,10,28,12,6,31,0.6326530612244898,0.2448979591836734,0.1224489795918367,60102.19765625,59082.15276981859,56.51118200226955,66129.22727712955,54075.16803537044,3013.5148104397786
2021-10-29,62227.96484375,62927.609375,60329.96484375,60624.87109375,36856881767,2021,10,29,6,11,17,0.5,0.1764705882352941,0.3235294117647059,60465.184765625,59381.75391971682,51.39779512347701,66048.43325874092,54881.93627250909,2791.624246557958
2021-10-30,61888.83203125,62330.14453125,60918.38671875,62239.36328125,32157938616,2021,10,30,2,5,2,0.2222222222222222,0.2222222222222222,0.5555555555555556,60821.0474609375,59620.52326367236,52.23299468600074,65744.6106239513,55897.48429792371,2461.7815815068984
2021-10-31,61318.95703125,62406.171875,60074.328125,61850.48828125,32241199927,2021,10,31,3,4,5,0.4166666666666667,0.25,0.3333333333333333,61012.755859375,59782.27886058451,49.47207906097864,65681.33513575628,56344.17658299372,2334.2896381906407
2021-11-01,61004.40625,62419.00390625,59695.18359375,61320.44921875,36150572843,2021,11,1,12,7,38,0.6666666666666666,0.2105263157894736,0.1228070175438596,61260.9232421875,59898.67194529075,47.6850709433158,65302.28333636717,57219.56314800783,2020.680047089835
2021-11-02,63226.40234375,64242.79296875,60673.0546875,60963.25390625,37746665647,2021,11,2,13,17,25,0.4545454545454545,0.2363636363636363,0.3090909090909091,61552.1884765625,60215.59864990592,47.65205438930706,65247.07698028997,57857.29997283503,1847.4442518637327
2021-11-03,62970.046875,63516.9375,61184.23828125,63254.3359375,36124731509,2021,11,3,29,13,28,0.4,0.4142857142857143,0.1857142857142857,61834.6146484375,60477.92705229583,42.65550975811893,64992.37734493862,58676.851951936376,1578.8813482505602
2021-11-04,61452.23046875,63123.2890625,60799.6640625,62941.8046875,32615846901,2021,11,4,19,7,15,0.3658536585365853,0.4634146341463415,0.1707317073170731,61827.5287109375,60570.717853862894,47.93067886718604,64988.1999763107,58666.857445564296,1580.3356326866003
2021-11-05,61125.67578125,62541.46875,60844.609375,61460.078125,30605102446,2021,11,5,10,4,18,0.5625,0.3125,0.125,61839.203515625,60623.57098980453,51.26562193797924,64987.02639718066,58691.38063406933,1573.9114407778338
2021-11-06,61527.48046875,61590.68359375,60163.78125,61068.875,29094934221,2021,11,6,6,2,4,0.3333333333333333,0.5,0.1666666666666666,61837.8966796875,60709.65760684695,50.39786098491753,64986.240431251375,58689.55292812363,1574.1718757819356
2021-11-07,63326.98828125,63326.98828125,61432.48828125,61554.921875,24726754302,2021,11,7,9,1,9,0.4736842105263157,0.4736842105263157,0.0526315789473684,61902.9421875,60958.927194885335,56.59748191867378,65120.6461081734,58685.23826682659,1608.8519603367022
2021-11-08,67566.828125,67673.7421875,63344.06640625,63344.06640625,41125608330,2021,11,8,19,8,29,0.5178571428571429,0.3392857142857143,0.1428571428571428,62068.183984375,61588.25109299149,61.155504388899104,66045.70180218222,58090.66616656778,1988.7589089036096
2021-11-09,66971.828125,68530.3359375,66382.0625,67549.734375,42357991721,2021,11,9,19,8,15,0.3571428571428571,0.4523809523809524,0.1904761904761904,62117.13359375,62100.97271508754,68.14455346016646,66315.9552223472,57918.31196515279,2099.410814298604
2021-11-10,64995.23046875,68789.625,63208.11328125,66953.3359375,48730828378,2021,11,10,21,9,37,0.5522388059701493,0.3134328358208955,0.1343283582089552,62256.3865234375,62376.61631067444,67.79017409378615,66648.48343321725,57864.28961365774,2196.048454889877
2021-11-11,64949.9609375,65579.015625,64180.48828125,64978.890625,35880633236,2021,11,11,15,8,11,0.3235294117647059,0.4411764705882353,0.2352941176470588,62469.2712890625,62621.696751324496,63.34913572797486,66953.92155363383,57984.62102449116,2242.325132285666
2021-11-12,64155.94140625,65460.81640625,62333.9140625,64863.98046875,36084893887,2021,11,12,20,7,11,0.2894736842105263,0.5263157894736842,0.1842105263157894,62607.3875,62767.81528988883,56.26034698386847,67122.5950329642,58092.17996703581,2257.603766482096
2021-11-13,64469.52734375,64915.67578125,63303.734375,64158.12109375,30474228777,2021,11,13,5,4,4,0.3076923076923077,0.3846153846153846,0.3076923076923077,62784.3220703125,62929.88310454227,58.393720635356246,67300.24345732057,58268.40068330443,2257.9606935040333
2021-11-14,65466.83984375,65495.1796875,63647.80859375,64455.37109375,25122092191,2021,11,14,8,1,5,0.3571428571428571,0.5714285714285714,0.0714285714285714,62905.6728515625,63171.49803208587,63.12603619314813,67578.22300368617,58233.12269943883,2336.2750760618364
2021-11-15,63557.87109375,66281.5703125,63548.14453125,65521.2890625,30558763548,2021,11,15,21,12,25,0.4310344827586206,0.3620689655172414,0.2068965517241379,63065.3767578125,63208.29546653007,57.33980833253799,67588.05751488944,58542.696000735545,2261.340378538475
2021-11-16,60161.24609375,63721.1953125,59016.3359375,63721.1953125,46844335592,2021,11,16,22,8,25,0.4545454545454545,0.4,0.1454545454545454,63149.3197265625,62918.10028817006,41.746691545375946,67365.79854238458,58932.84091074042,2108.2394079110395
2021-11-17,60368.01171875,60823.609375,58515.41015625,60139.62109375,39178392930,2021,11,17,19,10,14,0.3255813953488372,0.4418604651162791,0.2325581395348837,63136.6134765625,62675.234710130055,42.974941125724655,67386.55678080049,58886.67017232451,2124.971652118994
2021-11-18,56942.13671875,60948.5,56550.79296875,60360.13671875,41388338699,2021,11,18,13,8,18,0.4615384615384615,0.3333333333333333,0.2051282051282051,62872.3220703125,62129.22537761767,38.960852456583794,67939.10734700874,57805.53679361625,2533.3926383481235
2021-11-19,58119.578125,58351.11328125,55705.1796875,56896.12890625,38702407772,2021,11,19,19,7,16,0.3809523809523809,0.4523809523809524,0.1666666666666666,62683.859375,61747.354210701706,42.93634031382376,68167.8925727761,57199.82617722391,2742.0165988880444
2021-11-20,59697.1953125,59859.87890625,57469.7265625,58115.08203125,30624264863,2021,11,20,6,0,3,0.3333333333333333,0.6666666666666666,0.0,62602.7712890625,61552.10098230154,45.92444453026643,68218.16636451277,56987.37621361222,2807.6975377251392
2021-11-21,58730.4765625,60004.42578125,58618.9296875,59730.5078125,26123447605,2021,11,21,5,1,7,0.5384615384615384,0.3846153846153846,0.0769230769230769,62489.0748046875,61283.37484708234,39.37057407230424,68328.35200660017,56649.797602774845,2919.638600956329
2021-11-22,56289.2890625,59266.359375,55679.83984375,58706.84765625,35036121783,2021,11,22,26,10,23,0.3898305084745763,0.4406779661016949,0.1694915254237288,62142.219140625,60807.74762950307,21.55438644061384,68589.56075450811,55694.87752674188,3223.6708069415595
2021-11-23,57569.07421875,57875.515625,55632.76171875,56304.5546875,37485803899,2021,11,23,12,14,14,0.35,0.3,0.35,61872.1705078125,60499.30254276468,27.0751424431556,68619.0036268397,55125.3373887853,3373.4165595135987
2021-11-24,56280.42578125,57803.06640625,55964.22265625,57565.8515625,36635566789,2021,11,24,9,10,12,0.3870967741935484,0.2903225806451613,0.3225806451612903,61613.5802734375,60097.50475595376,28.014925084856277,68809.6717222049,54417.48882467011,3598.0457243836986
2021-11-25,57274.6796875,59367.96875,57146.68359375,57165.41796875,34284016248,2021,11,25,7,5,12,0.5,0.2916666666666667,0.2083333333333333,61421.03046875,59828.66427324388,31.522091989676525,68873.60652095199,53968.45441654802,3726.288026100992
2021-11-26,53569.765625,59183.48046875,53569.765625,58960.28515625,41810748221,2021,11,26,18,9,12,0.3076923076923077,0.4615384615384615,0.2307692307692307,61023.1447265625,59232.57868769684,27.647148970398064,69260.21105899564,52786.07839412936,4118.533166216572
2021-11-27,54815.078125,55329.2578125,53668.35546875,53736.4296875,30560857714,2021,11,27,4,2,1,0.1428571428571428,0.5714285714285714,0.2857142857142857,60597.54921875,58811.86434839238,30.38624559064523,69204.69139943313,51990.40703806687,4303.571090341563
2021-11-28,57248.45703125,57393.84375,53576.734375,54813.0234375,28116886357,2021,11,28,9,7,2,0.1111111111111111,0.5,0.3888888888888889,60081.6306640625,58662.96841342644,34.22423403884552,68149.96890513538,52013.29242298961,4034.169120536443
2021-11-29,57806.56640625,58872.87890625,56792.52734375,57291.90625,32370840356,2021,11,29,27,11,22,0.3666666666666666,0.45,0.1833333333333333,59623.367578125,58581.40631750488,38.35609548239908,67060.35741310405,52186.377743145946,3718.494917489527
2021-11-30,57005.42578125,59113.40234375,56057.28125,57830.11328125,36708594618,2021,11,30,14,5,18,0.4864864864864865,0.3783783783783784,0.1351351351351351,59223.87734375,58431.31293309965,42.86050604694962,66295.26883884739,52152.4858486526,3535.6957475486984
2021-12-01,57229.828125,59041.68359375,56553.08203125,56907.96484375,36858195307,2021,12,1,9,7,18,0.5294117647058824,0.2647058823529412,0.2058823529411764,58837.870703125,58316.88580851873,42.90606701140805,65419.02274429127,52256.71866195873,3290.576020583134
2021-12-02,56477.81640625,57349.234375,55895.1328125,57217.37109375,32379968686,2021,12,2,11,9,10,0.3333333333333333,0.3666666666666666,0.3,58453.964453125,58141.736341636,48.80606279756525,64611.03519380884,52296.89371244117,3078.5353703419173
2021-12-03,53598.24609375,57482.16796875,52496.5859375,56509.1640625,39789134215,2021,12,3,15,7,11,0.3333333333333333,0.4545454545454545,0.2121212121212121,57910.400390625,57709.02298469447,39.30978111789746,63742.29069708303,52078.51008416697,2915.945153229014
2021-12-04,49200.703125,53904.6796875,42874.6171875,53727.87890625,61385677469,2021,12,4,1,4,0,0.0,0.2,0.8,57097.0935546875,56898.70680758071,28.10217705156151,63027.95265032749,51166.234459047504,2965.4295478199974
2021-12-05,49368.84765625,49768.1484375,47857.49609375,49201.51953125,37198201161,2021,12,5,8,3,6,0.3529411764705882,0.4705882352941176,0.1764705882352941,56387.6423828125,56181.57736459684,29.7965591943904,62457.40167068788,50317.88309493711,3034.8796439376915
2021-12-06,50582.625,50929.51953125,47281.03515625,49413.48046875,37707308001,2021,12,6,23,14,16,0.3018867924528302,0.4339622641509434,0.2641509433962264,55908.711328125,55648.3438060638,36.99542843429127,62231.10323650958,49586.319419740415,3161.195954192293
2021-12-07,50700.0859375,51934.78125,50175.80859375,50581.828125,33676814852,2021,12,7,18,5,19,0.4523809523809524,0.4285714285714285,0.119047619047619,55425.3150390625,55177.08115191486,33.471057212183695,61790.36792089815,49060.26215722685,3182.526440917822
2021-12-08,50504.796875,51171.375,48765.98828125,50667.6484375,28479699446,2021,12,8,10,7,18,0.5142857142857142,0.2857142857142857,0.2,55103.448046875,54732.1016969706,35.33010321188529,61788.54223079418,48418.35386295582,3342.547091959589
2021-12-09,47672.12109375,50797.1640625,47358.3515625,50450.08203125,29603577251,2021,12,9,13,4,4,0.1904761904761904,0.6190476190476191,0.1904761904761904,54581.0751953125,54059.72259190197,27.693089477003497,61878.51399464424,47283.63639598076,3648.719399665873
2021-12-10,47243.3046875,50015.25390625,47023.69921875,47642.14453125,30966005122,2021,12,10,7,4,7,0.3888888888888889,0.3888888888888889,0.2222222222222222,53958.3806640625,53410.53993433988,32.664981802006,61537.62008263663,46379.14124548836,3789.6197092870666
2021-12-11,49362.5078125,49458.2109375,46942.34765625,47264.6328125,25775869261,2021,12,11,4,3,2,0.2222222222222222,0.4444444444444444,0.3333333333333333,53489.9822265625,53025.013065593215,35.74232244014945,60984.883501964665,45995.08095116033,3747.450637701085
2021-12-12,50098.3359375,50724.8671875,48725.8515625,49354.85546875,21939223599,2021,12,12,2,1,9,0.75,0.1666666666666666,0.0833333333333333,53180.4345703125,52746.28191053672,29.48194354177535,60699.88429985363,45660.98484077137,3759.7248647705646
2021-12-13,46737.48046875,50205.0,45894.84765625,50114.7421875,32166727776,2021,12,13,14,9,7,0.2333333333333333,0.4666666666666667,0.3,52638.8548828125,52174.01510655703,22.63746514125036,60384.28366778263,44893.42609784237,3872.7143924850648
2021-12-14,46612.6328125,48431.3984375,46424.49609375,46709.82421875,34638619079,2021,12,14,19,9,12,0.3,0.475,0.225,52155.465234375,51644.35964998017,23.42054570822367,60146.79502737734,44164.13544137266,3995.66489650117
2021-12-15,48896.72265625,49473.95703125,46671.96484375,48379.75390625,36541828520,2021,12,15,8,13,9,0.3,0.2666666666666666,0.4333333333333333,51736.5673828125,51382.679936291584,30.719431313716868,59472.26671444891,44000.86805117609,3867.849665818204
2021-12-16,47665.42578125,49425.57421875,47529.87890625,48900.46484375,27268150947,2021,12,16,3,11,3,0.1764705882352941,0.1764705882352941,0.6470588235294118,51441.350390625,51028.65573104953,30.052895849712986,59331.590549805245,43551.11023144475,3945.120079590126
2021-12-17,46202.14453125,48004.89453125,45618.21484375,47653.73046875,32902725329,2021,12,17,5,9,6,0.3,0.25,0.45,51010.7037109375,50568.98799773528,32.111782440806635,59064.12513960952,42957.282282265485,4026.7107143360095
2021-12-18,46848.77734375,47313.828125,45598.44140625,46219.25390625,26098292690,2021,12,18,1,1,0,0.0,0.5,0.5,50490.7197265625,50214.68222116525,43.05076795620028,58183.20385182482,42798.23560130018,3846.2420626311614
2021-12-19,46707.015625,48089.6640625,46502.953125,46853.8671875,25154053861,2021,12,19,5,8,7,0.35,0.25,0.4,49935.7421875,49880.61873581618,42.1228073055252,56980.15445304285,42891.32992195715,3522.206132771425
2021-12-20,46880.27734375,47401.71875,45579.80859375,46707.0625,30961902129,2021,12,20,21,8,15,0.3409090909090909,0.4772727272727273,0.1818181818181818,49429.484765625,49594.87193657178,38.32457451507863,55753.07955514155,43105.88997610845,3161.797394758275
2021-12-21,48936.61328125,49300.91796875,46698.7734375,46886.078125,27055803928,2021,12,21,14,10,18,0.4285714285714285,0.3333333333333333,0.238095238095238,49014.8240234375,49532.18063606495,45.04480376633067,54163.17046616705,43866.47758070794,2574.173221364777
2021-12-22,48628.51171875,49544.796875,48450.94140625,48937.09765625,24447979559,2021,12,22,14,10,14,0.3684210526315789,0.3684210526315789,0.2631578947368421,48622.3587890625,49446.116929654,44.76102534166894,52385.71088904811,44859.00668907689,1881.6760499928043
2021-12-23,50784.5390625,51332.33984375,48065.8359375,48626.34375,28223878108,2021,12,23,12,7,19,0.5,0.3157894736842105,0.1842105263157894,48481.6734375,49573.58570421077,59.03179506897241,51620.33262451872,45343.01425048128,1569.3295935093583
2021-12-24,50822.1953125,51814.02734375,50514.49609375,50806.05078125,24367912228,2021,12,24,5,6,1,0.0833333333333333,0.4166666666666667,0.5,48562.748046875,49692.50090500022,60.62667746118497,51859.40310436527,45266.092989384735,1648.3275287451322
2021-12-25,50429.859375,51176.59765625,50236.70703125,50854.91796875,19030650914,2021,12,25,0,2,2,0.5,0.0,0.5,48615.7986328125,49762.725521190674,53.53139720509353,52000.0566183864,45231.5406472386,1692.1289927869525
2021-12-26,50809.515625,51196.37890625,49623.10546875,50428.69140625,20964372926,2021,12,26,4,1,1,0.1666666666666666,0.6666666666666666,0.1666666666666666,48627.1431640625,49862.41981679156,52.409775379529485,52040.55708569074,45213.72924243426,1706.7069608141203
2021-12-27,50640.41796875,51956.328125,50499.46875,50802.609375,24324345758,2021,12,27,8,8,15,0.4838709677419355,0.2580645161290322,0.2580645161290322,48624.159765625,49936.514878882845,66.87481970841235,52030.0410577324,45218.2784735176,1702.9406460537
2021-12-28,47588.85546875,50679.859375,47414.2109375,50679.859375,33430376883,2021,12,28,8,6,6,0.3,0.4,0.3,48478.3626953125,49712.928268394,53.36835303786996,51793.71941570481,45163.00597492019,1657.6783601961529
2021-12-29,46444.7109375,48119.7421875,46201.49609375,47623.87109375,30049226299,2021,12,29,10,6,7,0.3043478260869565,0.4347826086956521,0.2608695652173913,48416.9921875,49401.669474975526,40.81722814773421,51838.91656264548,44995.06781235452,1710.9621875727375
2021-12-30,47178.125,47879.96484375,46060.3125,46490.60546875,26686491018,2021,12,30,4,4,7,0.4666666666666667,0.2666666666666666,0.2666666666666666,48413.733203125,49189.90333450167,48.10437033135721,51840.484854464325,44986.98155178567,1713.375825669664
2021-12-31,46306.4453125,48472.52734375,45819.953125,47169.37109375,36974172400,2021,12,31,2,8,9,0.4736842105263157,0.1052631578947368,0.4210526315789473,48260.930078125,48915.28828478722,50.42531236988238,51780.828126115644,44741.03203013435,1759.9490239953234
2022-01-01,47686.8125,47827.3125,46288.484375,46311.74609375,24582667004,2022,1,1,11,9,16,0.4444444444444444,0.3055555555555556,0.25,48140.35390625,48798.29059099797,53.22435248283422,51558.99534805252,44721.71246444748,1709.320720901262
2022-01-02,47345.21875,47881.40625,46856.9375,47680.92578125,27951569547,2022,1,2,10,4,12,0.4615384615384615,0.3846153846153846,0.1538461538461538,48170.7408203125,48659.90279661721,52.41830916701698,51547.42520951295,44794.05643111205,1688.342194600225
2022-01-03,46458.1171875,47510.7265625,45835.96484375,47343.54296875,33071628362,2022,1,3,45,18,37,0.37,0.45,0.18,48163.0150390625,48450.20892908223,48.4824289898428,51555.38025478543,44770.64982333957,1696.182607861463
2022-01-04,45897.57421875,47406.546875,45752.46484375,46458.8515625,42494677905,2022,1,4,23,7,12,0.2857142857142857,0.5476190476190477,0.1666666666666666,48013.0576171875,48207.10086143154,37.75892126628485,51531.66451915831,44494.45071521669,1759.303450985405
2022-01-05,43569.00390625,46929.046875,42798.22265625,45899.359375,36851084859,2022,1,5,19,16,14,0.2857142857142857,0.3877551020408163,0.3265306122448979,47808.2365234375,47765.377341890446,32.47334264311077,51850.058830106806,43766.4142167682,2020.9111533346504
2022-01-06,43160.9296875,43748.71875,42645.5390625,43565.51171875,30208048289,2022,1,6,16,2,10,0.3571428571428571,0.5714285714285714,0.0714285714285714,47656.17578125,47326.85851766278,19.95218569980453,52155.36953025053,43156.98203224947,2249.596874500264
2022-01-07,41557.90234375,43153.5703125,41077.4453125,43153.5703125,84196607520,2022,1,7,27,6,20,0.3773584905660377,0.5094339622641509,0.1132075471698113,47391.63203125,46777.434120147285,17.496372967237605,52649.01610411813,42134.24795838188,2628.6920364340635
2022-01-08,41733.94140625,42228.94140625,40672.27734375,41561.46484375,28066355845,2022,1,8,5,2,9,0.5625,0.3125,0.125,47142.9783203125,46297.1014807285,19.02031407818751,52975.63781755319,41310.31882307181,2916.329748620345
2022-01-09,41911.6015625,42663.94921875,41338.16015625,41734.7265625,21294384372,2022,1,9,8,5,7,0.35,0.4,0.25,46894.54453125,45879.4348218496,17.837799219251238,53180.00827713906,40609.080785360944,3142.7318729445306
2022-01-10,41821.26171875,42199.484375,39796.5703125,41910.23046875,32104232331,2022,1,10,31,7,27,0.4153846153846154,0.4769230769230769,0.1076923076923077,46538.776953125,45492.94214536392,17.939940710934863,53135.35104327035,39942.202862979655,3298.287045072675
2022-01-11,42735.85546875,43001.15625,41407.75390625,41819.5078125,26327648900,2022,1,11,11,7,25,0.5813953488372093,0.2558139534883721,0.1627906976744186,46244.144140625,45230.36246187687,29.112774420895832,52972.78366439231,39515.504616857696,3364.3197618836543
2022-01-12,43949.1015625,44135.3671875,42528.98828125,42742.1796875,33499938689,2022,1,12,18,5,34,0.5964912280701754,0.3157894736842105,0.087719298245614,45902.372265625,45108.33761431718,39.32245427318429,52348.42656005178,39456.31797119822,3223.027147213392
2022-01-13,42591.5703125,44278.421875,42447.04296875,43946.7421875,47691135082,2022,1,13,20,10,20,0.4,0.4,0.2,45490.841015625,44868.64549033459,31.37117025982292,51659.347910072815,39322.33412117719,3084.253447223907
2022-01-14,43099.69921875,43346.6875,41982.6171875,42598.87109375,23577403399,2022,1,14,10,5,18,0.5454545454545454,0.303030303030303,0.1515151515151515,45124.3330078125,44700.17441685034,36.57907686573143,50916.83017952195,39331.83583610305,2896.248585854727
2022-01-15,43177.3984375,43724.671875,42669.03515625,43101.8984375,18371348298,2022,1,15,8,4,11,0.4782608695652174,0.3478260869565217,0.1739130434782608,44742.7271484375,44555.14813310269,28.81740334147797,49932.46710221808,39552.987194656926,2594.8699768902884
2022-01-16,43113.87890625,43436.80859375,42691.0234375,43172.0390625,17902097845,2022,1,16,9,2,7,0.3888888888888889,0.5,0.1111111111111111,44366.4001953125,44417.88439721196,29.590442078369374,48790.5350512917,39942.265339333295,2212.067427989602
2022-01-17,42250.55078125,43179.390625,41680.3203125,43118.12109375,21690904261,2022,1,17,33,3,20,0.3571428571428571,0.5892857142857143,0.0535714285714285,44099.4849609375,44211.471671882246,29.65846045650656,48345.58111772689,39853.38880414811,2123.0480783946946
2022-01-18,42375.6328125,42534.40234375,41392.21484375,42250.07421875,22417209227,2022,1,18,22,14,20,0.3571428571428571,0.3928571428571428,0.25,43896.0310546875,44036.6298757506,32.224697977368066,48058.0913043714,39733.9708050036,2081.03012484195
2022-01-19,41744.328125,42478.3046875,41242.9140625,42374.0390625,23091543258,2022,1,19,28,2,18,0.375,0.5833333333333334,0.0416666666666666,43624.3412109375,43818.31542329816,38.88690367715667,47589.03854822304,39659.64387365196,1982.3486686427696
2022-01-20,40680.41796875,43413.0234375,40672.82421875,41744.02734375,20382033940,2022,1,20,26,12,24,0.3870967741935484,0.4193548387096774,0.1935483870967742,43343.03984375,43519.46804667453,36.010169439248834,47304.82601981192,39381.25366768807,1980.8930880309624
2022-01-21,36457.31640625,41060.52734375,35791.42578125,40699.60546875,43011992031,2022,1,21,24,7,10,0.2439024390243902,0.5853658536585366,0.1707317073170731,42781.5650390625,42846.8821761579,27.795512270243293,47295.74289952655,38267.38717859845,2257.088930232024
2022-01-22,35030.25,36688.8125,34349.25,36471.58984375,39714385405,2022,1,22,9,2,3,0.2142857142857142,0.6428571428571429,0.1428571428571428,42165.8166015625,42102.441016523815,23.683173406180003,47366.37497677189,36965.25822635312,2600.279187604695
2022-01-23,36276.8046875,36433.3125,34784.96875,35047.359375,26017975951,2022,1,23,9,4,4,0.2352941176470588,0.5294117647058824,0.2352941176470588,41656.7509765625,41547.61850899774,29.59206425019184,47076.81595984183,36236.68599328317,2710.0324916396626
2022-01-24,36654.328125,37247.51953125,33184.05859375,36275.734375,41856658597,2022,1,24,26,11,17,0.3148148148148148,0.4814814814814814,0.2037037037037037,41194.588671875,41081.5908533789,31.667906144158763,46668.14267378151,35721.03466996849,2736.777000953255
2022-01-25,36954.00390625,37444.5703125,35779.4296875,36654.8046875,26428189594,2022,1,25,30,11,26,0.3880597014925373,0.4477611940298507,0.1641791044776119,40863.838671875,40688.48733460472,28.550258471476557,46529.35428282676,35198.323060923234,2832.757805475883
2022-01-26,36852.12109375,38825.41015625,36374.90625,36950.515625,31324598034,2022,1,26,25,9,24,0.4137931034482758,0.4310344827586206,0.1551724137931034,40548.3982421875,40323.11912118999,21.30517803697357,46375.612371266405,34721.18411310859,2913.607064539453
2022-01-27,37138.234375,37148.32421875,35629.28125,36841.87890625,25041426629,2022,1,27,25,8,22,0.4,0.4545454545454545,0.1454545454545454,40327.41484375,40019.79676441,25.859279569163604,46326.12456863777,34328.70511886222,2999.354862443888
2022-01-28,37784.33203125,37952.87890625,36211.109375,37128.4453125,22238830523,2022,1,28,9,4,12,0.48,0.36,0.16,40129.934375,39806.8953612519,26.753990348543056,46193.37867560238,34066.49007439762,3031.7221503011915
2022-01-29,38138.1796875,38576.26171875,37406.47265625,37780.71484375,17194183075,2022,1,29,6,5,6,0.3529411764705882,0.3529411764705882,0.2941176470588235,39941.26328125,39647.97005898982,28.481444240645388,46006.110359145765,33876.41620335424,3032.42353894788
2022-01-30,37917.6015625,38266.33984375,37437.7109375,38151.91796875,14643548444,2022,1,30,10,5,10,0.4,0.4,0.2,39746.0802734375,39483.17305932412,28.104465431724464,45807.43573011455,33684.724816760456,3030.6777283385222
2022-01-31,38483.125,38647.26171875,36733.57421875,37920.28125,20734730465,2022,1,31,23,5,25,0.4716981132075472,0.4339622641509434,0.0943396226415094,39533.44375,39387.930387007546,33.7165432765767,45449.82879227391,33617.058707726086,2958.192521136958
2022-02-01,38743.2734375,39115.1328125,38113.6640625,38481.765625,20288500328,2022,2,1,27,11,17,0.3090909090909091,0.4909090909090909,0.2,39273.15234375,39326.53448705444,34.481511001811725,44817.964233348655,33728.340454151345,2772.4059447993263
2022-02-02,36952.984375,38834.6171875,36832.73046875,38743.71484375,19155189416,2022,2,2,20,6,19,0.4222222222222222,0.4444444444444444,0.1333333333333333,38991.223046875,39100.482095430205,31.374485536718225,44397.26369846537,33585.182395284624,2703.020325795188
2022-02-03,37154.6015625,37154.6015625,36375.5390625,36944.8046875,18591534769,2022,2,3,23,15,20,0.3448275862068966,0.396551724137931,0.2586206896551724,38693.9681640625,38915.16013991304,35.30912221822555,43793.9465224575,33593.989805667494,2549.989179197502
2022-02-04,41500.875,41527.78515625,37093.62890625,37149.265625,29412210792,2022,2,4,13,5,16,0.4705882352941176,0.3823529411764705,0.1470588235294117,38610.1419921875,39161.41869801656,70.80128253666703,43448.22542945881,33772.058554916184,2419.041718635656
2022-02-05,41441.1640625,41847.1640625,41038.09765625,41501.48046875,19652846215,2022,2,5,2,3,5,0.5,0.2,0.3,38526.50625,39378.53730415783,79.80202608031831,43086.62247468637,33966.39002531362,2280.0581123431857
2022-02-06,42412.43359375,42500.78515625,41244.90625,41441.12109375,16142097334,2022,2,6,3,2,6,0.5454545454545454,0.2727272727272727,0.1818181818181818,38534.600390625,39667.47980792851,79.27150029761228,43123.03546992461,33946.165311325385,2294.217539649804
2022-02-07,43840.28515625,44401.86328125,41748.15625,42406.78125,28641855926,2022,2,7,30,9,28,0.417910447761194,0.4477611940298507,0.1343283582089552,38607.8330078125,40064.88984110198,81.1596240393915,43491.635424338005,33724.030591286995,2441.901208262754
2022-02-08,44118.4453125,45293.8671875,42807.8359375,43854.65234375,33079398868,2022,2,8,23,10,16,0.3265306122448979,0.4693877551020408,0.2040816326530612,38726.5388671875,40450.94274313989,81.1244038057329,44028.81590413999,33424.26183023501,2651.1385184762435
2022-02-09,44338.796875,44727.80078125,43232.96875,44096.703125,23245887300,2022,2,9,15,12,19,0.4130434782608695,0.3260869565217391,0.2608695652173913,38909.4578125,40821.21456522181,82.19291335276185,44723.28494281193,33095.630682188064,2906.9135651559677
2022-02-10,43565.11328125,45661.171875,43402.80859375,44347.80078125,32142048537,2022,2,10,9,8,23,0.575,0.225,0.2,39264.84765625,41082.53825246259,76.52358842034432,45311.8368953953,33217.8584171047,3023.4946195726498
2022-02-11,42407.9375,43810.83203125,42114.5390625,43571.12890625,26954925781,2022,2,11,15,7,16,0.4210526315789473,0.3947368421052631,0.1842105263157894,39633.73203125,41208.76675222806,68.30916176599341,45490.1645251708,33777.29953732921,2928.2162469603963
2022-02-12,42244.46875,42992.55078125,41852.57421875,42412.30078125,18152390304,2022,2,12,4,1,1,0.1666666666666666,0.6666666666666666,0.1666666666666666,39932.115234375,41307.40503773015,66.50955101107473,45675.41140323802,34188.81906551198,2871.6480844315083
2022-02-13,42197.515625,42693.0546875,41950.94140625,42236.56640625,14741589015,2022,2,13,2,1,5,0.625,0.25,0.125,40209.274609375,41392.17747461299,67.45126296750058,45820.02924307465,34598.51997567536,2805.3773168498237
2022-02-14,42586.91796875,42775.77734375,41681.95703125,42157.3984375,20827783012,2022,2,14,24,4,20,0.4166666666666667,0.5,0.0833333333333333,40490.9203125,41505.96228357842,66.97696621351491,45977.79672157101,35004.04390342899,2743.438204535507
2022-02-15,44575.203125,44667.21875,42491.03515625,42586.46484375,22721659051,2022,2,15,22,12,27,0.4426229508196721,0.360655737704918,0.1967213114754098,40877.0744140625,41798.27093514238,71.10801326731722,46372.73427090516,35381.41455721985,2747.829928421328
2022-02-16,43961.859375,44578.27734375,43456.69140625,44578.27734375,19792547657,2022,2,16,15,9,18,0.4285714285714285,0.3571428571428571,0.2142857142857142,41218.2556640625,42004.326977033576,77.73036202882531,46582.26236576421,35854.24896236078,2682.003350850855
2022-02-17,40538.01171875,44132.97265625,40249.37109375,43937.0703125,26246662813,2022,2,17,12,6,16,0.4705882352941176,0.3529411764705882,0.1764705882352941,41355.9396484375,41864.6779048161,60.666638260162365,46485.0405283724,36226.8387685026,2564.5504399674496
2022-02-18,40030.9765625,40929.15234375,39637.6171875,40552.1328125,23310007704,2022,2,18,17,3,3,0.1304347826086956,0.7391304347826086,0.1304347826086956,41450.5794921875,41690.03968173837,43.88588802108891,46396.26073919997,36504.89824517503,2472.840623506236
2022-02-19,40122.15625,40418.87890625,39713.05859375,40026.0234375,13736557863,2022,2,19,2,3,3,0.375,0.25,0.375,41560.8072265625,41540.71745014424,44.52785032576911,46267.4351719225,36854.1792812025,2353.313972679998
2022-02-20,38431.37890625,40119.890625,38112.8125,40118.1015625,18340576452,2022,2,20,7,3,8,0.4444444444444444,0.3888888888888889,0.1666666666666666,41558.219921875,41244.58996977336,34.41432166552276,46272.02286234611,36844.4169814039,2356.901470235553
2022-02-21,37075.28125,39394.4375,36950.4765625,38423.2109375,29280402798,2022,2,21,28,6,20,0.3703703703703703,0.5185185185185185,0.1111111111111111,41474.8203125,40847.51294884257,23.365626631159103,46450.09415942681,36499.54646557319,2487.636923463405
2022-02-22,38286.02734375,38359.85546875,36488.93359375,37068.76953125,25493150450,2022,2,22,14,5,12,0.3870967741935484,0.4516129032258064,0.1612903225806451,41541.4724609375,40603.56193883375,28.608167441812483,46292.33857522926,36790.60634664573,2375.433057145882
2022-02-23,37296.5703125,39122.39453125,37201.81640625,38285.28125,21849073843,2022,2,23,17,12,19,0.3958333333333333,0.3541666666666667,0.25,41548.5708984375,40288.61035537339,25.55029169148513,46272.18486244518,36824.95693442982,2361.8069820038418
2022-02-24,38332.609375,38968.83984375,34459.21875,37278.56640625,46383802093,2022,2,24,39,4,13,0.2321428571428571,0.6964285714285714,0.0714285714285714,41390.1576171875,40102.32454771879,32.15844174179894,46328.14677648951,36452.16845788549,2468.994579651006
2022-02-25,39214.21875,39630.32421875,38111.34375,38333.74609375,26545599159,2022,2,25,14,6,12,0.375,0.4375,0.1875,41278.8103515625,40017.74304317415,38.90163680739754,46311.480344562566,36246.14035856243,2516.334996500033
2022-02-26,39105.1484375,40005.34765625,38702.53515625,39213.08203125,17467554129,2022,2,26,1,2,4,0.5714285714285714,0.1428571428571428,0.2857142857142857,41113.44609375,39930.82927120518,39.04927259131034,46206.26233840774,36020.629849092256,2546.4081223288704
2022-02-27,37709.78515625,39778.94140625,37268.9765625,39098.69921875,23450127612,2022,2,27,5,3,1,0.1111111111111111,0.5555555555555556,0.3333333333333333,40806.92109375,39719.30126025707,35.69169171862005,45946.44384808336,35667.39833941664,2569.761377166681
2022-02-28,43193.234375,43760.45703125,37518.21484375,37706.0,35690014104,2022,2,28,29,8,20,0.3508771929824561,0.5087719298245614,0.1403508771929824,40760.660546875,40050.152033089726,51.45915389999837,45790.158687307856,35731.16240644214,2514.749070216428
2022-03-01,44354.63671875,44793.6015625,42952.5859375,43194.50390625,32479047645,2022,3,1,22,9,28,0.4745762711864407,0.3728813559322034,0.1525423728813559,40761.4525390625,40460.10295553356,49.44718586127298,45793.32751519444,35729.57756293056,2515.9374880659693
2022-03-02,43924.1171875,45077.578125,43432.8515625,44357.6171875,29183112630,2022,3,2,24,8,26,0.4482758620689655,0.4137931034482758,0.1379310344827586,40779.402734375,40790.0090728637,49.90453037084348,45855.75404244981,35703.05142630019,2538.175654037406
2022-03-03,42451.7890625,44021.578125,41914.75,43925.1953125,24967782593,2022,3,3,63,33,53,0.3557046979865771,0.4228187919463087,0.2214765100671141,40781.5953125,40948.27383378144,55.37123034193085,45860.94528674069,35702.24533825932,2539.6749871203424
2022-03-04,39137.60546875,42479.61328125,38805.84765625,42458.140625,28516271427,2022,3,4,20,5,24,0.4897959183673469,0.4081632653061224,0.1020408163265306,40626.2521484375,40775.829227587965,47.833960216991336,45707.26128367372,35545.24301320129,2540.504567618107
2022-03-05,39400.5859375,39566.3359375,38777.03515625,39148.44921875,16975917450,2022,3,5,3,0,3,0.5,0.5,0.0,40486.4056640625,40644.85367615102,48.26495744157256,45539.207985394896,35433.6033427301,2526.401160666198
2022-03-06,38419.984375,39640.17578125,38211.6484375,39404.19921875,19745229902,2022,3,6,9,2,4,0.2666666666666666,0.6,0.1333333333333333,40278.058984375,40432.96136175568,49.97163259887989,45309.77171759242,35246.34625115758,2515.8563666087102
2022-03-07,38062.0390625,39430.2265625,37260.203125,38429.3046875,28546143503,2022,3,7,18,7,21,0.4565217391304347,0.391304347826087,0.1521739130434782,39952.40078125,40207.15923801704,52.58507168940744,44644.73188443917,35260.06967806083,2346.1655515945868
2022-03-08,38737.26953125,39304.44140625,37957.38671875,38059.90234375,25776583476,2022,3,8,15,11,12,0.3157894736842105,0.3947368421052631,0.2894736842105263,39691.1712890625,40067.16974213447,51.21627443804242,44010.56042477807,35371.78215334693,2159.694567857783
2022-03-09,41982.92578125,42465.671875,38706.09375,38742.81640625,32284121034,2022,3,9,23,12,34,0.4927536231884058,0.3333333333333333,0.1739130434782608,39763.4169921875,40249.62269824071,61.2618238134226,44189.46294074348,35337.37104363152,2213.022974277987
2022-03-10,39437.4609375,42004.7265625,38832.94140625,41974.0703125,31078064711,2022,3,10,20,5,12,0.3243243243243243,0.5405405405405406,0.1351351351351351,39733.7412109375,40172.27395912255,52.475491200007845,44160.192544622245,35307.289877252755,2213.22566684237
2022-03-11,38794.97265625,40081.6796875,38347.43359375,39439.96875,26364890465,2022,3,11,18,10,8,0.2222222222222222,0.5,0.2777777777777778,39667.38203125,40041.10240646802,49.05047764087925,44109.082477016986,35225.68158548302,2220.850222883493
2022-03-12,38904.01171875,39308.59765625,38772.53515625,38794.46484375,14616450657,2022,3,12,3,2,4,0.4444444444444444,0.3333333333333333,0.2222222222222222,39691.013671875,39932.80805525678,49.54445829100773,44109.99664506489,35272.03069868511,2209.491486594948
2022-03-13,37849.6640625,39209.3515625,37728.14453125,38884.7265625,17300745310,2022,3,13,9,1,3,0.2307692307692307,0.6923076923076923,0.0769230769230769,39729.7328125,39734.41338927994,50.32177319684713,44064.99165383342,35394.473971166575,2167.6294206667108
2022-03-14,39666.75390625,39742.5,37680.734375,37846.31640625,24322159070,2022,3,14,24,12,18,0.3333333333333333,0.4444444444444444,0.2222222222222222,39798.769140625,39727.96962899138,40.24177779315071,44080.87608320588,35516.66219804412,2141.0534712904414
2022-03-15,39338.78515625,39794.62890625,38310.2109375,39664.25,23934000868,2022,3,15,23,10,22,0.4,0.4181818181818181,0.1818181818181818,39900.8798828125,39690.90444111124,35.44935880351085,44026.28623826358,35775.47352736142,2062.7031777255397
2022-03-16,41143.9296875,41465.453125,39022.34765625,39335.5703125,39616916192,2022,3,16,9,8,19,0.5277777777777778,0.25,0.2222222222222222,40041.4458984375,39829.28779791017,42.53058174582519,44133.30348521863,35949.58831165637,2045.9287933905648
2022-03-17,40951.37890625,41287.53515625,40662.87109375,41140.84375,22009601093,2022,3,17,21,3,14,0.3684210526315789,0.5526315789473685,0.0789473684210526,40128.30390625,39936.15361775206,45.671233994424185,44219.97593555251,36036.6318769475,2045.836014651252
2022-03-18,41801.15625,42195.74609375,40302.3984375,40944.83984375,34421564942,2022,3,18,14,4,14,0.4375,0.4375,0.125,40263.104296875,40113.77291606139,58.95836032087077,44390.33402719664,36135.87456655335,2063.614865160824
2022-03-19,42190.65234375,42316.5546875,41602.66796875,41794.6484375,19664853187,2022,3,19,1,0,2,0.6666666666666666,0.3333333333333333,0.0,40487.14765625,40311.57095679364,59.30468711936484,44516.08807393775,36458.20723856225,2014.4702088438755
2022-03-20,41247.82421875,42241.1640625,41004.7578125,42191.40625,20127946682,2022,3,20,6,2,6,0.4285714285714285,0.4285714285714285,0.1428571428571428,40389.8771484375,40400.737934122815,59.45447901481708,44233.40093441719,36546.35336245782,1921.7618929898413
2022-03-21,41077.99609375,41454.41015625,40668.04296875,41246.1328125,24615543271,2022,3,21,15,7,15,0.4054054054054054,0.4054054054054054,0.1891891891891892,40226.0451171875,40465.238711230166,60.21187573885766,43609.83238301706,36842.25785135794,1691.8936329147784
2022-03-22,42358.80859375,43124.70703125,40948.28125,41074.10546875,32004652376,2022,3,22,12,6,29,0.6170212765957447,0.2553191489361702,0.1276595744680851,40147.7796875,40645.57870004158,61.77928412103804,43230.43099669556,37065.12837830444,1541.3256545977783
2022-03-23,42892.95703125,42893.5078125,41877.5078125,42364.37890625,25242943069,2022,3,23,20,5,12,0.3243243243243243,0.5405405405405406,0.1351351351351351,40169.8380859375,40859.61473158524,53.59384082250713,43327.312715968415,37012.36345590659,1578.737315015455
2022-03-24,43960.93359375,44131.85546875,42726.1640625,42886.65234375,31042992291,2022,3,24,9,3,15,0.5555555555555556,0.3333333333333333,0.1111111111111111,40411.0044921875,41154.9784327438,70.22387551410682,43950.24303502991,36871.76594934509,1769.6192714212052
2022-03-25,44348.73046875,44999.4921875,43706.28515625,43964.546875,30574413034,2022,3,25,11,6,21,0.5526315789473685,0.2894736842105263,0.1578947368421052,40658.41171875,41459.14529331581,75.40880714453705,44572.220697916,36744.60273958401,1956.904489582999
2022-03-26,44500.828125,44735.99609375,44166.2734375,44349.859375,16950455995,2022,3,26,10,2,11,0.4782608695652174,0.4347826086956521,0.0869565217391304,40962.45390625,41748.82937252383,75.50531419678958,45083.38385433407,36841.523958165926,2060.464974042037
2022-03-27,46820.4921875,46827.546875,44437.29296875,44505.35546875,28160889722,2022,3,27,12,1,4,0.2352941176470588,0.7058823529411765,0.0588235294117647,41400.3765625,42231.84487871204,86.65398545288788,46050.978865483085,36749.77425951692,2325.301151491543
2022-03-28,47128.00390625,48086.8359375,46690.203125,46821.8515625,36362175703,2022,3,28,25,8,36,0.5217391304347826,0.3623188405797101,0.1159420289855072,41819.91328125,42698.14573847756,84.77594668542669,46948.30357386965,36691.52298863036,2564.1951463098235
2022-03-29,47465.73046875,48022.2890625,47100.4375,47100.4375,31397059069,2022,3,29,24,12,27,0.4285714285714285,0.3809523809523809,0.1904761904761904,42094.053515625,43152.201427074935,87.8442456318549,47811.47765953103,36376.62937171896,2858.712071953016
2022-03-30,47062.6640625,47655.1484375,46746.2109375,47456.8984375,29333883962,2022,3,30,17,11,20,0.4166666666666667,0.3541666666666667,0.2291666666666666,42475.313671875,43524.62643997256,81.70088943490589,48457.65399902493,36492.97334472508,2991.1701635749646
2022-03-31,45538.67578125,47512.02734375,45390.5390625,47062.1484375,33327427106,2022,3,31,10,7,24,0.5853658536585366,0.2439024390243902,0.1707317073170731,42812.498828125,43716.44066295136,71.5028491071821,48680.52603775796,36944.47161849203,2934.0136048164813
2022-04-01,46281.64453125,46616.2421875,44403.140625,45554.1640625,38162644287,2022,4,1,9,7,11,0.4074074074074074,0.3333333333333333,0.2592592592592592,43181.38046875,43960.74579326552,71.21461364232428,48941.45188572815,37421.30905177185,2880.035708489077
2022-04-02,45868.94921875,47028.28125,45782.51171875,46285.5,29336594194,2022,4,2,2,1,5,0.625,0.25,0.125,43582.3447265625,44142.47945283546,67.37814825805862,48877.38485244215,38287.30460068285,2647.520062939825
2022-04-03,46453.56640625,47313.4765625,45634.10546875,45859.12890625,25414397610,2022,4,3,12,2,12,0.4615384615384615,0.4615384615384615,0.0769230769230769,43921.6853515625,44362.58297220827,75.45620486756057,49026.62431106132,38816.74639206367,2552.469479749412
2022-04-04,46622.67578125,46791.08984375,45235.81640625,46445.2734375,32499785455,2022,4,4,20,12,21,0.3962264150943396,0.3773584905660377,0.2264150943396226,44285.8798828125,44577.82990640272,77.11552347949674,49041.51986797386,39530.23989765114,2377.8199925806816
2022-04-05,45555.9921875,47106.140625,45544.80859375,46624.5078125,29640604055,2022,4,5,27,12,17,0.3035714285714285,0.4821428571428571,0.2142857142857142,44506.4830078125,44670.988218888175,65.96986700476435,49053.18915823114,39959.77685739386,2273.3530752093216
2022-04-06,43206.73828125,45544.35546875,43193.953125,45544.35546875,39393395788,2022,4,6,24,6,23,0.4339622641509434,0.4528301886792453,0.1132075471698113,44619.2509765625,44531.53584387502,51.3267530820153,48898.71943279494,40339.78252033006,2139.7342281162187
2022-04-07,43503.84765625,43860.69921875,42899.90625,43207.5,26101973106,2022,4,7,13,7,27,0.574468085106383,0.2765957446808511,0.1489361702127659,44704.385546875,44433.660778386926,47.93254032477496,48812.10094598252,40596.67014776748,2053.857699553757
2022-04-08,42287.6640625,43903.01953125,42183.2890625,43505.13671875,27215995394,2022,4,8,25,9,19,0.3584905660377358,0.4716981132075472,0.1698113207547169,44709.2361328125,44229.280138778646,41.32743144644992,48804.664009775486,40613.80825584951,2047.7139384814964
2022-04-09,42782.13671875,42786.81640625,42183.25390625,42282.078125,16050772496,2022,4,9,2,0,4,0.6666666666666666,0.3333333333333333,0.0,44785.9517578125,44091.45695591878,42.9706164947551,48659.863124721305,40912.0403909037,1936.955683454401
2022-04-10,42207.671875,43376.37890625,42021.20703125,42781.08984375,17654475582,2022,4,10,2,3,3,0.375,0.25,0.375,44842.435546875,43912.04885297413,27.991957782083333,48516.49633348457,41168.37476026543,1837.0303933047828
2022-04-11,39521.90234375,42424.58984375,39373.05859375,42201.0390625,33949912166,2022,4,11,30,10,25,0.3846153846153846,0.4615384615384615,0.1538461538461538,44700.590234375,43493.93966161946,20.42293956027264,48952.05936799996,40449.12110075004,2125.7345668124813
2022-04-12,40127.18359375,40617.5859375,39388.328125,39533.71484375,30991500854,2022,4,12,22,9,26,0.4561403508771929,0.3859649122807017,0.1578947368421052,44562.3015625,43173.296226584265,22.045045339967928,49221.69472132459,39902.90840367541,2329.696579412296
2022-04-13,41166.73046875,41430.0546875,39712.74609375,40123.5703125,27691105228,2022,4,13,14,8,12,0.3529411764705882,0.4117647058823529,0.2352941176470588,44422.59140625,42982.19472583815,28.57916118973327,49319.42428075736,39525.75853174264,2448.416437253681
2022-04-14,39935.515625,41451.48046875,39695.74609375,41160.21875,24342001973,2022,4,14,9,5,11,0.44,0.36,0.2,44201.9306640625,42692.03481147261,29.20036460035631,49494.521081852734,38909.340246272266,2646.2952088951183
2022-04-15,40553.46484375,40617.72265625,39866.83203125,39939.40234375,21756855753,2022,4,15,2,3,7,0.5833333333333334,0.1666666666666666,0.25,44004.5625,42488.36148121331,28.537062439222595,49539.09652452427,38470.02847547573,2767.2670122621366
2022-04-16,40424.484375,40633.6796875,40078.42578125,40552.31640625,16833150693,2022,4,16,0,1,1,0.5,0.0,0.5,43684.762109375,42291.80175681204,29.156970058229007,49273.08868697759,38096.43553177241,2794.1632888012946
2022-04-17,39716.953125,40570.7265625,39620.89453125,40417.77734375,19087633042,2022,4,17,2,4,4,0.4,0.2,0.4,43314.2095703125,42046.578077591854,24.450687098535724,48923.99484785895,37704.42429276605,2804.892638773223
2022-04-18,40826.21484375,40986.3203125,38696.19140625,39721.203125,33705182072,2022,4,18,18,2,14,0.4117647058823529,0.5294117647058824,0.0588235294117647,42982.2337890625,41930.35300770216,29.47967014670596,48337.64158597502,37626.82599214998,2677.703898456262
2022-04-19,41502.75,41672.9609375,40618.6328125,40828.17578125,25303206547,2022,4,19,15,5,20,0.5,0.375,0.125,42704.2380859375,41889.62891173052,35.24328813723231,47735.19894498336,37673.27722689164,2515.4804295229283
2022-04-20,41374.37890625,42126.30078125,40961.09765625,41501.74609375,27819532341,2022,4,20,17,5,16,0.4210526315789473,0.4473684210526316,0.131578947368421,42496.0232421875,41840.55748263714,42.04198905825239,47375.4669982551,37616.579486119896,2439.7218780338007
2022-04-21,40527.36328125,42893.58203125,40063.828125,41371.515625,35372786395,2022,4,21,17,7,17,0.4146341463414634,0.4146341463414634,0.1707317073170731,42208.3091796875,41715.49136821932,37.66232083989093,46819.091048841576,37597.52731053343,2305.390934577036
2022-04-22,39740.3203125,40777.7578125,39315.41796875,40525.86328125,28011716745,2022,4,22,10,6,6,0.2727272727272727,0.4545454545454545,0.2727272727272727,41901.877734375,41527.37983910319,39.05162919386466,46297.91419806214,37505.84127068785,2198.018231843572
2022-04-23,39486.73046875,39935.859375,39352.203125,39738.72265625,16138021249,2022,4,23,0,2,0,0.0,0.0,1.0,41553.5359375,41333.03228002193,35.537018077184456,45513.40369719516,37593.66817780484,1979.9338798475796
2022-04-24,39469.29296875,39845.92578125,39233.5390625,39478.375,17964398167,2022,4,24,2,4,6,0.5,0.1666666666666666,0.3333333333333333,41195.866796875,41155.53329799603,37.3638872415863,44458.79963703034,37932.93395671967,1631.466420077668
2022-04-25,40458.30859375,40491.75390625,38338.37890625,39472.60546875,35445730570,2022,4,25,17,8,13,0.3421052631578947,0.4473684210526316,0.2105263157894736,40940.9826171875,41089.13094521069,55.123260010788506,43487.63989774404,38394.325336630965,1273.328640278267
2022-04-26,38117.4609375,40713.890625,37884.984375,40448.421875,34569088416,2022,4,26,10,7,23,0.575,0.25,0.175,40686.51875,40806.11475400016,40.75933488778593,43296.19868396486,38076.838816035146,1304.8399669824269
2022-04-27,39241.12109375,39397.91796875,37997.3125,38120.30078125,30981015184,2022,4,27,12,7,11,0.3666666666666666,0.4,0.2333333333333333,40473.382421875,40657.06773873824,41.21404566394949,42794.58128546746,38152.183558282544,1160.5994317962277
2022-04-28,39773.828125,40269.46484375,38941.421875,39241.4296875,33903704907,2022,4,28,8,4,17,0.5862068965517241,0.2758620689655172,0.1379310344827586,40347.690625,40572.949680286976,49.2120450203423,42522.89150222651,38172.4897477735,1087.600438613253
2022-04-29,38609.82421875,39887.26953125,38235.53515625,39768.6171875,30882994649,2022,4,29,5,4,17,0.6538461538461539,0.1923076923076923,0.1538461538461538,40139.075,40385.98535061679,41.00666007310753,42123.10926594339,38155.0407340566,992.0171329716972
2022-04-30,37714.875,38771.2109375,37697.94140625,38605.859375,23895713731,2022,4,30,3,2,2,0.2857142857142857,0.4285714285714285,0.2857142857142857,39914.43515625,40131.59388865328,38.29235787989836,41929.44479555402,37899.42551694598,1007.5048196520096
2022-05-01,38469.09375,38627.859375,37585.7890625,37713.265625,27002760110,2022,5,1,8,2,11,0.5238095238095238,0.3809523809523809,0.0952380952380952,39861.7947265625,39973.26054211488,44.62993246314521,41972.7068639445,37750.882589180495,1055.4560686909992
2022-05-02,38529.328125,39074.97265625,38156.5625,38472.1875,32922642426,2022,5,2,34,4,11,0.2244897959183673,0.6938775510204082,0.0816326530612244,39781.901953125,39835.74316905632,39.134496872488064,41970.05867003242,37593.74523621758,1094.0783584537078
2022-05-03,37750.453125,38629.99609375,37585.62109375,38528.109375,27326943244,2022,5,3,26,11,21,0.3620689655172414,0.4482758620689655,0.1896551724137931,39611.0880859375,39637.14411724143,32.41984697059763,41876.09085872215,37346.08531315286,1132.5013863923225
2022-05-04,39698.37109375,39902.94921875,37732.05859375,37748.01171875,36754404490,2022,5,4,19,7,24,0.48,0.38,0.14,39599.230859375,39642.97525786129,43.29141529813361,41859.560673797554,37338.90104495244,1130.1649072112791
2022-05-05,36575.140625,39789.28125,35856.515625,39695.74609375,43106256317,2022,5,5,18,9,13,0.325,0.45,0.225,39400.3146484375,39350.80053092212,36.618720240685256,41984.12610080487,36816.50319607014,1291.9057261836822
2022-05-06,36040.921875,36624.359375,35482.1328125,36573.18359375,37795577489,2022,5,6,18,4,17,0.4358974358974359,0.4615384615384615,0.1025641025641025,39181.1365234375,39035.57399226287,37.25655414584576,42118.632874859184,36243.64017201581,1468.7481757108442
2022-05-07,35501.953125,36129.92578125,34940.82421875,36042.50390625,24375896406,2022,5,7,2,1,5,0.625,0.25,0.125,38970.3865234375,38699.03867157117,36.53817375245884,42321.684234953325,35619.08881192167,1675.648855757914
2022-05-08,34059.265625,35502.94140625,33878.96484375,35502.94140625,36763041910,2022,5,8,7,4,9,0.45,0.35,0.2,38632.0390625,38257.155524278685,33.32866284023278,42518.14419709625,34745.93392790375,1943.0525672981223
2022-05-09,30296.953125,34222.07421875,30296.953125,34060.015625,63355494961,2022,5,9,46,13,16,0.2133333333333333,0.6133333333333333,0.1733333333333333,38071.74921875,37499.04101006167,23.257946983171863,43236.15766655859,32907.34077094142,2582.204223904292
2022-05-10,31022.90625,32596.30859375,29944.802734375,30273.654296875,59811038817,2022,5,10,22,5,16,0.3720930232558139,0.5116279069767442,0.1162790697674418,37554.1755859375,36882.26627100817,29.59451163610086,43359.96161935588,31748.389552519115,2902.893016709191
2022-05-11,28936.35546875,32013.40234375,28170.4140625,31016.18359375,70388855818,2022,5,11,28,5,18,0.3529411764705882,0.5490196078431373,0.0980392156862745,36974.6251953125,36125.5128612693,21.9167652446736,43761.894623136366,30187.35576748864,3393.634713911932
2022-05-12,29047.751953125,30032.439453125,26350.490234375,28936.734375,66989173272,2022,5,12,29,6,18,0.3396226415094339,0.5471698113207547,0.1132075471698113,36439.99677734375,35451.44039382698,20.081544019224523,43955.42755420298,28924.566000484527,3757.7153884296135
2022-05-13,29283.103515625,30924.802734375,28782.330078125,29030.91015625,42841124537,2022,5,13,12,4,26,0.6190476190476191,0.2857142857142857,0.0952380952380952,35929.8154296875,34863.97973876013,22.56340926836808,43943.23717982821,27916.3936795468,4006.710875070351
2022-05-14,30101.265625,30192.802734375,28702.91015625,29285.642578125,28579868620,2022,5,14,20,2,5,0.1851851851851851,0.7407407407407407,0.074074074074074,35461.4140625,34410.38791840202,27.50125821301431,43695.83480334871,27226.99332165129,4117.210370424352
2022-05-15,31305.11328125,31308.19140625,29527.740234375,30098.5859375,25835372065,2022,5,15,12,2,7,0.3333333333333333,0.5714285714285714,0.0952380952380952,35003.754296875,34114.64747676849,29.37794674411832,43084.84118910106,26922.66740464893,4040.543446113031
2022-05-16,29862.91796875,31305.341796875,29251.884765625,31304.375,32613897286,2022,5,16,23,5,17,0.3777777777777777,0.5111111111111111,0.1111111111111111,34591.0271484375,33709.72085695721,26.89162859887256,42843.873427288825,26338.180869586165,4126.423139425666
2022-05-17,30425.857421875,30694.490234375,29570.302734375,29862.408203125,29101473475,2022,5,17,22,8,26,0.4642857142857143,0.3928571428571428,0.1428571428571428,34150.26396484375,33396.97195837795,30.241957705213597,42298.3643189369,26002.16361075059,4074.050177046577
2022-05-18,28720.271484375,30618.716796875,28720.271484375,30424.478515625,31285268319,2022,5,18,21,9,18,0.375,0.4375,0.1875,33597.5861328125,32951.57191323482,19.994371262433376,41638.41746991809,25556.75479570692,4020.415668552791
2022-05-19,30314.333984375,30430.751953125,28708.955078125,28720.359375,33773447707,2022,5,19,9,5,19,0.5757575757575758,0.2727272727272727,0.1515151515151515,33182.81162109375,32700.406396200546,31.32689143448192,40987.36571590705,25378.257526280453,3902.2770474066488
2022-05-20,29200.740234375,30664.9765625,28793.60546875,30311.119140625,30749382605,2022,5,20,10,4,14,0.5,0.3571428571428571,0.1428571428571428,32757.1048828125,32367.104856979066,30.28039532306967,40448.80001399829,25065.40975162671,3845.847565592894
2022-05-21,29432.2265625,29588.869140625,29027.39453125,29199.859375,17274840442,2022,5,21,5,1,4,0.4,0.5,0.1,32305.2615234375,32087.59263845725,32.185718399870865,39637.4555234486,24973.0675234264,3666.097000005552
2022-05-22,30323.72265625,30425.861328125,29275.18359375,29432.47265625,21631532270,2022,5,22,3,3,7,0.5384615384615384,0.2307692307692307,0.2307692307692307,31894.98125,31919.60502110418,38.66982706510182,38656.88646612917,25133.076033870835,3380.952608064582
2022-05-23,29098.91015625,30590.5859375,28975.560546875,30309.396484375,31483454557,2022,5,23,14,6,23,0.5348837209302325,0.3255813953488372,0.1395348837209302,31462.4041015625,31650.967414927592,45.70514904875813,37736.41017704197,25188.398026083032,3137.0030377397347
2022-05-24,29655.5859375,29774.35546875,28786.58984375,29101.125,26616506245,2022,5,24,20,8,5,0.1515151515151515,0.6060606060606061,0.2424242424242424,30960.26484375,31460.93108374401,45.0380867813863,35931.032782172515,25989.496905327487,2485.3839692112565
2022-05-25,29562.361328125,30157.78515625,29384.94921875,29653.134765625,27525063551,2022,5,25,9,8,18,0.5142857142857142,0.2571428571428571,0.2285714285714285,30609.62587890625,31280.114916542203,52.655981695217626,34848.1431603852,26371.1085974273,2119.258640739473
2022-05-26,29267.224609375,29834.16015625,28261.90625,29564.77734375,36774325352,2022,5,26,16,4,15,0.4285714285714285,0.4571428571428571,0.1142857142857142,30270.941015625,31088.411077764376,50.91687081464017,33684.31418225153,26857.567848998475,1706.686583313264
2022-05-27,28627.57421875,29346.943359375,28326.61328125,29251.140625,36582005748,2022,5,27,16,2,7,0.28,0.64,0.08,29927.2220703125,30854.04566262015,47.350940637032046,32368.839965883853,27485.604174741144,1220.8089477856774
2022-05-28,28814.900390625,28814.900390625,28554.56640625,28622.625,35519577634,2022,5,28,3,4,7,0.5,0.2142857142857142,0.2857142857142857,29665.00380859375,30659.841351001563,44.52239142862988,31194.050467106703,28135.957150080794,764.5233292564764
2022-05-29,29445.95703125,29498.009765625,28841.107421875,29019.8671875,18093886409,2022,5,29,2,3,11,0.6875,0.125,0.1875,29622.45400390625,30544.233320549032,41.67733934500648,31124.58122068919,28120.326787123307,751.0636083914698
2022-05-30,31726.390625,31949.630859375,29303.572265625,29443.365234375,39277993274,2022,5,30,16,4,12,0.375,0.5,0.125,29657.62822265625,30656.819730496743,57.75963226048866,31322.015110362296,27993.24133495021,832.1934438530219
2022-05-31,31792.310546875,32249.86328125,31286.154296875,31723.865234375,33538210634,2022,5,31,16,5,16,0.4324324324324324,0.4324324324324324,0.1351351351351351,29800.4259765625,30764.96171300896,55.93570115228064,31680.357828700136,27920.494124424866,939.9659260688184
2022-06-01,29799.080078125,31957.28515625,29501.587890625,31792.5546875,41135817341,2022,6,1,19,8,16,0.3720930232558139,0.4418604651162791,0.1860465116279069,29837.9923828125,30672.97298587716,54.57195689853542,31684.322559679826,27991.662205945173,923.1650884336634
2022-06-02,30467.48828125,30604.734375,29652.705078125,29794.890625,29083562061,2022,6,2,17,4,10,0.3225806451612903,0.5483870967741935,0.1290322580645161,29897.21162109375,30653.4030140079,50.70432276242904,31744.58055510265,28049.842687084853,923.6844670044492
2022-06-03,29704.390625,30633.03515625,29375.689453125,30467.806640625,26175547452,2022,6,3,9,3,17,0.5862068965517241,0.3103448275862069,0.1034482758620689,29877.36787109375,30563.020881721437,52.39333083483735,31724.033903013165,28030.701839174333,923.3330159597087
2022-06-04,29832.9140625,29930.564453125,29500.005859375,29706.138671875,16588370958,2022,6,4,3,0,2,0.4,0.6,0.0,29803.75791015625,30493.48689893844,51.92287071911195,31523.82424711176,28083.691573200744,860.0331684777539
2022-06-05,29906.662109375,30117.744140625,29574.44921875,29835.1171875,17264085441,2022,6,5,8,3,5,0.3125,0.5,0.1875,29805.9451171875,30437.59882374192,47.82809112669928,31526.43939445037,28085.45083992463,860.247138631436
2022-06-06,31370.671875,31693.291015625,29894.1875,29910.283203125,31947336829,2022,6,6,38,6,9,0.1698113207547169,0.7169811320754716,0.1132075471698113,29853.18583984375,30526.46292386174,61.54298686899923,31693.08987020812,28013.28180947938,919.952015182186
2022-06-07,31155.478515625,31489.68359375,29311.68359375,31371.7421875,40770974039,2022,6,7,20,8,22,0.44,0.4,0.16,29974.94619140625,30586.369170696336,57.89503660660183,31821.472495283837,28128.419887528664,923.2631519387916
2022-06-08,30214.35546875,31253.69140625,29944.404296875,31151.48046875,30242059107,2022,6,8,22,6,16,0.3636363636363636,0.5,0.1363636363636363,29969.947265625,30550.93929432049,53.150686793299066,31813.14329139476,28126.75123985524,921.59801288488
2022-06-09,30111.998046875,30609.310546875,30020.265625,30215.279296875,21692004719,2022,6,9,8,3,8,0.4210526315789473,0.4210526315789473,0.1578947368421052,30015.51015625,30509.13536599235,54.15977416709112,31823.358221431125,28207.662091068876,903.9240325905628
2022-06-10,29083.8046875,30245.80859375,28978.146484375,30110.330078125,29867476527,2022,6,10,13,5,9,0.3333333333333333,0.4814814814814814,0.1851851851851851,29998.0890625,30373.38958708832,52.163743080079335,31836.067352092457,28160.11077290754,918.9891447962286
2022-06-11,28360.810546875,29401.916015625,28236.212890625,29084.666015625,27246574439,2022,6,11,13,1,4,0.2222222222222222,0.7222222222222222,0.0555555555555555,29899.94345703125,30181.715392782287,47.95054163513798,31869.62269459388,27930.264219468627,984.8396187813128
2022-06-12,26762.6484375,28502.685546875,26762.6484375,28373.513671875,34163220274,2022,6,12,8,3,3,0.2142857142857142,0.5714285714285714,0.2142857142857142,29783.13037109375,29856.08996846969,38.86168241817006,32182.969495938563,27383.291246248937,1199.9195624224064
2022-06-13,22487.388671875,26795.58984375,22141.2578125,26737.578125,68204556440,2022,6,13,59,5,16,0.2,0.7375,0.0625,29424.7205078125,29154.308892603527,17.098088596753215,33476.9780703293,25372.4629452957,2026.128781258399
2022-06-14,22206.79296875,23018.951171875,20950.818359375,22487.986328125,50913575242,2022,6,14,42,12,28,0.3414634146341463,0.5121951219512195,0.1463414634146341,29056.94208984375,28492.640709379382,16.378157889003873,34235.299329779955,23878.584849907544,2589.1786199681032
2022-06-15,22572.83984375,22642.671875,20178.376953125,22196.73046875,54912007015,2022,6,15,36,14,16,0.2424242424242424,0.5454545454545454,0.2121212121212121,28722.2228515625,27928.85015074801,21.3873751447902,34653.96966849976,22790.47603462524,2965.873408468632
2022-06-16,20381.650390625,22868.921875,20265.2265625,22576.3046875,31183975654,2022,6,16,24,8,12,0.2727272727272727,0.5454545454545454,0.1818181818181818,28309.92666015625,27210.069221212485,14.362241380428827,35318.01407924661,21301.83924106588,3504.043709545183
2022-06-17,20471.482421875,21243.3125,20326.51953125,20385.71875,27132421514,2022,6,17,24,8,6,0.1578947368421052,0.631578947368421,0.2105263157894736,27892.75576171875,26568.29904984701,15.746265293265935,35719.74957177701,20065.761951660486,3913.49690502913
2022-06-18,19017.642578125,20736.041015625,17708.623046875,20473.42578125,42009436760,2022,6,18,4,2,8,0.5714285714285714,0.2857142857142857,0.1428571428571428,27371.3400390625,25849.18890968301,13.468202456212993,36100.13588305578,18642.54419506922,4364.397921996641
2022-06-19,20553.271484375,20683.822265625,18067.15234375,19010.90234375,35329942625,2022,6,19,9,3,7,0.3684210526315789,0.4736842105263157,0.1578947368421052,26812.68408203125,25344.81582155844,21.24586274732552,35794.40914026224,17830.959023800264,4490.862529115494
2022-06-20,20599.537109375,20913.322265625,19689.169921875,20553.37109375,30818458597,2022,6,20,25,3,11,0.282051282051282,0.6410256410256411,0.0769230769230769,26253.04541015625,24892.884515636204,13.72544711893086,35322.736817500474,17183.354002812026,4534.845703672112
2022-06-21,20710.59765625,21620.62890625,20415.0625,20594.294921875,28970212744,2022,6,21,20,6,16,0.3809523809523809,0.4761904761904761,0.1428571428571428,25798.6212890625,24494.571481408948,14.575729132235097,35029.53075178739,16567.71182633761,4615.454731362443
2022-06-22,19987.029296875,20835.75,19848.078125,20719.4140625,28574793478,2022,6,22,25,4,16,0.3555555555555555,0.5555555555555556,0.0888888888888888,25274.59833984375,24065.28174954857,14.794043726082606,34579.15643772048,15970.04024196702,4652.279048938364
2022-06-23,21085.876953125,21135.76171875,19950.1171875,19986.607421875,26188097173,2022,6,23,18,8,10,0.2777777777777778,0.5,0.2222222222222222,24843.67265625,23781.528911793943,20.9237825594564,34082.47748787346,15604.867824626544,4619.402415811729
2022-06-24,21231.65625,21472.91796875,20777.51171875,21084.6484375,24957784918,2022,6,24,7,5,10,0.4545454545454545,0.3181818181818182,0.2272727272727272,24413.609765625,23538.683896385,23.180850047577096,33473.57079512482,15353.648736125177,4529.980514749911
2022-06-25,21502.337890625,21520.9140625,20964.5859375,21233.609375,18372538715,2022,6,25,3,2,2,0.2857142857142857,0.4285714285714285,0.2857142857142857,23993.3935546875,23344.746181550712,25.827906746222965,32755.32067288124,15231.46643649376,4380.96355909687
2022-06-26,21027.294921875,21783.724609375,21016.26953125,21496.494140625,18027170497,2022,6,26,3,2,3,0.375,0.375,0.25,23476.22470703125,23124.03653777207,28.048407263541463,31602.701586713632,15349.74782734887,4063.23843984119
2022-06-27,20735.478515625,21478.08984375,20620.19921875,21028.23828125,20965695707,2022,6,27,20,2,17,0.4358974358974359,0.5128205128205128,0.0512820512820512,22955.22470703125,22896.55482137711,40.35312514787936,30307.992268904814,15602.457145157685,3676.3837809367833
2022-06-28,20280.634765625,21164.423828125,20228.8125,20731.544921875,21381535161,2022,6,28,23,4,17,0.3863636363636363,0.5227272727272727,0.0909090909090909,22458.538671875,22647.41957797215,39.59333301676242,29049.19662127616,15867.880722473845,3295.3289747005783
2022-06-29,20104.0234375,20364.15625,19937.791015625,20281.169921875,23552740328,2022,6,29,17,9,15,0.3658536585365853,0.4146341463414634,0.2195121951219512,21958.13994140625,22405.191374117658,36.38271219774528,27545.437410215243,16370.842472597258,2793.6487344044967
2022-06-30,19784.7265625,20141.16015625,18729.65625,20108.3125,26267239923,2022,6,30,27,9,15,0.2941176470588235,0.5294117647058824,0.1764705882352941,21493.18603515625,22155.623296820737,45.85072803176866,26033.29910392449,16953.07296638801,2270.0565343841204
2022-07-01,19269.3671875,20632.671875,19073.708984375,19820.470703125,30767551159,2022,7,1,11,9,7,0.2592592592592592,0.4074074074074074,0.3333333333333333,21038.6138671875,21880.74176259971,42.11069936640309,24333.214343951568,17744.013390423435,1647.3002383820335
2022-07-02,19242.255859375,19371.748046875,19027.08203125,19274.8359375,18100418740,2022,7,2,2,0,2,0.5,0.5,0.0,20662.59423828125,21629.457390864023,51.81376290903585,22672.720106858746,18652.46836970376,1005.0629342887462
2022-07-03,19297.076171875,19558.26953125,18966.951171875,19242.095703125,16390821947,2022,7,3,9,3,6,0.3333333333333333,0.5,0.1666666666666666,20503.07861328125,21407.3258461984,36.66772246097362,22407.02126545639,18599.13596110611,951.9713260875712
2022-07-04,20231.26171875,20258.748046875,19063.06640625,19297.314453125,21594638208,2022,7,4,15,3,7,0.28,0.6,0.12,20404.30205078125,21295.31973882236,46.71125450474256,22132.997594357195,18675.606507205302,864.347771787973
2022-07-05,20190.115234375,20635.466796875,19341.232421875,20225.353515625,26715546990,2022,7,5,16,6,14,0.3888888888888889,0.4444444444444444,0.1666666666666666,20285.1658203125,21190.06216697023,45.293254277342406,21680.971216632755,18889.36042399225,697.9026981601268
2022-07-06,20548.24609375,20595.529296875,19823.51171875,20194.619140625,24598943708,2022,7,6,13,10,9,0.28125,0.40625,0.3125,20293.49560546875,21128.936826663543,55.43427814725843,21693.706837460708,18893.284373476792,700.105615995979
2022-07-07,21637.587890625,21771.81640625,20296.103515625,20547.814453125,25814972520,2022,7,7,9,4,17,0.5666666666666667,0.3,0.1333333333333333,20351.80087890625,21177.37978513606,55.35208534961466,21874.936444177525,18828.665313634978,761.567782635636
2022-07-08,21731.1171875,22314.94140625,21257.453125,21637.154296875,49899834488,2022,7,8,8,5,20,0.6060606060606061,0.2424242424242424,0.1515151515151515,20487.474609375,21230.11668059929,54.894835045950096,21993.540390299822,18981.40882845017,753.0328904624131
2022-07-09,21592.20703125,21877.138671875,21445.95703125,21716.828125,29641127858,2022,7,9,3,0,9,0.75,0.25,0.0,20539.42138671875,21264.60147589936,50.90408945599016,22124.632466132018,18954.21030730548,792.6055397066341
2022-07-10,20860.44921875,21591.080078125,20727.123046875,21591.080078125,28688807249,2022,7,10,4,5,7,0.4375,0.25,0.3125,20552.4669921875,21226.110784742283,48.40395896647164,22144.042742474747,18960.89124190025,795.7878751436245
2022-07-11,19970.556640625,20856.353515625,19924.5390625,20856.353515625,24150249025,2022,7,11,22,6,25,0.4716981132075472,0.4150943396226415,0.1132075471698113,20515.46494140625,21106.53419958825,43.43407654588569,22125.860108169265,18905.06977464324,805.1975833815072
2022-07-12,19323.9140625,20043.4453125,19308.53125,19970.474609375,25810220018,2022,7,12,22,5,18,0.4,0.4888888888888889,0.1111111111111111,20482.3091796875,20936.76085319889,42.04950449089113,22164.23057426437,18800.387785110637,840.960697288434
2022-07-13,20212.07421875,20223.052734375,18999.953125,19325.97265625,33042430345,2022,7,13,16,15,19,0.38,0.32,0.3,20438.61904296875,20867.74307848948,50.80295928859101,22099.79423315593,18777.44385278157,830.5875950935915
2022-07-14,20569.919921875,20789.89453125,19689.2578125,20211.466796875,31158743333,2022,7,14,12,5,15,0.46875,0.375,0.15625,20405.5322265625,20839.37896833572,55.80177791555147,22026.06342407388,18785.00102905112,810.2655987556909
2022-07-15,20836.328125,21138.244140625,20397.0,20573.15625,25905575359,2022,7,15,9,5,14,0.5,0.3214285714285714,0.1785714285714285,20372.23173828125,20839.08841182756,62.02047491936248,21923.76751129741,18820.695965265088,775.7678865080824
2022-07-16,21190.31640625,21514.404296875,20518.8984375,20834.103515625,24302954056,2022,7,16,3,1,4,0.5,0.375,0.125,20380.3828125,20872.53869701065,64.23030620196735,21948.03787728906,18812.72774771094,783.8275323945304
2022-07-17,20779.34375,21600.640625,20778.1796875,21195.041015625,22927802083,2022,7,17,2,3,9,0.6428571428571429,0.1428571428571428,0.2142857142857142,20382.57607421875,20863.66298777154,60.29222101041345,21952.444125904218,18812.70802253328,784.9340258427346
2022-07-18,22485.689453125,22633.033203125,20781.912109375,20781.912109375,39974475562,2022,7,18,10,2,24,0.6666666666666666,0.2777777777777778,0.0555555555555555,20492.82880859375,21018.14169875758,64.137760572513,22321.02248824364,18664.635128943857,914.0968398249458
2022-07-19,23389.43359375,23666.962890625,21683.40625,22467.849609375,48765202697,2022,7,19,20,3,18,0.4390243902439024,0.4878048780487805,0.073170731707317,20657.09931640625,21243.979022090192,68.10456019556737,22884.93004270954,18429.26859010296,1113.915363151645
2022-07-20,23231.732421875,24196.818359375,23009.94921875,23393.19140625,42932549127,2022,7,20,12,9,14,0.4,0.3428571428571428,0.2571428571428571,20829.449609375,21433.288869688746,65.5379946318264,23293.889343946004,18365.009874803996,1232.2198672855036
2022-07-21,23164.62890625,23388.322265625,22431.1484375,23233.201171875,33631012204,2022,7,21,11,6,15,0.46875,0.34375,0.1875,21024.2126953125,21598.178396980296,60.02916474360142,23583.38617282272,18465.03921780228,1279.58673875511
2022-07-22,22714.978515625,23671.927734375,22603.416015625,23163.751953125,31421555646,2022,7,22,17,5,12,0.3529411764705882,0.5,0.1470588235294117,21197.848828125,21704.540313041696,56.172958569831664,23718.910884172077,18676.786772077925,1260.5310280235378
2022-07-23,22465.478515625,22977.2109375,22002.91015625,22706.984375,24021799169,2022,7,23,2,0,2,0.5,0.5,0.0,21356.2689453125,21777.01061804963,55.404099726045146,23770.34349362641,18942.194396998588,1207.0372741569545
2022-07-24,22609.1640625,22974.001953125,22306.83984375,22465.509765625,23565495303,2022,7,24,7,3,5,0.3333333333333333,0.4666666666666667,0.2,21475.1640625,21856.263327044904,61.67110738010074,23890.1708546846,19060.1572703154,1207.5033960923008
2022-07-25,21361.701171875,22649.12109375,21361.642578125,22607.15625,35574561406,2022,7,25,17,8,15,0.375,0.425,0.2,21533.743359375,21809.16216940968,58.86168394713242,23873.15926651936,19194.32745223064,1169.7079535721812
2022-07-26,21239.75390625,21361.12109375,20776.81640625,21361.12109375,28624673855,2022,7,26,20,1,14,0.4,0.5714285714285714,0.0285714285714285,21568.31875,21754.932811013517,63.07826989412696,23866.48428943665,19270.153210563345,1149.0827697183263
2022-07-27,22930.548828125,22986.529296875,21070.806640625,21244.169921875,31758955233,2022,7,27,6,2,23,0.7419354838709677,0.1935483870967742,0.064516129032258,21632.966796875,21866.89624121461,66.72464811596738,24010.70203928387,19255.23155446613,1188.8676212044363
2022-07-28,23843.88671875,24110.470703125,22722.265625,22933.640625,40212386158,2022,7,28,12,4,12,0.4285714285714285,0.4285714285714285,0.1428571428571428,21738.6052734375,22055.181048598934,68.85351589344131,24314.201753820755,19163.008793054247,1287.798240191627
2022-07-29,23804.6328125,24294.787109375,23481.173828125,23845.212890625,35887249746,2022,7,29,4,4,11,0.5789473684210527,0.2105263157894736,0.2105263157894736,21849.2265625,22221.7955023038,67.5525326791724,24583.506330896413,19114.946794103587,1367.1398841982066
2022-07-30,23656.20703125,24572.580078125,23580.5078125,23796.818359375,28148218301,2022,7,30,1,0,4,0.8,0.2,0.0,21989.014453125,22358.4061241082,64.94492611439213,24795.362238450896,19182.666667799105,1403.173892662947
2022-07-31,23336.896484375,24121.642578125,23275.703125,23652.0703125,23553591896,2022,7,31,4,0,0,0.0,1.0,0.0,22157.3314453125,22451.595682228846,65.67461433731279,24855.675745458127,19458.98714516687,1349.1721500728145
2022-08-01,23314.19921875,23464.787109375,22890.796875,23336.71875,25849159141,2022,8,1,16,6,19,0.4634146341463415,0.3902439024390244,0.1463414634146341,22356.845703125,22533.748399992764,56.39813900620904,24745.37154308281,19968.31986316719,1194.2629199789044
2022-08-02,22978.1171875,23415.041015625,22710.083984375,23308.43359375,28389250717,2022,8,2,14,7,7,0.25,0.5,0.25,22495.1478515625,22576.069236898213,46.51837082886958,24671.692596193298,20318.6031069317,1088.2723723153993
2022-08-03,22846.5078125,23578.650390625,22747.8359375,22981.302734375,26288169966,2022,8,3,14,7,19,0.475,0.35,0.175,22608.97724609375,22601.825291717432,46.72476030396536,24591.012722448864,20626.941769738634,991.0177381775576
2022-08-04,22630.95703125,23198.009765625,22485.701171875,22848.21484375,25120229769,2022,8,4,9,3,7,0.3684210526315789,0.4736842105263157,0.1578947368421052,22698.70869140625,22604.599743101484,45.57435262516496,24496.79952390798,20900.61785890452,899.0454162508655
2022-08-05,23289.314453125,23422.828125,22612.177734375,22626.833984375,28881249043,2022,8,5,7,5,6,0.3333333333333333,0.3888888888888889,0.2777777777777778,22803.65859375,22669.81066786563,54.603514739513024,24471.348378671148,21135.96880882885,833.8448924605748
2022-08-06,22961.279296875,23326.5625,22961.279296875,23291.423828125,15978259885,2022,8,6,0,2,0,0.0,0.0,1.0,22912.75537109375,22697.56958491414,53.924616443532216,24281.55048873401,21543.96025345349,684.3975588201306
2022-08-07,23175.890625,23359.009765625,22894.556640625,22963.505859375,15886817043,2022,8,7,1,1,5,0.7142857142857143,0.1428571428571428,0.1428571428571428,22947.2654296875,22743.12396968422,54.43623203118407,24305.486893106325,21589.04396626868,679.1107317094128
2022-08-08,23809.486328125,24203.689453125,23176.546875,23179.52734375,28575544847,2022,8,8,21,7,10,0.2631578947368421,0.5526315789473685,0.1842105263157894,22968.26806640625,22844.68228953572,71.1980495844508,24367.64584617644,21568.89028663606,699.6888898850956
2022-08-09,23164.318359375,23898.615234375,22982.0,23811.484375,23555719219,2022,8,9,11,3,9,0.391304347826087,0.4782608695652174,0.1304347826086956,22964.89736328125,22875.123819996606,65.28201038655052,24361.925888621903,21567.868837940598,698.5142626703273
2022-08-10,23947.642578125,24127.4140625,22771.51953125,23162.8984375,32837431722,2022,8,10,11,6,15,0.46875,0.34375,0.1875,23004.048046875,22977.268463627883,59.43612848233933,24466.97670833302,21541.11938541698,731.4643307290095
2022-08-11,23957.529296875,24822.62890625,23900.99609375,23948.345703125,37127036580,2022,8,11,7,3,11,0.5238095238095238,0.3333333333333333,0.1428571428571428,23066.1755859375,23070.62663822285,51.26666187736336,24581.99601367556,21550.35515819944,757.9102138690307
2022-08-12,24402.818359375,24412.56640625,23657.265625,23957.203125,27265804688,2022,8,12,8,7,9,0.375,0.3333333333333333,0.2916666666666667,23163.042578125,23197.502040237337,56.1139868446006,24762.532141668016,21563.553014581987,799.7447817715081
2022-08-13,24424.068359375,24860.05078125,24346.115234375,24402.1875,22987346289,2022,8,13,2,0,2,0.5,0.5,0.0,23253.78779296875,23314.31788015521,58.0576997254834,24925.279615390587,21582.29597054691,835.7459112109194
2022-08-14,24319.333984375,24974.9140625,24206.259765625,24429.056640625,22994133555,2022,8,14,5,0,1,0.1666666666666666,0.8333333333333334,0.0,23401.66943359375,23410.03369960471,60.79556234327368,24880.57163281763,21922.76723436987,739.4510996119409
2022-08-15,24136.97265625,25135.58984375,23839.775390625,24318.31640625,35123501685,2022,8,15,19,5,11,0.3142857142857143,0.5428571428571428,0.1428571428571428,23546.53037109375,23479.265981189976,58.7345932689349,24654.97346160068,22438.087280586824,554.2215452534639
2022-08-16,23883.291015625,24228.416015625,23733.5,24126.13671875,27753685646,2022,8,16,14,7,6,0.2222222222222222,0.5185185185185185,0.2592592592592592,23594.16748046875,23517.744555898076,59.78047126166558,24672.632031273253,22515.702929664247,539.2322754022523
2022-08-17,23335.998046875,24407.05859375,23243.353515625,23881.31640625,30931623076,2022,8,17,13,4,6,0.2608695652173913,0.5652173913043478,0.1739130434782608,23568.773046875,23500.43536456254,54.85303167553998,24646.39730550065,22491.148788249357,538.8121293128248
2022-08-18,23212.73828125,23563.83203125,23177.6015625,23341.0390625,23747613147,2022,8,18,10,4,15,0.5172413793103449,0.3448275862068966,0.1379310344827586,23539.1783203125,23473.0356423423,55.87557212819458,24622.026968110924,22456.32967251408,541.4243238992113
2022-08-19,20877.552734375,23213.3125,20868.84765625,23213.3125,40509610260,2022,8,19,16,4,13,0.3939393939393939,0.4848484848484848,0.1212121212121212,23400.24560546875,23225.846793964465,31.805373419344196,25006.42936156441,21794.06184937309,803.0918780478279
2022-08-20,21166.060546875,21350.806640625,20856.73046875,20872.841796875,27595671000,2022,8,20,2,0,1,0.3333333333333333,0.6666666666666666,0.0,23291.70380859375,23029.67667519404,36.375392365315086,25183.854801715475,21399.552815472023,946.0754965608628
2022-08-21,21534.12109375,21668.845703125,21103.197265625,21160.392578125,23102307723,2022,8,21,2,3,2,0.2857142857142857,0.2857142857142857,0.4285714285714285,23202.69990234375,22887.242810294607,37.82358711567466,25251.384980408227,21154.01482427927,1024.3425390322395
2022-08-22,21398.908203125,21531.462890625,20939.18359375,21531.462890625,31666498758,2022,8,22,16,1,9,0.3461538461538461,0.6153846153846154,0.0384615384615384,23123.739453125,22745.49665723084,30.694416375777948,25324.9260783556,20922.5528278944,1100.5933126152993
2022-08-23,21528.087890625,21646.203125,20955.138671875,21401.044921875,31878280659,2022,8,23,9,3,10,0.4545454545454545,0.4090909090909091,0.1363636363636363,23057.81845703125,22629.552965173138,35.71533314690656,25370.12612766873,20745.510786393777,1156.1538353187364
2022-08-24,21395.01953125,21783.076171875,21195.005859375,21526.455078125,31962253368,2022,8,24,9,7,13,0.4482758620689655,0.3103448275862069,0.2413793103448276,22996.02158203125,22511.978352418555,24.860766428061154,25419.740110203955,20572.303053858548,1211.8592640863524
2022-08-25,21600.904296875,21789.63671875,21362.44140625,21395.458984375,31028679593,2022,8,25,12,0,10,0.4545454545454545,0.5454545454545454,0.0,22911.60107421875,22425.20939474774,27.65371736746971,25408.810031241203,20414.392117196297,1248.6044785112265
2022-08-26,20260.01953125,21804.908203125,20199.482421875,21596.0859375,42326789564,2022,8,26,8,4,6,0.3333333333333333,0.4444444444444444,0.2222222222222222,22776.5380859375,22219.000836319385,16.420073425460814,25540.39604056865,20012.680131306348,1381.9289773155751
2022-08-27,20041.73828125,20340.775390625,19890.5234375,20262.48046875,30116729776,2022,8,27,8,0,1,0.1111111111111111,0.8888888888888888,0.0,22619.83046875,22011.642497741348,15.57800493068052,25632.551855910813,19607.109081589184,1506.3606935804066
2022-08-29,20297.994140625,20357.462890625,19600.78515625,19615.154296875,32637854078,2022,8,29,10,7,11,0.3928571428571428,0.3571428571428571,0.25,22444.255859375,21848.437892301696,19.14786301938045,25572.14205483569,19316.36966391431,1563.9430977303446
2022-08-30,19796.80859375,20542.64453125,19617.640625,20298.611328125,34483360283,2022,8,30,12,4,15,0.4838709677419355,0.3870967741935484,0.1290322580645161,22275.88037109375,21653.044625772964,18.25481814010392,25597.133247093847,18954.627495093653,1660.626438000048
2022-08-31,20049.763671875,20420.990234375,19799.58203125,19799.58203125,33225232872,2022,8,31,16,6,13,0.3714285714285714,0.4571428571428571,0.1714285714285714,22080.98642578125,21500.3512015922,21.957521223672217,25446.353594250577,18715.61925731193,1682.6835842346636
2022-09-01,20127.140625,20198.390625,19653.96875,20050.498046875,30182031010,2022,9,1,11,6,20,0.5405405405405406,0.2972972972972973,0.1621621621621621,21889.4669921875,21369.569241916757,24.794133720032903,25241.12214483264,18537.811839542363,1675.8275763225683
2022-09-02,19969.771484375,20401.568359375,19814.765625,20126.072265625,29123998928,2022,9,2,10,2,11,0.4782608695652174,0.4347826086956521,0.0869565217391304,21667.8146484375,21236.25516976992,24.661978936650957,24903.96778266064,18431.66151421436,1618.0765671115705
2022-09-03,19832.087890625,20037.009765625,19698.35546875,19969.71875,23613051457,2022,9,3,2,1,5,0.625,0.25,0.125,21438.215625,21102.5249527085,37.55963625140375,24497.76178132344,18378.66946867656,1529.7730781617197
2022-09-04,19986.712890625,19999.689453125,19636.81640625,19832.470703125,25245861652,2022,9,4,2,1,1,0.25,0.5,0.25,21221.5845703125,20996.257137271976,35.5046600103321,24025.016476604276,18418.15266402073,1401.7159531458851
2022-09-05,19812.37109375,20031.16015625,19673.046875,19988.7890625,28813460025,2022,9,5,7,1,8,0.5,0.4375,0.0625,21005.3544921875,20883.506085507976,27.779883890456148,23513.55706311986,18497.15192125514,1254.10128546618
2022-09-06,18837.66796875,20155.26953125,18800.171875,19817.724609375,43403978910,2022,9,6,10,5,17,0.53125,0.3125,0.15625,20753.07333984375,20688.66436010245,22.83250250780725,23048.426140812677,18457.72053887483,1147.6764004844613
2022-09-07,19290.32421875,19427.171875,18644.466796875,18837.68359375,35239757134,2022,9,7,17,4,12,0.3636363636363636,0.5151515151515151,0.1212121212121212,20550.7896484375,20555.489108545076,27.787938581270936,22586.04845247668,18515.530844398323,1017.6294020195894
2022-09-08,19329.833984375,19417.3515625,19076.71484375,19289.94140625,32194477850,2022,9,8,7,8,17,0.53125,0.21875,0.25,20356.64443359375,20438.760049100303,29.11301088306209,22031.645600486045,18681.64326670145,837.5005834461472
2022-09-09,21381.15234375,21439.41015625,19310.962890625,19328.140625,48469528171,2022,9,9,8,6,11,0.44,0.32,0.24,20381.8244140625,20528.5116962098,48.38159366843275,22104.26623585912,18659.38259226588,861.2209108983113
2022-09-10,21680.5390625,21760.275390625,21168.72265625,21376.912109375,36913738894,2022,9,10,1,0,1,0.5,0.5,0.0,20407.54833984375,20638.22858823744,62.35739752262814,22193.50093595581,18621.59574373169,892.9762980560308
2022-09-11,21769.255859375,21770.552734375,21406.9453125,21678.54296875,34493951963,2022,9,11,4,0,1,0.2,0.8,0.0,20419.305078125,20745.94547120292,65.3746151083676,22239.255539562484,18599.354616687517,909.9752307187424
2022-09-12,22370.44921875,22439.181640625,21603.896484375,21770.1484375,50212088965,2022,9,12,24,5,11,0.275,0.6,0.125,20467.88212890625,20900.66011382645,67.37755836999318,22443.16039405453,18492.60386375797,987.6391325741412
2022-09-13,20296.70703125,22673.8203125,20062.669921875,22371.48046875,51091116622,2022,9,13,17,6,11,0.3235294117647059,0.5,0.1764705882352941,20406.3130859375,20843.140772628696,53.31692160314509,22318.195034697805,18494.4311371772,955.9409743801524
2022-09-14,20241.08984375,20467.201171875,19793.396484375,20184.5546875,37872380889,2022,9,14,13,4,10,0.3703703703703703,0.4814814814814814,0.1481481481481481,20348.6166015625,20785.80258892596,51.30362434156052,22203.670601744056,18493.56260138094,927.527000090778
2022-09-15,19701.2109375,20318.166015625,19636.734375,20242.2890625,36389011503,2022,9,15,14,4,20,0.5263157894736842,0.3684210526315789,0.1052631578947368,20253.63193359375,20682.50814593301,47.2699412615987,22031.643138407017,18475.620728780486,889.0056024066334
2022-09-16,19772.583984375,19870.62890625,19400.076171875,19704.005859375,30123362273,2022,9,16,14,2,8,0.3333333333333333,0.5833333333333334,0.0833333333333333,20229.26015625,20595.84870197511,48.7220091393562,22020.21843655537,18438.30187594463,895.479140152683
2022-09-17,20127.576171875,20162.53125,19777.033203125,19777.033203125,24957448100,2022,9,17,1,0,1,0.5,0.5,0.0,20233.55205078125,20551.25131815605,51.86262130615196,22023.02899232029,18444.075109242207,894.7384707695223
2022-09-18,19419.505859375,20127.234375,19387.4921875,20127.234375,31254779144,2022,9,18,4,2,1,0.1428571428571428,0.5714285714285714,0.2857142857142857,20189.62763671875,20443.46603636738,46.65778662866065,22015.206883003397,18364.048390434105,912.7896231423211
2022-09-19,19544.12890625,19639.48046875,18390.318359375,19418.572265625,40177002624,2022,9,19,20,3,18,0.4390243902439024,0.4878048780487805,0.073170731707317,20176.99365234375,20357.8148811181,48.41009279668081,22017.45597901484,18336.531325672662,920.231163335544
2022-09-20,18890.7890625,19602.45703125,18813.455078125,19545.591796875,36791346508,2022,9,20,21,6,15,0.3571428571428571,0.5,0.1428571428571428,20119.044921875,20218.098136487806,50.32732534825404,22047.26505329428,18190.82479045572,964.1100657096404
2022-09-21,18547.400390625,19674.630859375,18290.314453125,18891.283203125,46363793975,2022,9,21,9,3,19,0.6129032258064516,0.2903225806451613,0.0967741935483871,20040.05791015625,20058.984065453253,45.35971348523912,22092.316136908543,17987.799683403955,1026.1291133761486
2022-09-22,19413.55078125,19456.91015625,18415.591796875,18534.650390625,41135767926,2022,9,22,23,6,11,0.275,0.575,0.15,20012.246875,19997.514228862467,50.473951414423695,22083.502792829688,17940.990957170314,1035.6279589148437
2022-09-23,19297.638671875,19464.671875,18617.552734375,19412.400390625,38896078052,2022,9,23,11,4,5,0.25,0.55,0.2,19985.5244140625,19930.85941391128,34.89416018186613,22080.22479170166,17890.82403642334,1047.3501888195813
2022-09-24,18937.01171875,19310.197265625,18861.974609375,19296.990234375,26149643168,2022,9,24,1,1,1,0.3333333333333333,0.3333333333333333,0.3333333333333333,19933.03935546875,19836.207252467342,30.28402404735812,22079.5758447748,17786.5028661627,1073.2682446530257
2022-09-25,18802.09765625,19134.732421875,18696.46875,18936.310546875,23359966112,2022,9,25,0,1,2,0.6666666666666666,0.0,0.3333333333333333,19882.52568359375,19737.72062425617,28.81757924035341,22087.764682521003,17677.2866846665,1102.6194994636264
2022-09-26,19222.671875,19274.873046875,18721.28515625,18803.900390625,44148798321,2022,9,26,12,0,12,0.5,0.5,0.0,19901.77587890625,19688.66836242225,26.93328715206613,22075.101899229,17728.4498585835,1086.6630101613762
2022-09-27,19110.546875,20338.455078125,18915.66796875,19221.83984375,58571439619,2022,9,27,12,8,16,0.4444444444444444,0.3333333333333333,0.2222222222222222,19892.78701171875,19633.609173143937,37.80068714716615,22078.214714753223,17707.359308684274,1092.7138515172371
2022-09-28,19426.720703125,19688.34375,18553.296875,19104.62109375,53071298734,2022,9,28,10,6,13,0.4482758620689655,0.3448275862068966,0.2068965517241379,19897.63134765625,19613.90550933261,42.050503005296015,22078.229044853404,17717.033650459096,1090.2988485985763
2022-09-29,19573.05078125,19589.265625,18924.353515625,19427.779296875,41037843771,2022,9,29,9,4,15,0.5357142857142857,0.3214285714285714,0.1428571428571428,19807.22626953125,19610.014582848555,48.644838581766514,21875.90682746002,17738.545711602477,1034.3402789643858
2022-09-30,19431.7890625,20109.849609375,19265.662109375,19573.431640625,43975248085,2022,9,30,10,1,7,0.3888888888888889,0.5555555555555556,0.0555555555555555,19694.78876953125,19593.040723767743,46.44893018341167,21570.177565099148,17819.39997396335,937.69439778395
2022-10-01,19312.095703125,19471.154296875,19231.08203125,19431.10546875,18719537670,2022,10,1,3,1,2,0.3333333333333333,0.5,0.1666666666666666,19571.93076171875,19566.2840551351,41.06456652470734,21177.664131709287,17966.197391728216,802.8666849952671
2022-10-02,19044.107421875,19370.30859375,18970.62109375,19311.849609375,20765955327,2022,10,2,4,0,1,0.2,0.8,0.0,19405.613671875,19516.552947205564,45.44762078001808,20339.306712822246,18471.92063092775,466.8465204736249
2022-10-03,19623.580078125,19653.54296875,19025.2265625,19044.068359375,30484729489,2022,10,3,14,8,18,0.45,0.35,0.2,19371.95732421875,19526.74600729313,50.86775905740448,20214.481699536107,18529.432948901394,421.2621876586773
2022-10-04,20336.84375,20380.34375,19523.83984375,19623.583984375,35887278685,2022,10,4,9,4,13,0.5,0.3461538461538461,0.1538461538461538,19376.74501953125,19603.898173265217,65.58962550198098,20240.87595769557,18512.614081366926,432.0654690821614
2022-10-05,20160.716796875,20343.748046875,19801.80078125,20335.900390625,33223790572,2022,10,5,15,4,14,0.4242424242424242,0.4545454545454545,0.1212121212121212,19399.7203125,19656.92851837091,68.0435692460399,20322.61132572663,18476.829299273373,461.4455066133135
2022-10-06,19955.443359375,20408.392578125,19900.087890625,20161.0390625,34711412966,2022,10,6,13,4,11,0.3928571428571428,0.4642857142857143,0.1428571428571428,19408.86328125,19685.358503228443,57.1119433400749,20350.73555612778,18466.99100637222,470.9361374388902
2022-10-07,19546.849609375,20041.0859375,19395.79296875,19957.55859375,29227315390,2022,10,7,10,6,7,0.3043478260869565,0.4347826086956521,0.2608695652173913,19379.826953125,19672.167180004308,53.03736649213164,20262.34320088963,18497.31070536037,441.2581238823148
2022-10-08,19416.568359375,19601.6953125,19299.4140625,19546.328125,16437423167,2022,10,8,1,2,1,0.25,0.25,0.5,19379.680078125,19647.82443518247,56.19250633417083,20262.169498349325,18497.19065790067,441.244710112164
2022-10-09,19446.42578125,19542.5390625,19349.259765625,19417.478515625,16837262532,2022,10,9,5,0,3,0.375,0.625,0.0,19374.794921875,19628.643610998424,58.552235896287264,20254.52876519229,18495.06107855771,439.86692165864656
2022-10-10,19141.484375,19515.466796875,19102.978515625,19446.416015625,27425022774,2022,10,10,11,5,11,0.4074074074074074,0.4074074074074074,0.1851851851851851,19387.3296875,19582.24749328429,48.88826365011543,20244.89110147483,18529.768273525173,428.7807069874134
2022-10-11,19051.41796875,19241.9609375,18925.603515625,19139.0,28711532910,2022,10,11,15,7,8,0.2666666666666666,0.5,0.2333333333333333,19412.53056640625,19531.6923004715,49.18540060509715,20192.255048393592,18632.80608441891,389.86224099367024
2022-10-12,19157.4453125,19203.19921875,19029.7578125,19052.646484375,24950173846,2022,10,12,10,4,16,0.5333333333333333,0.3333333333333333,0.1333333333333333,19399.72529296875,19496.0497301885,46.06227854261835,20187.74702890534,18611.70355703216,394.0108679682959
2022-10-13,19382.904296875,19453.328125,18319.822265625,19156.966796875,44219840004,2022,10,13,12,4,17,0.5151515151515151,0.3636363636363636,0.1212121212121212,19403.98857421875,19485.273974634834,47.28230678570491,20190.60617995109,18617.37096848641,393.3088028661697
2022-10-14,19185.65625,19889.146484375,19115.408203125,19382.533203125,38452356727,2022,10,14,10,6,10,0.3846153846153846,0.3846153846153846,0.2307692307692307,19416.42080078125,19456.73895324104,46.53752779154609,20179.469380173923,18653.37222138857,381.5242896963365
2022-10-15,19067.634765625,19212.541015625,19019.25,19185.4375,16192235532,2022,10,15,4,0,2,0.3333333333333333,0.6666666666666666,0.0,19429.69765625,19419.681411563324,46.55942850294292,20156.100207185707,18703.29510531429,363.20127546785386
2022-10-16,19268.09375,19389.603515625,19068.9140625,19068.9140625,17988916650,2022,10,16,5,2,6,0.4615384615384615,0.3846153846153846,0.1538461538461538,19431.96875,19405.24449141444,53.21349251583334,20155.925880833864,18708.011619166136,361.9785654169315
2022-10-17,19550.7578125,19635.802734375,19173.333984375,19268.5625,27472552998,2022,10,17,13,4,20,0.5405405405405406,0.3513513513513513,0.1081081081081081,19453.979296875,19419.102902946397,48.85797055992983,20163.41208598725,18744.546507762752,354.7163945561234
2022-10-18,19334.416015625,19666.994140625,19144.76953125,19550.466796875,30580012344,2022,10,18,9,4,12,0.48,0.36,0.16,19449.3640625,19411.03748510626,31.37693880231673,20160.741825834804,18737.9862991652,355.68888166740254
2022-10-19,19139.53515625,19348.416015625,19127.6875,19335.02734375,22425387184,2022,10,19,23,3,12,0.3157894736842105,0.6052631578947368,0.0789473684210526,19427.68828125,19385.18012045328,31.159811441366585,20149.5390877032,18705.8374747968,360.92540322659903
2022-10-20,19053.740234375,19315.19921875,18971.458984375,19138.0859375,24493974420,2022,10,20,14,5,10,0.3448275862068966,0.4827586206896552,0.1724137931034483,19408.78583984375,19353.614417017256,32.59688210095551,20149.73119143665,18667.840488250848,370.47267579645137
2022-10-21,19172.46875,19237.384765625,18770.970703125,19053.203125,32459287866,2022,10,21,14,1,7,0.3181818181818182,0.6363636363636364,0.0454545454545454,19401.8044921875,19336.3624487299,41.86401470294865,20149.18899364441,18654.419990730592,373.6922507284549
2022-10-22,19208.189453125,19248.068359375,19132.244140625,19172.380859375,16104440957,2022,10,22,0,1,2,0.6666666666666666,0.0,0.3333333333333333,19410.00859375,19324.15549676753,45.27744825510367,20144.349044039995,18675.668143460007,367.17022514499615
2022-10-23,19567.0078125,19646.65234375,19124.197265625,19207.734375,22128794335,2022,10,23,2,1,2,0.4,0.4,0.2,19407.17998046875,19347.28428874205,52.37818256898263,20138.486160873388,18675.873800064117,365.6530902023188
2022-10-24,19345.572265625,19589.125,19206.32421875,19567.76953125,30202235805,2022,10,24,14,5,14,0.4242424242424242,0.4242424242424242,0.1515151515151515,19357.61640625,19347.121238921376,54.162228650319896,19943.54460258345,18771.68820991655,292.96409816672514
2022-10-25,20095.857421875,20348.412109375,19261.447265625,19344.96484375,47761524910,2022,10,25,16,10,20,0.4347826086956521,0.3478260869565217,0.217391304347826,19354.3734375,19418.42944682172,66.78146094389894,19922.018715223952,18786.728159776045,283.8226388619775
2022-10-26,20770.44140625,20938.134765625,20076.1171875,20092.236328125,58895950537,2022,10,26,8,3,14,0.56,0.32,0.12,19395.12333984375,19547.192490576792,71.91307937970245,20208.343432613005,18581.903247074497,406.6100463846267
2022-10-27,20285.8359375,20854.044921875,20255.373046875,20772.802734375,49625110402,2022,10,27,15,4,9,0.3214285714285714,0.5357142857142857,0.1428571428571428,19432.07265625,19617.53948552186,61.45972200256907,20336.37184960036,18527.77346289964,452.1495966751804
2022-10-28,20595.3515625,20724.98046875,20086.068359375,20287.95703125,43994715910,2022,10,28,13,4,15,0.46875,0.40625,0.125,19491.01181640625,19710.664445234062,67.39567617073583,20534.06874437812,18447.954888434386,521.528463985932
2022-10-29,20818.4765625,20988.39453125,20566.484375,20595.103515625,40369840645,2022,10,29,0,3,4,0.5714285714285714,0.0,0.4285714285714285,19559.61435546875,19816.17036116415,71.05916612908607,20759.078745276234,18360.14996566127,599.7321949037419
2022-10-30,20635.603515625,20917.005859375,20547.462890625,20817.982421875,31486345556,2022,10,30,12,3,2,0.1176470588235294,0.7058823529411765,0.1764705882352941,19634.3203125,19894.211613969943,66.51831992597762,20907.955458005286,18360.685166994717,636.8175727526424
2022-10-31,20495.7734375,20795.3203125,20287.458984375,20633.6953125,45668466815,2022,10,31,11,7,17,0.4857142857142857,0.3142857142857143,0.2,19706.5380859375,19951.503216210906,61.82292491354824,21004.57011916336,18408.50605271164,649.01601661293
2022-11-01,20485.2734375,20647.2890625,20359.845703125,20494.8984375,39819303159,2022,11,1,31,6,12,0.2448979591836734,0.6326530612244898,0.1224489795918367,19772.9294921875,20002.33847538129,65.18002284581343,21088.42287603826,18457.43610833674,657.7466919253795
2022-11-02,20159.50390625,20742.810546875,20087.134765625,20482.958984375,55552169483,2022,11,2,22,6,21,0.4285714285714285,0.4489795918367347,0.1224489795918367,19811.75947265625,20017.3066116545,63.0045441596293,21124.62281833296,18498.89612697954,656.4316728383546
2022-11-03,20209.98828125,20382.095703125,20086.240234375,20162.689453125,43228750179,2022,11,3,17,6,13,0.3611111111111111,0.4722222222222222,0.1666666666666666,19862.97607421875,20035.657246854076,64.87604364920018,21152.714229126083,18573.237919311417,644.8690774536668
2022-11-04,21147.23046875,21209.560546875,20188.01953125,20208.76953125,64072727950,2022,11,4,11,2,18,0.5806451612903226,0.3548387096774194,0.064516129032258,19966.955859375,20141.521363225114,70.98671898481102,21320.45207696208,18613.45964178792,676.74810879354
2022-11-05,21282.69140625,21446.88671875,21097.634765625,21144.83203125,37846047609,2022,11,5,1,1,5,0.7142857142857143,0.1428571428571428,0.1428571428571428,20067.6857421875,20250.20422446558,71.58902386623299,21499.768777704103,18635.60270667089,716.0415177583044
2022-11-06,20926.486328125,21345.376953125,20920.19140625,21285.056640625,35082693210,2022,11,6,6,1,0,0.0,0.8571428571428571,0.1428571428571428,20136.47216796875,20314.612043861714,64.15558405437933,21595.908696755687,18677.035639181813,729.7182643934683
2022-11-07,20602.81640625,21053.24609375,20489.97265625,20924.62109375,53510852236,2022,11,7,38,8,14,0.2333333333333333,0.6333333333333333,0.1333333333333333,20199.8921875,20342.060078374885,62.818164620607945,21622.34574326146,18777.438631738543,711.2267778807293
2022-11-08,18541.271484375,20664.607421875,17603.544921875,20600.671875,118992465607,2022,11,8,26,7,19,0.3653846153846153,0.5,0.1346153846153846,20169.97900390625,20170.55640275585,37.49410016057619,21706.879281051733,18633.078726760767,768.4501385727419
2022-11-09,15880.7802734375,18590.458984375,15682.6923828125,18543.76171875,102905151606,2022,11,9,33,7,9,0.1836734693877551,0.673469387755102,0.1428571428571428,20011.33100585937,19762.00629520172,20.18978229607501,22433.494010810977,17589.16800090777,1211.0815024758006
2022-11-10,17586.771484375,18054.3125,15834.0185546875,15883.158203125,83202283721,2022,11,10,50,8,19,0.2467532467532467,0.6493506493506493,0.1038961038961039,19932.046142578125,19554.841075122986,35.67786537833325,22564.5045455142,17299.58773964205,1316.2292014680377
2022-11-11,17034.29296875,17650.943359375,16543.482421875,17583.251953125,55871616488,2022,11,11,21,9,14,0.3181818181818182,0.4772727272727273,0.2045454545454545,19823.35131835937,19314.788874516034,31.578824532146143,22745.2627532531,16901.43988346565,1460.9557174468634
2022-11-12,16799.185546875,17066.67578125,16651.775390625,17036.875,29717699419,2022,11,12,7,3,6,0.375,0.4375,0.1875,19684.960205078125,19075.20760521689,29.234154652432835,22904.97214275427,16464.94826740198,1610.0059688380734
2022-11-13,16353.365234375,16920.765625,16320.634765625,16799.72265625,27209183682,2022,11,13,11,3,3,0.1764705882352941,0.6470588235294118,0.1764705882352941,19535.349853515625,18815.984522279567,28.46085682820897,23083.127242356662,15987.572464674588,1773.8886944205185
2022-11-14,16618.19921875,17109.32421875,15872.94140625,16352.0283203125,49630243054,2022,11,14,30,4,16,0.32,0.6,0.08,19361.466943359374,18606.671636229134,30.738483700769976,23127.739277937857,15595.194608780892,1883.1361672892408
2022-11-15,16884.61328125,17051.962890625,16542.55078125,16617.484375,36599436183,2022,11,15,25,3,11,0.282051282051282,0.6410256410256411,0.0769230769230769,19167.17553710937,18442.666078612077,32.5574994583333,23027.15772092641,15307.193353292334,1929.9910919085205
2022-11-16,16669.439453125,16960.294921875,16430.111328125,16884.341796875,33925512989,2022,11,16,21,4,11,0.3055555555555556,0.5833333333333334,0.1111111111111111,18986.355712890625,18273.78735237521,32.91013372252051,22962.754902829725,15009.956522951525,1988.1995949695508
2022-11-17,16687.517578125,16726.439453125,16460.68359375,16670.42578125,27868914022,2022,11,17,12,7,9,0.3214285714285714,0.4285714285714285,0.25,18790.964013671877,18122.714040541858,32.69653363646377,22818.18836178392,14763.739665559826,2013.612174056024
2022-11-18,16697.77734375,16947.05859375,16564.611328125,16687.912109375,26862218609,2022,11,18,7,3,11,0.5238095238095238,0.3333333333333333,0.1428571428571428,18584.929052734376,17987.00578370454,25.952877723129816,22597.00715869444,14572.850946774315,2006.0390529800293
2022-11-19,16711.546875,16797.876953125,16570.41015625,16696.220703125,16106223492,2022,11,19,8,2,2,0.1666666666666666,0.6666666666666666,0.1666666666666666,18388.726220703124,17865.533506685057,24.96590527667587,22362.165536027853,14415.286905378394,1986.7196576623644
2022-11-20,16291.83203125,16746.779296875,16248.6923828125,16712.919921875,21313378652,2022,11,20,10,2,4,0.25,0.625,0.125,18178.529150390623,17715.65717569124,24.79343504580629,22127.351921407764,14229.706379373489,1974.4113855085689
2022-11-21,15787.2841796875,16291.2236328125,15599.046875,16291.2236328125,37429485518,2022,11,21,19,4,5,0.1785714285714285,0.6785714285714286,0.1428571428571428,17943.6296875,17532.00260464327,24.31503977359796,21873.572347206704,14013.6870277933,1964.9713298533509
2022-11-22,16189.76953125,16253.0478515625,15656.6064453125,15782.30078125,30726828760,2022,11,22,9,4,11,0.4583333333333333,0.375,0.1666666666666666,17745.14296875,17404.17088336772,34.76052266171159,21604.21625700881,13886.069680491182,1929.536644129408
2022-11-23,16610.70703125,16638.193359375,16170.5029296875,16195.5888671875,32958875628,2022,11,23,7,4,12,0.5217391304347826,0.3043478260869565,0.1739130434782608,17565.17890625,17328.602897451747,56.66525236992795,21273.004564038474,13857.353248461524,1853.912828894238
2022-11-24,16604.46484375,16771.474609375,16501.767578125,16611.63671875,26129037414,2022,11,24,3,2,5,0.5,0.3,0.2,17338.040625,17259.637368527772,36.99229067028339,20658.24686155336,14017.83438844664,1660.1031182766806
2022-11-25,16521.841796875,16603.31640625,16388.404296875,16602.26953125,18678255976,2022,11,25,5,4,12,0.5714285714285714,0.238095238095238,0.1904761904761904,17099.99814453125,17189.37112360846,42.24969811115653,19865.78655192653,14334.209737135974,1382.8942036976389
2022-11-26,16464.28125,16666.86328125,16416.228515625,16521.576171875,18000008764,2022,11,26,5,0,1,0.1666666666666666,0.8333333333333334,0.0,16876.887890625,17120.314945169557,44.64745918894823,18984.62260061896,14769.15318063104,1053.86735499698
2022-11-27,16444.626953125,16594.40625,16437.025390625,16463.8828125,20443898509,2022,11,27,5,4,4,0.3076923076923077,0.3846153846153846,0.3076923076923077,16668.97841796875,17055.96370783198,51.68859657047866,17842.535392996804,15495.421442940697,586.7784875140272
2022-11-28,16217.322265625,16482.93359375,16054.5302734375,16440.22265625,27743025156,2022,11,28,19,1,17,0.4594594594594595,0.5135135135135135,0.027027027027027,16552.78095703125,16976.09309428846,42.47819490457064,17343.5628259029,15761.9990881596,395.3909344358256
2022-11-29,16444.982421875,16522.2578125,16139.396484375,16217.6396484375,23581685468,2022,11,29,17,5,16,0.4210526315789473,0.4473684210526316,0.131578947368421,16580.991064453126,16925.511125487177,41.62930507438354,17308.56312373304,15853.41900517321,363.7860296399581
2022-11-30,17168.56640625,17190.9375,16445.4765625,16445.4765625,29523576583,2022,11,30,17,5,13,0.3714285714285714,0.4857142857142857,0.1428571428571428,16560.080810546875,16948.659247464588,57.9620257423867,17182.36370216179,15937.797918931958,311.1414458074587
2022-12-01,16967.1328125,17197.498046875,16888.388671875,17168.001953125,22895392882,2022,12,1,8,6,6,0.3,0.4,0.3,16556.722802734374,16950.418634610818,54.21389390252087,17168.873390272573,15944.572215196176,306.0752937690997
2022-12-02,17088.66015625,17088.66015625,16877.880859375,16968.68359375,19539705127,2022,12,2,5,3,6,0.4285714285714285,0.3571428571428571,0.2142857142857142,16571.196533203125,16963.58449381455,55.69958722334651,17220.07232408363,15922.32074232262,324.437895440252
2022-12-03,16908.236328125,17116.041015625,16888.140625,17090.09765625,16217776704,2022,12,3,6,3,4,0.3076923076923077,0.4615384615384615,0.2307692307692307,16598.940087890624,16958.313239939354,52.735065437333446,17255.997365540326,15941.88281024092,328.5286388248515
2022-12-04,17130.486328125,17157.767578125,16903.439453125,16908.169921875,16824520830,2022,12,4,2,1,2,0.4,0.4,0.2,16624.554443359375,16974.710676909417,62.3395593759627,17323.386378775558,15925.722507943192,349.415967708092
2022-12-05,16974.826171875,17378.15234375,16922.431640625,17128.89453125,22209086834,2022,12,5,17,5,12,0.3529411764705882,0.5,0.1470588235294117,16629.065087890624,16974.72167642995,69.47207249503688,17336.08129668998,15922.04887909127,353.5081043996772
2022-12-06,17089.50390625,17091.86328125,16939.921875,16975.23828125,19889922369,2022,12,6,14,5,4,0.1739130434782608,0.6086956521739131,0.217391304347826,16650.068310546874,16985.65331736519,66.2904517125584,17386.48105615456,15913.655564939188,368.2063728038431
2022-12-07,16848.126953125,17109.376953125,16750.55859375,17089.505859375,19675404389,2022,12,7,14,4,9,0.3333333333333333,0.5185185185185185,0.1481481481481481,16658.098779296874,16972.555568389937,54.59763550390212,17399.71546794472,15916.48209064903,370.8083443239224
2022-12-08,17233.474609375,17267.916015625,16788.783203125,16847.349609375,20496603770,2022,12,8,4,4,12,0.6,0.2,0.2,16684.883642578126,16997.405000864703,60.621275332684725,17469.956500816308,15899.810784339945,392.5364291190909
2022-12-09,17133.15234375,17280.546875,17100.8359375,17232.1484375,20328426366,2022,12,9,12,7,6,0.24,0.48,0.28,16705.963916015626,17010.33331923473,60.2610781851073,17516.286588256215,15895.641243775037,405.1613361202941
2022-12-10,17128.724609375,17216.826171875,17120.68359375,17134.220703125,12706781969,2022,12,10,0,2,1,0.3333333333333333,0.0,0.6666666666666666,16747.808544921874,17021.608680200472,61.3554811864082,17554.512088454423,15941.105001389324,403.3517717662753
2022-12-11,17104.193359375,17245.634765625,17091.8203125,17129.7109375,14122486832,2022,12,11,1,0,5,0.8333333333333334,0.1666666666666666,0.0,16813.65400390625,17029.473887740904,61.25337403277727,17495.578675520093,16131.729332292409,340.9623358069215
2022-12-12,17206.4375,17212.564453125,16899.39453125,17102.5,19617581341,2022,12,12,14,4,10,0.3571428571428571,0.5,0.1428571428571428,16864.48740234375,17046.327565098913,67.62835396014617,17500.629942806787,16228.344861880716,318.07127023151816
2022-12-13,17781.318359375,17930.0859375,17111.763671875,17206.44140625,26634741631,2022,12,13,10,8,18,0.5,0.2777777777777778,0.2222222222222222,16923.01796875,17116.3266883633,71.19359970659953,17667.09992644985,16178.936011050146,372.0409788499261
2022-12-14,17815.650390625,18318.53125,17739.513671875,17782.06640625,25534481470,2022,12,14,13,8,10,0.3225806451612903,0.4193548387096774,0.2580645161290322,16983.57724609375,17182.928945721556,63.13377135431573,17810.981981855635,16156.172510331866,413.7023678809425
2022-12-15,17364.865234375,17846.744140625,17322.58984375,17813.64453125,20964448341,2022,12,15,7,6,13,0.5,0.2692307692307692,0.2307692307692307,17025.72841796875,17200.2562113076,57.33069728362565,17839.87825724239,16211.578578695106,407.07491963682185
2022-12-16,16647.484375,17505.525390625,16584.701171875,17364.546875,24031608960,2022,12,16,11,0,7,0.3888888888888889,0.6111111111111112,0.0,17034.88857421875,17147.6112745164,43.33297521168531,17826.244143794727,16243.53300464277,395.67778478798937
2022-12-17,16795.091796875,16800.58984375,16614.029296875,16646.982421875,14463581825,2022,12,17,1,2,3,0.5,0.1666666666666666,0.3333333333333333,17052.41181640625,17114.037990931505,48.2730372007999,17803.216256691583,16301.607376120915,375.4022201426669
2022-12-18,16757.9765625,16815.38671875,16697.8203125,16795.609375,10924354698,2022,12,18,2,0,3,0.6,0.4,0.0,17079.44453125,17080.127378699934,43.973678506451776,17736.761552954235,16422.127509545764,328.6585108521171
2022-12-19,16439.6796875,16807.52734375,16398.13671875,16759.041015625,17221074814,2022,12,19,9,2,10,0.4761904761904761,0.4285714285714285,0.0952380952380952,17079.17939453125,17019.132360490417,41.775394533119055,17737.57735441032,16420.781434652177,329.19897993953583
2022-12-20,16906.3046875,17012.984375,16427.8671875,16441.787109375,22722096615,2022,12,20,10,1,12,0.5217391304347826,0.4347826086956521,0.0434782608695652,17066.06630859375,17008.38686782466,47.45928815212092,17727.408479045145,16404.724138142352,330.6710852256974
2022-12-21,16817.53515625,16916.80078125,16755.912109375,16904.52734375,14882945045,2022,12,21,10,4,9,0.391304347826087,0.4347826086956521,0.1739130434782608,17058.58642578125,16990.21051434136,49.556982970021465,17727.97497467151,16389.19787689099,334.6942744451304
2022-12-22,16830.341796875,16866.673828125,16592.408203125,16818.380859375,16441573050,2022,12,22,10,9,8,0.2962962962962963,0.3703703703703703,0.3333333333333333,17045.6705078125,16974.984922201707,43.45590174911733,17722.542516579993,16368.79849904501,338.436004383746
2022-12-23,16796.953125,16905.21875,16794.458984375,16829.64453125,15329265213,2022,12,23,7,3,3,0.2307692307692307,0.5384615384615384,0.2307692307692307,17040.10634765625,16958.029512944402,44.4212103809162,17723.533106124316,16356.67958918818,341.7133792340342
2022-12-24,16847.755859375,16864.703125,16793.52734375,16796.9765625,9744636213,2022,12,24,2,3,4,0.4444444444444444,0.2222222222222222,0.3333333333333333,17025.96982421875,16947.527260223505,45.408356729469176,17713.210834725007,16338.728813712496,343.6205052531274
2022-12-25,16841.986328125,16860.5546875,16755.25390625,16847.505859375,11656379938,2022,12,25,2,1,3,0.5,0.3333333333333333,0.1666666666666666,17019.32783203125,16937.47574288079,45.68852560100508,17711.20216096577,16327.453503096724,345.9371644672618
2022-12-26,16919.8046875,16920.123046875,16812.369140625,16842.25,11886957804,2022,12,26,3,1,6,0.6,0.3,0.1,17010.84287109375,16935.792785225476,45.24872667843402,17703.25561643781,16318.43012574969,346.2063726720307
2022-12-27,16717.173828125,16959.845703125,16642.072265625,16919.291015625,15748580239,2022,12,27,4,4,8,0.5,0.25,0.25,17004.29521484375,16914.97193216829,29.87721913378253,17705.606137389026,16302.984292298475,350.6554612726375
2022-12-28,16552.572265625,16768.169921875,16497.556640625,16716.400390625,17005713920,2022,12,28,7,3,8,0.4444444444444444,0.3888888888888889,0.1666666666666666,16970.25009765625,16880.457678211784,27.236901017393976,17690.56798446563,16249.932210846877,360.15894340468856
2022-12-29,16642.341796875,16651.755859375,16508.68359375,16552.322265625,14472237479,2022,12,29,5,4,8,0.4705882352941176,0.2941176470588235,0.2352941176470588,16945.7095703125,16857.779975227328,35.030898667262306,17676.032755883323,16215.38638474168,365.16159278541096
2022-12-30,16602.5859375,16643.427734375,16408.474609375,16641.330078125,15929162910,2022,12,30,6,2,4,0.3333333333333333,0.5,0.1666666666666666,16919.40263671875,16833.475781158057,48.706661805677456,17659.802957432283,16179.002316005215,370.2001603567665
2022-12-31,16547.49609375,16628.986328125,16517.51953125,16603.673828125,11239186456,2022,12,31,2,2,5,0.5555555555555556,0.2222222222222222,0.2222222222222222,16891.5677734375,16806.23962045253,42.46623537004702,17644.469009580353,16138.666537294645,376.4506180714279
2023-01-01,16625.080078125,16630.439453125,16521.234375,16547.9140625,9244361700,2023,1,1,6,5,5,0.3125,0.375,0.3125,16862.49990234375,16788.98633070705,46.05346037800197,17609.079501305063,16115.920303382432,373.2897994806579
2023-01-02,16688.470703125,16759.34375,16572.228515625,16625.509765625,12097775227,2023,1,2,4,4,13,0.6190476190476191,0.1904761904761904,0.1904761904761904,16807.85751953125,16779.41341379447,58.706275878378285,17418.96578261449,16196.749256448013,305.55413154161937
2023-01-03,16679.857421875,16760.447265625,16622.37109375,16688.84765625,13903079207,2023,1,3,19,6,18,0.4186046511627907,0.4418604651162791,0.1395348837209302,16751.06787109375,16769.93189075452,38.336971501574304,17137.724114264973,16364.411627922527,193.3281215856109
2023-01-04,16863.23828125,16964.5859375,16667.763671875,16680.205078125,18421743322,2023,1,4,17,5,13,0.3714285714285714,0.4857142857142857,0.1428571428571428,16725.9865234375,16778.81821365885,52.14487631213266,16990.9167057236,16461.056341151398,132.46509114305047
2023-01-05,16836.736328125,16884.021484375,16790.283203125,16863.47265625,13692758566,2023,1,5,13,7,12,0.375,0.40625,0.21875,16735.44912109375,16784.33422456039,50.296290665305584,17002.08710705583,16468.811135131666,133.3189929810423
2023-01-06,16951.96875,16991.994140625,16716.421875,16836.47265625,14413662913,2023,1,6,7,3,10,0.5,0.35,0.15,16743.29296875,16800.2994174594,56.67628978368175,17026.06053404044,16460.52540345956,141.3837826452201
2023-01-07,16955.078125,16975.017578125,16914.19140625,16952.1171875,7714767174,2023,1,7,7,0,4,0.3636363636363636,0.6363636363636364,0.0,16753.148046875,16815.04024674898,54.82023148058803,17051.386029944948,16454.910063805055,149.11899153497333
2023-01-08,17091.14453125,17091.14453125,16924.05078125,16954.146484375,9768827914,2023,1,8,3,3,5,0.4545454545454545,0.2727272727272727,0.2727272727272727,16785.7212890625,16841.335892891933,60.01806202341781,17082.103648108572,16489.33893001643,148.19117952303492
2023-01-09,17196.5546875,17389.95703125,17093.9921875,17093.9921875,18624736866,2023,1,9,12,6,18,0.5,0.3333333333333333,0.1666666666666666,16800.2337890625,16875.166254283176,60.8859257984518,17145.817463216383,16454.650114908614,172.7918370769419
2023-01-10,17446.29296875,17484.720703125,17162.990234375,17192.94921875,15808338949,2023,1,10,24,13,35,0.4861111111111111,0.3333333333333333,0.1805555555555555,16831.6716796875,16929.559274708587,77.65493576475573,17282.310913913007,16381.032445461997,225.31961711275216
2023-01-11,17934.896484375,17934.896484375,17337.994140625,17446.359375,18372283782,2023,1,11,13,11,28,0.5384615384615384,0.25,0.2115384615384615,16886.8994140625,17025.305675629195,92.08639082811032,17555.080104321514,16218.718723803486,334.0903451295068
2023-01-12,18869.587890625,19030.087890625,17995.203125,18117.59375,34971338710,2023,1,12,12,9,20,0.4878048780487805,0.2926829268292683,0.2195121951219512,16990.53115234375,17200.95160086689,94.77474223161067,18098.291655821467,15882.770648866031,553.8802517388586
2023-01-13,19909.57421875,19964.322265625,18753.1640625,18868.90625,29225029694,2023,1,13,10,4,10,0.4166666666666667,0.4166666666666667,0.1666666666666666,17143.6220703125,17458.9156597129,97.41339913572752,18851.8420973102,15435.402043314803,854.1100134988483
2023-01-14,20976.298828125,21075.142578125,19907.828125,19910.537109375,38967784639,2023,1,14,3,1,6,0.6,0.3,0.1,17350.3376953125,17793.904532895005,99.2194937714483,19761.032044055803,14939.6433465692,1205.347174371651
2023-01-15,20880.798828125,20993.748046875,20606.986328125,20977.484375,19298407543,2023,1,15,6,2,10,0.5555555555555556,0.3333333333333333,0.1111111111111111,17548.38740234375,18087.89446577405,97.10833068849188,20417.41246377888,14679.36234090862,1434.5125307175638
2023-01-16,21169.6328125,21360.875,20715.74609375,20882.224609375,26792494050,2023,1,16,13,3,14,0.4666666666666667,0.4333333333333333,0.1,17771.0103515625,18381.39335593843,97.2457945599552,21032.588289960546,14509.43241316446,1630.788969199021
2023-01-17,21161.51953125,21438.66015625,20978.533203125,21175.833984375,24999983362,2023,1,17,13,8,25,0.5434782608695652,0.2826086956521739,0.1739130434782608,18001.45771484375,18646.167277396675,97.25604846100396,21540.081353390204,14462.834076297297,1769.3118192732263
2023-01-18,20688.78125,21564.501953125,20541.544921875,21161.05078125,30005625418,2023,1,18,32,8,21,0.3442622950819672,0.5245901639344263,0.1311475409836065,18203.7796875,18840.701941454136,88.01781832298137,21875.424953426904,14532.134421573091,1835.8226329634529
2023-01-19,21086.79296875,21163.01171875,20685.380859375,20686.74609375,21152848261,2023,1,19,26,6,18,0.36,0.52,0.12,18427.9900390625,19054.61537262517,89.33227484651398,22233.171785166232,14622.808292958767,1902.5908730518656
2023-01-20,22676.552734375,22692.357421875,20919.126953125,21085.373046875,28799154319,2023,1,20,7,6,12,0.48,0.28,0.24,18734.44287109375,19399.561788029918,91.61949249269632,22874.439039579865,14594.446702607636,2069.998084243057
2023-01-21,22777.625,23282.34765625,22511.833984375,22677.427734375,32442278429,2023,1,21,3,1,10,0.7142857142857143,0.2142857142857142,0.0714285714285714,19042.0701171875,19721.282093931823,91.73719131930756,23429.0885073926,14655.051726982403,2193.509195102548
2023-01-22,22720.416015625,23056.73046875,22387.900390625,22777.986328125,24746386230,2023,1,22,11,8,13,0.40625,0.34375,0.25,19343.6673828125,20006.91389599784,90.81316007321536,23876.34985395624,14810.984911668756,2266.3412355718715
2023-01-23,22934.431640625,23126.486328125,22654.3046875,22721.087890625,26518700512,2023,1,23,14,4,22,0.55,0.35,0.1,19656.39609375,20285.72510977185,90.95559281194036,24277.43422817996,15035.35795932004,2310.51906721498
2023-01-24,22636.46875,23134.01171875,22549.744140625,22929.626953125,26405069715,2023,1,24,8,5,24,0.6486486486486487,0.2162162162162162,0.1351351351351351,19945.0576171875,20509.60545646025,86.79293873312565,24552.69571079842,15337.41952357658,2303.8190468054604
2023-01-25,23117.859375,23722.099609375,22406.076171875,22639.267578125,30685366709,2023,1,25,12,3,17,0.53125,0.375,0.09375,20259.11376953125,20758.010591559272,86.77941886988896,24830.79884939513,15687.42868966737,2285.8425399319403
2023-01-26,23032.77734375,23237.078125,22911.373046875,23108.955078125,26357839322,2023,1,26,7,3,4,0.2857142857142857,0.5,0.2142857142857142,20563.15419921875,20974.655044148865,83.59361234486883,25016.03348097349,16110.274917464005,2226.4396408773723
2023-01-27,23078.728515625,23417.720703125,22654.59375,23030.716796875,25383335641,2023,1,27,2,6,7,0.4666666666666667,0.1333333333333333,0.4,20869.33671875,21175.04299381326,80.4587832082087,25114.91850874038,16623.754928759623,2122.7908949951893
2023-01-28,23031.08984375,23165.896484375,22908.845703125,23079.96484375,14712928379,2023,1,28,3,0,4,0.5714285714285714,0.4285714285714285,0.0,21166.333984375,21351.8093604739,74.55957240483528,25120.089703091624,17212.578265658376,1976.8778593583115
2023-01-29,23774.56640625,23919.890625,22985.0703125,23031.44921875,27423687259,2023,1,29,8,1,2,0.1818181818181818,0.7272727272727273,0.0909090909090909,21495.2345703125,21582.548126738293,79.94839915701914,25140.941263414803,17849.527877210196,1822.853346551151
2023-01-30,22840.138671875,23789.34765625,22657.58203125,23774.6484375,27205595568,2023,1,30,10,4,14,0.5,0.3571428571428571,0.1428571428571428,21764.92685546875,21702.31865484655,65.25060918703619,24913.635948137187,18616.21776280032,1574.3545463342175
2023-01-31,23139.283203125,23225.021484375,22765.568359375,22840.796875,22837828665,2023,1,31,12,4,22,0.5789473684210527,0.3157894736842105,0.1052631578947368,22025.14619140625,21839.17242134926,67.14463006513373,24659.282150197167,19391.01023261533,1317.067979395458
2023-02-01,23723.76953125,23764.5390625,22877.75,23137.8359375,26683255504,2023,2,1,13,4,17,0.5,0.3823529411764705,0.1176470588235294,22267.8552734375,22018.657860387422,75.80935233874905,24548.58979388668,19987.12075298832,1140.36726022459
2023-02-02,23471.87109375,24167.2109375,23468.595703125,23720.82421875,32066936882,2023,2,2,4,3,12,0.631578947368421,0.2105263157894736,0.1578947368421052,22445.9701171875,22157.059120707672,70.79943860796577,24495.97545155967,20395.96478281533,1025.0026671860849
2023-02-03,23449.322265625,23678.103515625,23279.955078125,23469.412109375,27083066007,2023,2,3,8,7,8,0.3478260869565217,0.3478260869565217,0.3043478260869565,22569.6212890625,22280.13180117599,59.27404005722997,24543.288379680267,20595.95419844473,986.8335453088836
2023-02-04,23331.84765625,23556.94921875,23291.794921875,23446.3203125,15639298538,2023,2,4,0,1,2,0.6666666666666666,0.0,0.3333333333333333,22692.17373046875,22380.295215944945,56.62516705221368,24523.564009905134,20860.78345103236,915.695139718195
2023-02-05,22955.666015625,23423.435546875,22841.759765625,23332.248046875,19564262605,2023,2,5,0,0,4,1.0,0.0,0.0,22781.475390625,22435.09243496209,52.61291358260372,24468.781296592213,21094.16948465779,843.6529529836058
2023-02-06,22760.109375,23119.279296875,22692.025390625,22954.021484375,23825006542,2023,2,6,11,3,6,0.3,0.55,0.15,22861.4048828125,22466.04642925142,48.05583667224447,24367.30072336752,21355.509042257487,752.9479202775073
2023-02-07,23264.291015625,23310.974609375,22756.2578125,22757.267578125,27187964471,2023,2,7,10,6,11,0.4074074074074074,0.3703703703703703,0.2222222222222222,22990.18037109375,22542.06972319176,56.69400119034083,24102.98073630517,21877.380005882333,556.4001826057082
2023-02-08,22939.3984375,23367.958984375,22731.09765625,23263.416015625,25371367758,2023,2,8,11,8,9,0.3214285714285714,0.3928571428571428,0.2857142857142857,23082.81064453125,22579.91055312588,48.03151065162745,23746.15622424635,22419.46506481615,331.6727898575496
2023-02-09,21819.0390625,22996.4375,21773.974609375,22946.56640625,32572572185,2023,2,9,11,6,17,0.5,0.3235294117647059,0.1764705882352941,23039.9349609375,22507.446601637697,39.10119792572805,23896.54229445473,22183.327627420265,428.3036667586164
2023-02-10,21651.18359375,21941.185546875,21539.392578125,21819.005859375,27078406594,2023,2,10,13,6,4,0.1739130434782608,0.5652173913043478,0.2608695652173913,22983.612890625,22425.897743743637,37.45593979150412,24038.1087213064,21929.1170599436,527.2479153407006
2023-02-11,21870.875,21891.41015625,21618.44921875,21651.841796875,16356226232,2023,2,11,1,0,3,0.75,0.25,0.0,22941.13583984375,22373.03843481567,40.10423017797493,24103.225060238838,21779.04661944867,581.044610197541
2023-02-12,21788.203125,22060.994140625,21682.828125,21870.90234375,17821046406,2023,2,12,1,1,0,0.0,0.5,0.5,22883.8244140625,22317.339833880844,30.905387777111045,24155.22321686705,21612.42561125795,635.6994014022747
2023-02-13,21808.1015625,21898.4140625,21460.087890625,21787.0,23918742607,2023,2,13,9,2,9,0.45,0.45,0.1,22842.4060546875,22268.84095089219,37.96273389273044,24198.860106046934,21485.952003328068,678.2270256797158
2023-02-14,22220.8046875,22293.140625,21632.39453125,21801.822265625,26792596581,2023,2,14,3,5,4,0.3333333333333333,0.25,0.4166666666666667,22797.5533203125,22264.26606866436,39.56369382225073,24174.82174129237,21420.28489933264,688.6342104899315
2023-02-15,24307.841796875,24307.841796875,22082.76953125,22220.5859375,32483312909,2023,2,15,5,3,7,0.4666666666666667,0.3333333333333333,0.2,22861.30654296875,22458.892328493945,54.94729033511111,24393.726432832576,21328.88665310492,766.2099449319147
2023-02-16,23623.474609375,25134.1171875,23602.5234375,24307.349609375,39316664596,2023,2,16,10,1,11,0.5,0.4545454545454545,0.0454545454545454,22888.54384765625,22569.80492667309,51.196475667710224,24456.19487934341,21320.892815969088,783.8255158435801
2023-02-17,24565.6015625,24924.041015625,23460.755859375,23621.283203125,41358451255,2023,2,17,6,3,3,0.25,0.5,0.25,22965.26943359375,22759.880796751848,57.69317434451842,24703.249704430043,21227.289162757454,868.990135418148
2023-02-18,24641.27734375,24798.8359375,24468.373046875,24565.296875,19625427158,2023,2,18,2,0,2,0.5,0.5,0.0,23008.60498046875,22939.06142027548,59.076622229539055,24870.36502980088,21146.844931136624,930.8800246660632
2023-02-19,24327.642578125,25093.0546875,24327.642578125,24640.02734375,25555105670,2023,2,19,1,0,1,0.5,0.5,0.0,23082.98017578125,23071.307244832577,59.593366426904886,25033.1521347022,21132.8082168603,975.0859794604744
2023-02-20,24829.1484375,25020.458984375,23927.91015625,24336.623046875,28987376573,2023,2,20,3,3,6,0.5,0.25,0.25,23167.4734375,23238.72069175328,63.873874345824014,25268.51137755152,21066.435497448485,1050.5189700257583
2023-02-21,24436.353515625,25126.8515625,24200.36328125,24833.048828125,31252098714,2023,2,21,8,3,9,0.45,0.4,0.15,23203.10263671875,23352.78096069345,57.97840856212191,25367.086026736582,21039.11924670092,1081.991695008918
2023-02-22,24188.84375,24472.33984375,23644.318359375,24437.41796875,30199996781,2023,2,22,11,5,8,0.3333333333333333,0.4583333333333333,0.2083333333333333,23238.95126953125,23432.40598824645,58.59572226716078,25445.02714276597,21032.87539629653,1103.0379366173595
2023-02-23,23947.4921875,24572.08984375,23693.919921875,24190.71875,30476264066,2023,2,23,4,4,11,0.5789473684210527,0.2105263157894736,0.2105263157894736,23263.859765625,23481.46181674679,66.65762785234715,25491.08493163952,21036.63459961048,1113.6125830072613
2023-02-24,23198.126953125,24103.705078125,23007.072265625,23946.0078125,26811744928,2023,2,24,8,5,9,0.4090909090909091,0.3636363636363636,0.2272727272727272,23257.17373046875,23454.4775440209,61.0966229368829,25484.34238873163,21030.005072205862,1113.5843291314409
2023-02-25,23175.375,23210.2109375,22861.55859375,23200.125,16100721565,2023,2,25,0,1,3,0.75,0.0,0.25,23268.1591796875,23427.89634935225,59.629588192312646,25491.22967988172,21045.08867949328,1111.5352500971117
2023-02-26,23561.212890625,23654.3671875,23084.220703125,23174.150390625,16644534842,2023,2,26,3,1,1,0.2,0.6,0.2,23308.21435546875,23440.5931628068,62.52734117005442,25521.58897181102,21094.83973912648,1106.6873081711335
2023-02-27,23522.87109375,23857.890625,23205.87890625,23561.451171875,22660763494,2023,2,27,8,3,7,0.3888888888888889,0.4444444444444444,0.1666666666666666,23321.143359375,23448.42915622996,62.0843452231186,25536.45772394772,21105.82899480228,1107.6571822863614
2023-02-28,23147.353515625,23585.384765625,23077.650390625,23521.837890625,20535363434,2023,2,28,8,8,4,0.2,0.4,0.4,23331.54111328125,23419.75528569616,56.56398890525605,25541.256298292446,21121.825928270056,1104.8575925055975
2023-03-01,23646.55078125,23880.6328125,23088.626953125,23150.9296875,24662841200,2023,3,1,6,4,13,0.5652173913043478,0.2608695652173913,0.1739130434782608,23422.91669921875,23441.354856701284,43.95526862001358,25517.424523722773,21328.408874714725,1047.253912252011
2023-03-02,23475.466796875,23739.138671875,23245.021484375,23647.01953125,20386398516,2023,3,2,20,3,16,0.4102564102564102,0.5128205128205128,0.0769230769230769,23514.130859375,23444.603612908304,48.506991017515766,25435.50083297005,21592.76088577995,960.6849867975258
2023-03-03,22362.6796875,23479.34765625,22213.23828125,23476.6328125,26062404610,2023,3,3,33,19,50,0.4901960784313725,0.3235294117647059,0.1862745098039215,23538.72109375,23341.56323905989,28.517952495918426,25382.56454084429,21694.877646655703,921.9217235471476
2023-03-04,22353.349609375,22405.177734375,22198.98046875,22362.923828125,11166012913,2023,3,4,2,0,1,0.3333333333333333,0.6666666666666666,0.0,23566.97841796875,23247.44765528038,27.39652914804782,25312.56994746164,21821.386888475856,872.7957647464467
2023-03-05,22435.513671875,22613.685546875,22307.142578125,22354.14453125,13317001733,2023,3,5,2,0,1,0.3333333333333333,0.6666666666666666,0.0,23598.3490234375,23170.12060924177,30.41087480851077,25229.658402170597,21967.039644704404,815.6546893665472
2023-03-06,22429.7578125,22584.29296875,22331.314453125,22436.81640625,17353192895,2023,3,6,14,3,8,0.32,0.56,0.12,23608.7966796875,23099.609866694936,22.31763486412187,25205.263358840108,22012.330000534894,798.2333395763039
2023-03-07,22219.76953125,22527.41796875,22011.26171875,22428.322265625,22765452204,2023,3,7,12,8,9,0.3103448275862069,0.4137931034482758,0.2758620689655172,23504.39306640625,23015.815549033512,23.30048938904241,25179.54163029518,21829.24450251732,837.5742819444658
2023-03-08,21718.080078125,22268.896484375,21708.05078125,22216.44140625,22536575684,2023,3,8,4,5,8,0.4705882352941176,0.2352941176470588,0.2941176470588235,23409.12333984375,22892.221694661275,21.95604145172368,25262.95522570735,21555.291453980157,926.9159429317984
2023-03-09,20363.021484375,21802.716796875,20210.306640625,21720.080078125,30364664171,2023,3,9,12,5,8,0.32,0.48,0.2,23198.9943359375,22651.34548415782,17.525315315602256,25417.694799994,20980.293871881,1109.3502320282496
2023-03-10,20187.244140625,20370.595703125,19628.25390625,20367.001953125,39578257695,2023,3,10,21,5,10,0.2777777777777778,0.5833333333333334,0.1388888888888889,22976.29267578125,22416.66916572612,19.5580224835544,25463.355588846425,20489.229762716077,1243.5314565325878
2023-03-11,20632.41015625,20792.525390625,20068.66015625,20187.876953125,30180288176,2023,3,11,4,2,0,0.0,0.6666666666666666,0.3333333333333333,22791.5310546875,22246.73973625221,26.312321250536712,25401.87246242676,20181.18964694824,1305.1707038696295
2023-03-12,22163.94921875,22185.03125,20448.806640625,20628.029296875,29279035521,2023,3,12,0,2,3,0.6,0.0,0.4,22658.27109375,22238.85492506152,39.27392432483652,25097.112526062498,20219.429661437505,1219.420716156248
2023-03-13,24197.533203125,24550.837890625,21918.19921875,22156.40625,49466362688,2023,3,13,29,7,25,0.4098360655737705,0.4754098360655737,0.1147540983606557,22646.330078125,22425.39571344852,53.96457139263107,25050.609147754283,20242.05100849572,1202.1395348146425
2023-03-14,24746.07421875,26514.716796875,24081.18359375,24201.765625,54622230164,2023,3,14,7,7,18,0.5625,0.21875,0.21875,22674.1916015625,22646.41271395342,59.20745752935144,25165.08877666884,20183.294426456163,1245.448587553168
2023-03-15,24375.9609375,25240.615234375,23964.91015625,24770.92578125,43655701450,2023,3,15,12,5,13,0.4333333333333333,0.4,0.1666666666666666,22695.6150390625,22811.131592386428,54.26427064207613,25239.430934321867,20151.79914380313,1271.9079476296822
2023-03-16,25052.7890625,25190.326171875,24225.111328125,24373.45703125,33866061747,2023,3,16,13,4,11,0.3928571428571428,0.4642857142857143,0.1428571428571428,22788.34814453125,23024.62278001629,58.70648128523041,25536.32383176084,20040.37245730166,1373.987843614796
2023-03-17,27423.9296875,27787.8125,24955.169921875,25055.123046875,50730261335,2023,3,17,10,3,10,0.4347826086956521,0.4347826086956521,0.1304347826086956,23000.77587890625,23443.604390252836,74.5294613658333,26443.703791435528,19557.84796637697,1721.463956264639
2023-03-18,26965.87890625,27725.953125,26636.26171875,27448.1171875,35723036817,2023,3,18,2,0,3,0.6,0.4,0.0,23171.0091796875,23779.059106062086,71.42294203269554,27040.83005793296,19301.18830144204,1934.9104391227293
2023-03-19,28038.67578125,28440.560546875,26907.716796875,26969.50390625,37769448859,2023,3,19,8,1,6,0.4,0.5333333333333333,0.0666666666666666,23396.7994140625,24184.73688465141,73.83101457081447,27837.862266453456,18955.736561671547,2220.5314261954777
2023-03-20,27767.236328125,28527.724609375,27242.880859375,28041.6015625,44774027664,2023,3,20,14,10,14,0.3684210526315789,0.3684210526315789,0.2631578947368421,23627.7935546875,24525.927307839374,72.19932618665088,28476.141427025123,18779.44568234988,2424.1739361688105
2023-03-21,28175.81640625,28439.5625,27439.646484375,27768.392578125,36102192830,2023,3,21,13,5,18,0.5,0.3611111111111111,0.1388888888888889,23854.2568359375,24873.53579340229,74.36946961352103,29112.117394495697,18596.396277379303,2628.930279279099
2023-03-22,27307.4375,28803.3359375,26759.99609375,28158.720703125,33382021890,2023,3,22,19,11,16,0.3478260869565217,0.4130434782608695,0.2391304347826087,24045.85537109375,25105.335955935407,72.20290785643229,29520.40872820605,18571.302013981447,2737.276678556152
2023-03-23,28333.97265625,28729.84375,27183.36328125,27301.95703125,24220433689,2023,3,23,13,2,8,0.3478260869565217,0.5652173913043478,0.0869565217391304,24344.42001953125,25412.825165489176,82.5120129782706,30077.666388742706,18611.1736503198,2866.6231846057253
2023-03-24,27493.28515625,28388.4375,27039.265625,28324.111328125,25980310960,2023,3,24,15,5,14,0.4117647058823529,0.4411764705882353,0.1470588235294117,24601.416796875,25610.9642122283,78.26675579372477,30419.05032855858,18783.78326519142,2908.816765841789
2023-03-25,27494.70703125,27791.826171875,27196.234375,27487.337890625,13383005987,2023,3,25,0,3,3,0.5,0.0,0.5,24854.37646484375,25790.368290230366,77.49397690675465,30715.278222812594,18993.474706874906,2930.4508789844213
2023-03-26,27994.330078125,28178.14453125,27445.046875,27495.5234375,13878363192,2023,3,26,7,3,4,0.2857142857142857,0.5,0.2142857142857142,25132.605078125,26000.269412886995,75.46524767058399,31037.03008400816,19228.180072241845,2952.212502941578
2023-03-27,27139.888671875,28037.92578125,26606.689453125,27994.068359375,18188895178,2023,3,27,13,7,17,0.4594594594594595,0.3513513513513513,0.1891891891891892,25378.61103515625,26108.804580409666,64.32698584425485,31181.147911796703,19576.0741585158,2901.2684383202263
2023-03-28,27268.130859375,27460.71875,26677.818359375,27132.888671875,17783600385,2023,3,28,13,11,10,0.2941176470588235,0.3823529411764705,0.3235294117647059,25656.11357421875,26219.21660697779,62.80455480900753,31248.59833537112,20063.62881306638,2796.2423805761846
2023-03-29,28348.44140625,28619.54296875,27259.662109375,27267.03125,20684945906,2023,3,29,9,7,17,0.5151515151515151,0.2727272727272727,0.2121212121212121,26055.3845703125,26421.99992119419,68.8118070122865,31177.1424158554,20933.6267247696,2560.8789227714487
2023-03-30,28033.5625,29159.90234375,27720.16015625,28350.140625,22435349951,2023,3,30,7,3,15,0.6,0.28,0.12,26447.70048828125,26575.48207155665,64.6166108176382,30824.765030064376,22070.635946498125,2188.5322708915637
2023-03-31,28478.484375,28639.896484375,27583.71484375,28032.26171875,19001327598,2023,3,31,4,9,15,0.5357142857142857,0.1428571428571428,0.3214285714285714,26840.00419921875,26756.720386170306,56.375546181535135,30341.34932511041,23338.659073327093,1750.6725629458278
2023-04-01,28411.03515625,28802.45703125,28297.171875,28473.33203125,10876469901,2023,4,1,5,2,2,0.2222222222222222,0.5555555555555556,0.2222222222222222,27152.35849609375,26914.27417379694,59.17011409351057,29938.926956723302,24365.7900354642,1393.2842303147747
2023-04-02,28199.30859375,28518.958984375,27884.087890625,28462.845703125,12284641999,2023,4,2,1,1,4,0.6666666666666666,0.1666666666666666,0.1666666666666666,27352.447265625,27036.658404268663,51.1443305796899,29799.700491229338,24905.194040020662,1223.6266128021691
2023-04-03,27790.220703125,28475.623046875,27276.720703125,28183.080078125,19556501327,2023,4,3,7,11,13,0.4193548387096774,0.2258064516129032,0.3548387096774194,27504.65458984375,27108.42624225498,50.160588730732215,29626.37699818555,25382.93218150195,1060.8612041708996
2023-04-04,28168.08984375,28433.7421875,27681.3046875,27795.2734375,15284538859,2023,4,4,9,6,26,0.6341463414634146,0.2195121951219512,0.1463414634146341,27694.26103515625,27209.346585254505,49.94578287824391,29237.70309958048,26150.818970732023,771.7210322121142
2023-04-05,28177.984375,28739.23828125,27843.763671875,28169.7265625,17052315986,2023,4,5,9,5,14,0.5,0.3214285714285714,0.1785714285714285,27850.52080078125,27301.597803325505,56.94538371640047,28777.744782094265,26923.29681946824,463.61199065650777
2023-04-06,28044.140625,28178.384765625,27738.759765625,28175.2265625,13837809380,2023,4,6,8,2,13,0.5652173913043478,0.3478260869565217,0.0869565217391304,27881.53134765625,27372.316167294503,47.303586302536765,28789.978380875087,26973.084314437416,454.2235166094172
2023-04-07,27925.859375,28111.59375,27794.03125,28038.966796875,10861680497,2023,4,7,5,2,7,0.5,0.3571428571428571,0.1428571428571428,27929.53037109375,27425.034568028364,54.64934377912688,28729.205109355345,27129.85563283216,399.8373691307957
2023-04-09,28333.05078125,28532.830078125,27828.48046875,27952.3671875,12175322951,2023,4,9,1,1,0,0.0,0.5,0.5,27944.24912109375,27511.512302620904,58.287695196198285,28762.99163342766,27125.50660875984,409.3712561669549
2023-04-10,29652.98046875,29771.46484375,28189.271484375,28336.02734375,19282400094,2023,4,10,5,3,8,0.5,0.3125,0.1875,28038.536328125,27715.46165177605,64.10880487617669,29152.53712407405,26924.53553217595,557.0003979745247
2023-04-11,30235.05859375,30509.083984375,29609.30078125,29653.6796875,20121259843,2023,4,11,9,8,15,0.46875,0.28125,0.25,28141.4984375,27955.42326529738,77.60732038823451,29627.47355578209,26655.523319217908,742.9875591410454
2023-04-12,30139.052734375,30462.48046875,29725.57421875,30231.58203125,18651929926,2023,4,12,13,14,9,0.25,0.3611111111111111,0.3888888888888889,28283.07919921875,28163.387976638107,75.75525228341866,29961.564921996523,26604.59347644098,839.2428613888866
2023-04-13,30399.06640625,30539.845703125,29878.623046875,29892.740234375,17487721001,2023,4,13,6,6,12,0.5,0.25,0.25,28386.33388671875,28376.30973183924,71.57112191529998,30313.63492479402,26459.03284864348,963.6505190376356
2023-04-14,30485.69921875,31005.607421875,30044.498046875,30409.5625,22659995079,2023,4,14,7,2,10,0.5263157894736842,0.3684210526315789,0.1052631578947368,28535.95458984375,28577.20396868788,77.09587778114455,30628.84459878549,26443.06458090201,1046.4450044708706
2023-04-15,30318.49609375,30601.740234375,30245.8828125,30490.75,11940685378,2023,4,15,2,1,3,0.5,0.3333333333333333,0.1666666666666666,28677.14404296875,28743.04131393189,71.6614319152752,30853.59524917116,26500.69283676634,1088.2256031012064
2023-04-16,30315.35546875,30555.537109375,30157.83203125,30315.9765625,12854816417,2023,4,16,0,1,4,0.8,0.0,0.2,28793.1953125,28892.785519152665,72.76316698760391,31061.91199697316,26524.47862802684,1134.3583422365818
2023-04-17,29445.044921875,30319.197265625,29275.37109375,30317.146484375,17872186762,2023,4,17,10,3,14,0.5185185185185185,0.3703703703703703,0.1111111111111111,28908.453125,28945.38165274527,62.86523650789745,31054.411672786955,26762.494577213045,1072.9792738934775
2023-04-18,30397.552734375,30470.302734375,29154.849609375,29449.091796875,19480529496,2023,4,18,7,5,9,0.4285714285714285,0.3333333333333333,0.238095238095238,29064.92421875,29083.683660519528,74.20965009956223,31163.119050396,26966.729387104,1049.0974158230006
2023-04-19,28822.6796875,30411.0546875,28669.8984375,30394.1875,24571565421,2023,4,19,9,6,6,0.2857142857142857,0.4285714285714285,0.2857142857142857,29088.6361328125,29058.82613927957,54.97264636479744,31163.325307492378,27013.94695813262,1037.344587339939
2023-04-20,28245.98828125,29076.400390625,28037.2578125,28823.68359375,21340360360,2023,4,20,7,5,5,0.2941176470588235,0.4117647058823529,0.2941176470588235,29099.257421875,28981.413009943422,50.475638063722215,31153.275863869065,27045.238979880934,1027.0092209970308
2023-04-21,27276.91015625,28349.96875,27177.365234375,28249.23046875,20759504330,2023,4,21,8,5,8,0.3809523809523809,0.3809523809523809,0.238095238095238,29039.1787109375,28819.079404829765,45.19516235723288,31235.041433657178,26843.315988217822,1097.9313613598397
2023-04-22,27817.5,27872.142578125,27169.5703125,27265.89453125,13125734602,2023,4,22,2,1,3,0.5,0.3333333333333333,0.1666666666666666,29009.501953125,28723.69089008407,49.3554829718787,31256.55534809499,26762.44855815501,1123.5266974849944
2023-04-23,27591.384765625,27820.244140625,27400.314453125,27816.14453125,12785446832,2023,4,23,1,1,1,0.3333333333333333,0.3333333333333333,0.3333333333333333,28979.10576171875,28615.85221156416,45.49148514456508,31287.90344691914,26670.30807651836,1154.398842600195
2023-04-24,27525.33984375,27979.982421875,27070.849609375,27591.73046875,17703288330,2023,4,24,8,5,8,0.3809523809523809,0.3809523809523809,0.238095238095238,28965.86171875,28511.993890819955,34.7399684755938,31306.19802550295,26625.52541199705,1170.1681533764745
2023-04-25,28307.59765625,28371.078125,27207.931640625,27514.873046875,17733373139,2023,4,25,4,3,6,0.4615384615384615,0.3076923076923077,0.2307692307692307,28972.837109375,28492.527582765677,36.56159529820606,31303.975305567637,26641.698913182365,1165.5690980963177
2023-04-26,28422.701171875,29995.837890625,27324.548828125,28300.05859375,31854242019,2023,4,26,7,8,11,0.4230769230769231,0.2692307692307692,0.3076923076923077,28985.07294921875,28485.87744839513,38.06524828551313,31301.164915902744,26668.980982534755,1158.045983341997
2023-04-27,29473.787109375,29871.546875,28402.88671875,28428.46484375,27153445027,2023,4,27,8,4,14,0.5384615384615384,0.3076923076923077,0.1538461538461538,29056.5552734375,28579.96408277417,44.20369808914361,31338.365862431725,26774.74468444328,1140.9052944971108
2023-04-28,29340.26171875,29572.791015625,28929.609375,29481.013671875,17544464887,2023,4,28,6,6,9,0.4285714285714285,0.2857142857142857,0.2857142857142857,29127.275390625,28652.37338143853,42.86645326747443,31348.39992146339,26906.15085978661,1110.562265419196
2023-04-29,29248.48828125,29452.455078125,29088.04296875,29336.56640625,10662634333,2023,4,29,0,0,2,1.0,0.0,0.0,29173.047265625,28709.146229039627,43.27301223530729,31362.765868357885,26983.328662892112,1094.8593013664436
2023-04-30,29268.806640625,29952.029296875,29114.021484375,29245.515625,14652199272,2023,4,30,3,0,2,0.4,0.6,0.0,29153.83857421875,28762.447220619182,43.434675862292046,31332.542940913565,26975.134207523934,1089.3521833474076
2023-05-01,28091.568359375,29329.935546875,27680.79296875,29227.103515625,18655599976,2023,5,1,7,4,13,0.5416666666666666,0.2916666666666667,0.1666666666666666,29046.6640625,28698.55399573879,41.8240706307422,31212.267377848388,26881.06074715161,1082.8016576741943
2023-05-02,28680.537109375,28881.298828125,27924.123046875,28087.17578125,16432924527,2023,5,2,5,4,17,0.6538461538461539,0.1923076923076923,0.1538461538461538,28973.73828125,28696.83810179938,39.1515762392776,31081.922918690874,26865.55364380913,1054.0923187204376
2023-05-03,29006.30859375,29259.533203125,28178.388671875,28680.494140625,19122972518,2023,5,3,10,5,23,0.6052631578947368,0.2631578947368421,0.131578947368421,28904.100390625,28726.311481985154,51.377651618166986,30903.2377601948,26904.9630210552,999.5686847848984
2023-05-04,28847.7109375,29353.185546875,28694.0390625,29031.3046875,15548678514,2023,5,4,7,3,17,0.6296296296296297,0.2592592592592592,0.1111111111111111,28822.2009765625,28737.87333489133,54.81650257395429,30677.559542745814,26966.842410379188,927.679283091656
2023-05-05,29534.384765625,29668.908203125,28845.509765625,28851.48046875,17936566518,2023,5,5,6,7,11,0.4583333333333333,0.25,0.2916666666666667,28782.99541015625,28813.73156638977,68.92563894235036,30535.512597471094,27030.478222841408,876.2585936574217
2023-05-06,28904.623046875,29820.126953125,28468.966796875,29538.859375,15913866714,2023,5,6,3,1,4,0.5,0.375,0.125,28712.4587890625,28822.38789786456,58.97968448566866,30312.189751360795,27112.727826764207,799.8654811491475
2023-05-07,28454.978515625,29157.517578125,28441.3671875,28901.623046875,11301355486,2023,5,7,3,5,5,0.3846153846153846,0.2307692307692307,0.3846153846153846,28662.95546875,28787.396528127458,56.87928944296052,30228.13667874161,27097.77425875839,782.5906049958055
2023-05-08,27694.2734375,28663.271484375,27310.134765625,28450.45703125,19122903752,2023,5,8,16,3,11,0.3666666666666666,0.5333333333333333,0.1,28527.79150390625,28683.28956711532,51.21161437452548,29919.544983395444,27136.038024417056,695.8767397445968
2023-05-09,27658.775390625,27821.400390625,27375.6015625,27695.068359375,14128593256,2023,5,9,6,6,15,0.5555555555555556,0.2222222222222222,0.2222222222222222,28469.5962890625,28585.716788401955,44.788296560840834,29906.04956784832,27033.143010276686,718.2266393929071
2023-05-10,27621.755859375,28322.6875,26883.669921875,27654.63671875,20656025026,2023,5,10,12,5,5,0.2272727272727272,0.5454545454545454,0.2272727272727272,28438.38466796875,28493.910985637485,43.48462846157513,29921.65915031252,26955.11018562498,741.6372411718842
2023-05-11,27000.7890625,27621.94140625,26781.826171875,27621.0859375,16724343943,2023,5,11,10,6,12,0.4285714285714285,0.3571428571428571,0.2142857142857142,28424.57861328125,28351.70889771963,28.369508433871616,29957.675657137792,26891.481569424708,766.548521928271
2023-05-12,26804.990234375,27055.646484375,25878.4296875,26987.662109375,19313599897,2023,5,12,5,4,7,0.4375,0.3125,0.25,28373.953125,28204.402358353476,28.06378989783734,30051.520246007047,26696.386003992957,838.7835605035242
2023-05-13,26784.078125,27030.482421875,26710.873046875,26807.76953125,9999171605,2023,5,13,5,1,5,0.4545454545454545,0.4545454545454545,0.0909090909090909,28333.58779296875,28069.13338374838,28.412192311061474,30125.399663026463,26541.77592291103,895.9059350288592
2023-05-14,26930.638671875,27150.9765625,26661.35546875,26788.974609375,10014858959,2023,5,14,1,1,6,0.75,0.125,0.125,28303.852734375,27960.70531595092,29.9612529744887,30170.32249296649,26437.38297578351,933.2348792957456
2023-05-15,27192.693359375,27646.34765625,26766.09765625,26931.384765625,14413231792,2023,5,15,7,6,6,0.3157894736842105,0.3684210526315789,0.3157894736842105,28248.10751953125,27887.561320086545,40.863111049698745,30179.57164982477,26316.64338923773,965.73206514676
2023-05-16,27036.650390625,27299.3046875,26878.947265625,27171.513671875,12732238816,2023,5,16,5,3,9,0.5294117647058824,0.2941176470588235,0.1764705882352941,28178.80498046875,27806.52218394735,31.677620866269947,30182.024421097096,26175.58553984041,1001.6097203141732
2023-05-17,27398.802734375,27465.927734375,26600.14453125,27035.470703125,15140006925,2023,5,17,11,3,5,0.2631578947368421,0.5789473684210527,0.1578947368421052,28075.05576171875,27767.691760178557,32.227247854964645,30009.636656716517,26140.47486672099,967.2904474988812
2023-05-18,26832.208984375,27466.52734375,26415.1015625,27401.650390625,15222938600,2023,5,18,9,5,13,0.4814814814814814,0.3333333333333333,0.1851851851851851,27949.653125,27678.598162482976,29.56039894515713,29863.963277451818,26035.342972548184,957.1550762259088
2023-05-19,26890.12890625,27128.619140625,26700.2109375,26826.75390625,11258983301,2023,5,19,6,7,9,0.4090909090909091,0.2727272727272727,0.3181818181818182,27831.73515625,27603.50585236555,19.264495887506328,29699.145229833764,25964.32508266624,933.7050367918814
2023-05-20,27129.5859375,27155.158203125,26843.27734375,26888.841796875,7044911360,2023,5,20,2,1,4,0.5714285714285714,0.2857142857142857,0.1428571428571428,27724.77412109375,27558.37062237836,27.309011938985293,29487.74545454632,25961.802787641176,881.4856667262859
2023-05-21,26753.826171875,27265.91796875,26706.921875,27118.423828125,8647416921,2023,5,21,1,1,1,0.3333333333333333,0.3333333333333333,0.3333333333333333,27657.88701171875,27481.747341378035,27.83481018134438,29463.26184266858,25852.51218076892,902.6874154749152
2023-05-22,26851.27734375,27045.734375,26549.734375,26749.892578125,11056770492,2023,5,22,2,3,7,0.5833333333333334,0.1666666666666666,0.25,27566.4240234375,27421.702579699177,36.72107281390907,29338.698399296278,25794.149647578724,886.1371879293879
2023-05-23,27225.7265625,27434.68359375,26816.1796875,26855.9609375,13697203143,2023,5,23,3,5,4,0.3333333333333333,0.25,0.4166666666666667,27477.394921875,27403.038197108777,43.83672452795783,29119.205653088786,25835.58419066121,820.9053656068943
2023-05-24,26334.818359375,27224.603515625,26106.576171875,27224.603515625,16299104428,2023,5,24,7,6,7,0.35,0.35,0.3,27351.75029296875,27301.302974467464,35.26529148206687,28935.603723813783,25767.89686212372,791.9267154225168
2023-05-25,26476.20703125,26591.51953125,25890.59375,26329.4609375,13851122697,2023,5,25,10,3,12,0.48,0.4,0.12,27198.84140625,27222.722408446756,43.25287609263384,28451.280772452126,25946.40204004788,626.2196831010616
2023-05-26,26719.291015625,26916.669921875,26343.94921875,26474.181640625,12711619225,2023,5,26,6,3,6,0.4,0.4,0.2,27089.5748046875,27174.77656151135,48.910991053239776,28066.39720473626,26112.752404638744,488.41120002437896
2023-05-27,26868.353515625,26888.8828125,26621.140625,26720.181640625,7892015141,2023,5,27,3,1,4,0.5,0.375,0.125,27010.2435546875,27145.59341428408,51.03713734804924,27748.82072540332,26271.666383971675,369.2885853579126
2023-05-28,28085.646484375,28193.44921875,26802.751953125,26871.158203125,14545229578,2023,5,28,1,0,3,0.75,0.25,0.0,27029.81220703125,27235.122278102262,61.24945404297348,27859.78279163952,26199.841622422977,414.9852923041363
2023-05-29,27745.884765625,28432.0390625,27563.876953125,28075.591796875,15181308984,2023,5,29,10,0,7,0.4117647058823529,0.5882352941176471,0.0,27034.16767578125,27283.766324533,55.30758961666263,27878.820065751315,26189.515285811183,422.3261949850338
2023-05-30,27702.349609375,28044.759765625,27588.501953125,27745.123046875,13251081851,2023,5,30,6,6,6,0.3333333333333333,0.3333333333333333,0.3333333333333333,27038.19736328125,27323.63139927986,56.52797792379818,27895.32983350672,26181.064893055787,428.5662351127314
2023-05-31,27219.658203125,27831.677734375,26866.453125,27700.529296875,15656371534,2023,5,31,4,5,4,0.3076923076923077,0.3076923076923077,0.3846153846153846,27049.1408203125,27313.72919012225,48.28384431446951,27909.84369221599,26188.43794840901,430.3514359517456
2023-06-01,26819.97265625,27346.10546875,26671.720703125,27218.412109375,14678970415,2023,6,1,4,7,7,0.3888888888888889,0.2222222222222222,0.3888888888888889,27049.88994140625,27266.704758324893,49.878906918947465,27909.72372280292,26190.056160009583,429.9168906983343
2023-06-02,27249.58984375,27303.861328125,26574.64453125,26824.556640625,14837415000,2023,6,2,0,3,10,0.7692307692307693,0.0,0.2307692307692307,27073.16552734375,27265.074766460617,53.31352654256396,27927.89000698764,26218.441047699864,427.362239821943
2023-06-03,27075.12890625,27317.052734375,26958.00390625,27252.32421875,8385597470,2023,6,3,1,1,3,0.6,0.2,0.2,27080.3900390625,27246.984684535797,49.491924585733216,27932.48062918372,26228.29944894128,426.0452950606091
2023-06-04,27119.06640625,27407.01953125,26968.224609375,27075.123046875,9360912318,2023,6,4,2,1,1,0.25,0.5,0.25,27076.70869140625,27234.80199136572,53.63254960875932,27927.39139614053,26226.025986671968,425.34135236714
2023-06-05,25760.09765625,27129.982421875,25445.16796875,27123.109375,21513292646,2023,6,5,21,6,11,0.2894736842105263,0.5526315789473685,0.1578947368421052,27012.8810546875,27094.353959449934,41.324480851507886,28047.82531058664,25977.93679878836,517.4721279495719
2023-06-06,27238.783203125,27313.8203125,25434.8671875,25732.109375,21929670693,2023,6,6,16,4,15,0.4285714285714285,0.4571428571428571,0.1142857142857142,27004.880078125,27108.109125514227,50.08830311918055,28029.68676964608,25980.07338660392,512.4033457605395
2023-06-07,26345.998046875,27332.181640625,26146.98828125,27235.650390625,19530045082,2023,6,7,10,6,6,0.2727272727272727,0.4545454545454545,0.2727272727272727,26980.56953125,27035.52711802478,50.07558994225901,28044.92767802554,25916.21138447446,532.1790733877696
2023-06-08,26508.216796875,26797.513671875,26246.6640625,26347.654296875,11904824295,2023,6,8,5,1,10,0.625,0.3125,0.0625,26961.47392578125,26985.307087439083,50.215821767486645,28046.17340033312,25876.77445122938,542.3497372759363
2023-06-09,26480.375,26770.2890625,26339.314453125,26505.923828125,11015551640,2023,6,9,7,4,4,0.2666666666666666,0.4666666666666667,0.2666666666666666,26929.01337890625,26937.21831720679,48.34098656270319,28031.24482835945,25826.78192945305,551.115724726601
2023-06-10,25851.240234375,26531.044921875,25501.8359375,26481.76171875,19872933189,2023,6,10,2,1,2,0.4,0.4,0.2,26883.88408203125,26833.79183312757,43.37870084903252,28085.72596878713,25682.04219527537,600.9209433779404
2023-06-11,25940.16796875,26203.439453125,25668.986328125,25854.03125,10732609603,2023,6,11,3,0,1,0.25,0.75,0.0,26838.32861328125,26748.684798424947,33.627930282795774,28112.28180683927,25564.37541972323,636.9765967790105
2023-06-12,25902.5,26087.919921875,25675.197265625,25934.28515625,11677889997,2023,6,12,4,2,5,0.4545454545454545,0.3636363636363636,0.1818181818181818,26772.16728515625,26668.095770003525,35.253295150966494,28097.80088600975,25446.53368430275,662.8168004267498
2023-06-13,25918.728515625,26376.3515625,25728.365234375,25902.94140625,14143474486,2023,6,13,7,4,7,0.3888888888888889,0.3888888888888889,0.2222222222222222,26751.36279296875,26596.727460062717,35.66878001318226,28118.31277628232,25384.412809655183,683.4749916567839
2023-06-14,25124.67578125,26041.80078125,24902.15234375,25920.2578125,14265717766,2023,6,14,8,7,14,0.4827586206896552,0.2758620689655172,0.2413793103448276,26683.78623046875,26456.53206208055,33.96912943500212,28229.897911944907,25137.6745489926,773.0558407380774
2023-06-15,25576.39453125,25735.30859375,24797.16796875,25121.673828125,15837384409,2023,6,15,7,6,14,0.5185185185185185,0.2592592592592592,0.2222222222222222,26626.64140625,26372.70944009669,40.55927984394563,28249.79211054904,25003.49070195096,811.5753521495209
2023-06-16,26327.462890625,26463.173828125,25245.357421875,25575.283203125,16324646965,2023,6,16,3,3,10,0.625,0.1875,0.1875,26599.596875,26368.40024490891,43.325366488527145,28223.814348065152,24975.37940193485,812.1087365325773
2023-06-17,26510.67578125,26769.39453125,26174.4921875,26328.6796875,11090276850,2023,6,17,2,1,1,0.25,0.5,0.25,26520.84833984375,26381.950295989016,45.91948767967668,27986.70022312768,25054.99645655982,732.9259416419637
2023-06-18,26336.212890625,26675.92578125,26325.890625,26510.45703125,9565695129,2023,6,18,3,1,2,0.3333333333333333,0.5,0.1666666666666666,26450.36474609375,26377.59435262101,44.44546376977488,27799.083088783547,25101.646403403956,674.3591713448989
2023-06-19,26851.029296875,26984.611328125,26312.83203125,26335.44140625,12826986222,2023,6,19,5,3,11,0.5789473684210527,0.2631578947368421,0.1578947368421052,26407.79873046875,26422.68339493092,58.79383282244567,27638.73968148368,25176.857779453818,615.4704755074647
2023-06-20,28327.48828125,28388.96875,26668.791015625,26841.6640625,22211859147,2023,6,20,6,7,13,0.5,0.2307692307692307,0.2692307692307692,26463.190234375,26604.09338410416,58.77903616241509,27925.8483778459,25000.5320909041,731.3290717354507
2023-06-21,30027.296875,30737.330078125,28283.41015625,28311.310546875,33346760979,2023,6,21,5,4,12,0.5714285714285714,0.238095238095238,0.1904761904761904,26623.5564453125,26930.11276418948,76.26640199938626,28786.55718887624,24460.555701748763,1081.500371781869
2023-06-22,29912.28125,30495.998046875,29679.158203125,29995.935546875,20653160491,2023,6,22,4,3,11,0.6111111111111112,0.2222222222222222,0.1666666666666666,26756.691015625,27214.12881045715,74.45302439885367,29364.06980739365,24149.31222385635,1303.689395884326
2023-06-23,30695.46875,31389.5390625,29845.21484375,29896.3828125,24115570085,2023,6,23,2,3,4,0.4444444444444444,0.2222222222222222,0.3333333333333333,26937.7080078125,27545.68499517552,77.31482583085051,30084.962085803378,23790.453929821622,1573.6270389954386
2023-06-24,30548.6953125,30804.1484375,30290.146484375,30708.73828125,12147822496,2023,6,24,1,0,2,0.6666666666666666,0.3333333333333333,0.0,27109.189453125,27831.685977777848,82.47058661520545,30647.48996172467,23570.88894452533,1769.1502542998355
2023-06-25,30480.26171875,31041.271484375,30327.943359375,30545.150390625,12703464114,2023,6,25,1,0,4,0.8,0.2,0.0,27345.19765625,28083.931286441864,81.47201414131786,31125.981254459253,23564.414058040744,1890.391799104628
2023-06-26,30271.130859375,30636.029296875,29955.744140625,30480.5234375,16493186997,2023,6,26,2,0,14,0.875,0.125,0.0,27496.8150390625,28292.236007673597,79.5802578133658,31496.500457908533,23497.12962021647,1999.842709423016
2023-06-27,30688.1640625,31006.787109375,30236.650390625,30274.3203125,16428827944,2023,6,27,2,3,7,0.5833333333333334,0.1666666666666666,0.25,27713.92333984375,28520.419631942776,80.63152893031601,31916.820960364257,23511.025719323243,2101.448810260254
2023-06-28,30086.24609375,30703.279296875,29921.822265625,30696.560546875,14571500779,2023,6,28,5,2,4,0.3636363636363636,0.4545454545454545,0.1818181818181818,27892.8248046875,28669.5459616387,82.67183450302446,32183.321702403344,23602.32790697166,2145.248448857921
2023-06-29,30445.3515625,30796.25,30057.203125,30086.1875,13180860821,2023,6,29,6,5,7,0.3888888888888889,0.3333333333333333,0.2777777777777778,28091.0736328125,28838.670304577878,82.45787088128851,32472.23074218433,23709.91652344067,2190.578554685916
2023-06-30,30477.251953125,31256.86328125,29600.275390625,30441.353515625,26387306197,2023,6,30,3,3,8,0.5714285714285714,0.2142857142857142,0.2142857142857142,28322.37421875,28994.7256996776,80.59748779091268,32694.07863845969,23950.669799040304,2185.852209854848
2023-07-01,30590.078125,30641.2890625,30328.865234375,30471.84765625,9086606733,2023,7,1,2,1,1,0.25,0.5,0.25,28554.8697265625,29146.66402589878,80.39398527226405,32887.549435813584,24222.19001731142,2166.339854625541
2023-07-02,30620.76953125,30766.140625,30264.01953125,30587.26953125,10533418042,2023,7,2,1,1,2,0.5,0.25,0.25,28790.783203125,29287.055026408416,82.62137698131221,33028.14366298397,24553.422743266023,2118.6802299294877
2023-07-03,31156.439453125,31375.61328125,30586.513671875,30624.515625,15271884873,2023,7,3,6,5,10,0.4761904761904761,0.2857142857142857,0.238095238095238,29052.66875,29465.091638476664,82.67638729783766,33188.857257083604,24916.4802429164,2068.0942535418003
2023-07-04,30777.58203125,31325.197265625,30659.35546875,31156.865234375,12810828427,2023,7,4,1,0,7,0.875,0.125,0.0,29335.3140625,29590.090723502697,72.31272189138616,33096.94004353919,25573.68808146081,1880.812990519594
2023-07-05,30514.166015625,30877.330078125,30225.61328125,30778.724609375,12481622280,2023,7,5,6,4,12,0.5454545454545454,0.2727272727272727,0.1818181818181818,29582.20263671875,29678.09789418101,56.00486021814132,32930.5039852965,26233.901288141,1674.1506742888748
2023-07-06,29909.337890625,31460.052734375,29892.2265625,30507.150390625,21129219509,2023,7,6,6,2,13,0.6190476190476191,0.2857142857142857,0.0952380952380952,29761.29638671875,29700.1207509852,49.96761105410867,32739.286678950648,26783.30609448685,1488.9951461159496
2023-07-07,30342.265625,30434.64453125,29777.28515625,29907.998046875,13384770155,2023,7,7,4,1,3,0.375,0.5,0.125,29952.87587890625,29761.27740565328,45.78869514754471,32514.20617703669,27391.545580775808,1280.6651490652202
2023-07-08,30292.541015625,30374.4375,30080.16015625,30346.921875,7509378699,2023,7,8,1,1,1,0.3333333333333333,0.3333333333333333,0.3333333333333333,30150.69228515625,29811.873939936297,46.87346982367124,32065.42496564579,28235.959604666707,957.3663402447706
2023-07-09,30171.234375,30427.58984375,30085.591796875,30291.611328125,7903327692,2023,7,9,1,1,0,0.0,0.5,0.5,30316.7025390625,29846.098743275696,46.27618312418214,31438.347377533028,29195.05770059197,560.822419235264
2023-07-10,30414.470703125,31026.083984375,29985.39453125,30172.423828125,14828209155,2023,7,10,4,3,12,0.631578947368421,0.2105263157894736,0.1578947368421052,30421.05166015625,29900.229406118488,51.71318096550668,31038.46978196072,29803.63353835178,308.7090609022348
2023-07-11,30620.951171875,30788.314453125,30358.09765625,30417.6328125,12151839152,2023,7,11,8,4,12,0.5,0.3333333333333333,0.1666666666666666,30450.734375,29968.86957428577,49.1541055365984,31045.097389029863,29856.371360970137,297.1815070149308
2023-07-12,30391.646484375,30959.96484375,30228.8359375,30622.24609375,14805659717,2023,7,12,6,10,10,0.3846153846153846,0.2307692307692307,0.3846153846153846,30474.70263671875,30009.13404191332,54.24134763996461,31013.7251777417,29935.6800956958,269.5112705114744
2023-07-13,31476.048828125,31814.515625,30268.3515625,30387.48828125,23686079548,2023,7,13,7,5,16,0.5714285714285714,0.25,0.1785714285714285,30513.731640625,30148.84021202872,61.913998915425296,31210.12557467664,29817.33770657336,348.19696702581933
2023-07-14,30334.068359375,31582.25390625,29966.38671875,31474.720703125,20917902660,2023,7,14,7,2,5,0.3571428571428571,0.5,0.1428571428571428,30503.00029296875,30166.480987966457,48.6829217111849,31203.726927692234,29802.273658245267,350.36331736174265
2023-07-15,30295.806640625,30407.78125,30263.462890625,30331.783203125,8011667756,2023,7,15,1,2,2,0.4,0.2,0.4,30493.7775390625,30178.797716791083,47.25548722219612,31200.593321199995,29786.961756925004,353.40789106874735
2023-07-16,30249.1328125,30437.560546875,30089.669921875,30297.47265625,8516564470,2023,7,16,0,2,1,0.3333333333333333,0.0,0.6666666666666666,30492.67763671875,30185.49629733479,46.54424531248865,31201.01905224024,29784.33622119726,354.17070776074473
2023-07-17,30145.888671875,30336.400390625,29685.783203125,30249.626953125,13240156074,2023,7,17,7,4,4,0.2666666666666666,0.4666666666666667,0.2666666666666666,30465.5638671875,30181.724142529096,39.781360673519096,31183.84330672384,29747.28442765116,359.13971976817027
2023-07-18,29856.5625,30233.65625,29556.427734375,30147.0703125,13138897269,2023,7,18,8,1,7,0.4375,0.5,0.0625,30454.0796875,30150.756367050133,40.51495322666423,31204.51933300148,29703.64004199852,375.219822750739
2023-07-19,29913.923828125,30184.181640625,29794.26953125,29862.046875,12128602812,2023,7,19,2,5,9,0.5625,0.125,0.3125,30427.50830078125,30128.200887152503,43.544475990182825,31215.92173663633,29639.09486492617,394.2067179275396
2023-07-20,29792.015625,30195.53125,29638.095703125,29915.25,14655207121,2023,7,20,5,5,6,0.375,0.3125,0.3125,30393.246484375,30096.18324313798,48.59195438671995,31230.595542129216,29555.89742662078,418.6745288771091
2023-07-21,29908.744140625,30045.998046875,29733.8515625,29805.111328125,10972789818,2023,7,21,2,1,5,0.625,0.25,0.125,30359.17978515625,30078.331900041507,44.36976230855903,31217.975501066663,29500.38406924584,429.3978579552064
2023-07-22,29771.802734375,29991.615234375,29664.12109375,29908.697265625,7873300598,2023,7,22,1,0,0,0.0,1.0,0.0,30316.7314453125,30049.138646168507,43.38687306034655,31204.521517858364,29428.94137276664,443.8950362729327
2023-07-23,30084.5390625,30330.640625,29741.52734375,29790.111328125,9220145050,2023,7,23,0,1,1,0.5,0.0,0.5,30263.13642578125,30052.51011439056,48.950060458805694,31062.50044972817,29463.77240183433,399.6820119734601
2023-07-24,29176.916015625,30093.39453125,28934.294921875,30081.662109375,15395817395,2023,7,24,3,4,9,0.5625,0.1875,0.25,30183.103125,29969.12020022241,37.08990457220492,31080.14885134529,29286.05739865472,448.5228631726417
2023-07-25,29227.390625,29353.16015625,29062.43359375,29178.970703125,10266772793,2023,7,25,4,2,11,0.6470588235294118,0.2352941176470588,0.1176470588235294,30118.76435546875,29898.47928829647,34.97336073428254,31096.761946338087,29140.76676459941,488.9987954346681
2023-07-26,29354.97265625,29675.552734375,29113.912109375,29225.759765625,13497554655,2023,7,26,9,6,7,0.3181818181818182,0.4090909090909091,0.2727272727272727,30091.04609375,29846.71675191109,38.57091486168442,31123.91933626679,29058.17285123321,516.436621258395
2023-07-27,29210.689453125,29560.966796875,29099.3515625,29353.798828125,10770779217,2023,7,27,5,2,5,0.4166666666666667,0.4166666666666667,0.1666666666666666,30034.46728515625,29786.142723455272,18.494010987100594,31131.38375004003,28937.55082027247,548.4582324418895
2023-07-28,29319.24609375,29521.513671875,29125.845703125,29212.1640625,11218474952,2023,7,28,6,4,3,0.2307692307692307,0.4615384615384615,0.3076923076923077,29985.8025390625,29741.67637776905,30.192415166008303,31120.22995076119,28851.37512736381,567.2137058493438
2023-07-29,29356.91796875,29396.84375,29264.166015625,29319.4453125,6481775959,2023,7,29,0,1,1,0.5,0.0,0.5,29945.08671875,29705.03271976724,31.67028778553012,31109.547438793245,28780.62599870676,582.2303600216216
2023-07-30,29275.30859375,29443.169921875,29059.501953125,29357.09375,8678454527,2023,7,30,0,0,1,1.0,0.0,0.0,29888.12861328125,29664.106612527503,31.244094085358142,31067.26733078977,28708.989895772727,589.5693587542618
2023-07-31,29230.111328125,29489.873046875,29131.578125,29278.314453125,11656781982,2023,7,31,2,2,5,0.5555555555555556,0.2222222222222222,0.2222222222222222,29818.58662109375,29622.773728298693,31.9586811711978,30979.66457926237,28657.508662925127,580.5389790843113
2023-08-01,29675.732421875,29675.732421875,28657.0234375,29230.873046875,18272392391,2023,8,1,7,3,7,0.4117647058823529,0.4117647058823529,0.1764705882352941,29782.79091796875,29627.8174134012,46.64420407994613,30913.218660632665,28652.363175304832,565.2138713319589
2023-08-02,29151.958984375,29987.998046875,28946.509765625,29704.146484375,19212655598,2023,8,2,11,2,7,0.35,0.55,0.1,29666.58642578125,29582.49756301775,37.946291190286985,30503.953802192416,28829.219049370084,418.683688205584
2023-08-03,29178.6796875,29375.70703125,28959.48828125,29161.8125,12780357746,2023,8,3,6,4,5,0.3333333333333333,0.4,0.2666666666666666,29608.8169921875,29544.038717730346,39.996215466128426,30410.971891134952,28806.66209324005,401.0774494737258
2023-08-04,29074.091796875,29302.078125,28885.3359375,29174.3828125,12036639988,2023,8,4,6,4,7,0.4117647058823529,0.3529411764705882,0.2352941176470588,29547.73125,29499.28186812508,36.33231627359546,30314.919717686844,28780.54278231316,383.5942338434208
2023-08-05,29042.126953125,29102.46484375,28957.796875,29075.388671875,6598366353,2023,8,5,1,0,2,0.6666666666666666,0.3333333333333333,0.0,29487.38095703125,29455.743304791737,37.62591233864739,30210.90662084457,28763.855293217937,361.7628319066563
2023-08-06,29041.85546875,29160.822265625,28963.833984375,29043.701171875,7269806994,2023,8,6,1,0,1,0.5,0.5,0.0,29432.179296875,29416.325415644904,30.22176941315945,30111.263923638013,28753.09467011199,339.54231338150623
2023-08-07,29180.578125,29244.28125,28724.140625,29038.513671875,13618163710,2023,8,7,8,2,4,0.2857142857142857,0.5714285714285714,0.1428571428571428,29398.380078125,29393.87329272634,50.09807275272173,30055.4621400969,28741.298016153098,328.5410309859516
2023-08-08,29765.4921875,30176.796875,29113.814453125,29180.01953125,17570561357,2023,8,8,8,1,7,0.4375,0.5,0.0625,29390.95849609375,29429.26556841907,61.20355640572695,30026.52361005036,28755.393382137143,317.7825569783038
2023-08-09,29561.494140625,30093.435546875,29376.80078125,29766.6953125,18379521213,2023,8,9,5,6,7,0.3888888888888889,0.2777777777777778,0.3333333333333333,29379.432421875,29441.858765772013,54.16728082157769,29992.330265950688,28766.534577799317,306.4489220378438
2023-08-10,29429.591796875,29688.564453125,29354.447265625,29563.97265625,11865344789,2023,8,10,4,0,1,0.2,0.8,0.0,29355.4748046875,29440.69048301992,54.439288243598014,29916.52149819663,28794.428111178368,280.52334675456626
2023-08-11,29397.71484375,29517.7734375,29253.517578125,29424.90234375,10195168197,2023,8,11,0,1,4,0.8,0.0,0.2,29336.77041015625,29436.59756499421,51.64240827679584,29863.254638296046,28810.28618201645,263.2421140698996
2023-08-12,29415.96484375,29465.11328125,29357.587890625,29399.787109375,6194358008,2023,8,12,1,0,1,0.5,0.5,0.0,29303.34169921875,29434.63254392333,51.2460247721199,29698.415583944992,28908.267814492505,197.53694236312188
2023-08-13,29282.9140625,29441.43359375,29265.806640625,29416.59375,7329897180,2023,8,13,2,1,1,0.25,0.5,0.25,29308.6416015625,29420.18316474016,50.15708250906028,29699.394743163622,28917.888459961378,195.37657080056115
2023-08-14,29408.443359375,29660.25390625,29124.10546875,29283.263671875,14013695304,2023,8,14,5,2,5,0.4166666666666667,0.4166666666666667,0.1666666666666666,29317.69423828125,29419.065088038715,53.56495284263857,29708.910358112946,28926.47811844955,195.60805991584863
2023-08-15,29170.34765625,29439.12109375,29088.853515625,29408.048828125,12640195779,2023,8,15,4,2,2,0.25,0.5,0.25,29308.46298828125,29395.37771358265,38.982997446253385,29704.656658156982,28912.26931840552,198.0968349378668
2023-08-16,28701.779296875,29221.9765625,28701.779296875,29169.07421875,14949271904,2023,8,16,11,1,1,0.0769230769230769,0.8461538461538461,0.0769230769230769,29283.01748046875,29329.32072151525,39.94440217505112,29762.306586523977,28803.72837441352,239.64455302761465
2023-08-17,26664.55078125,28745.947265625,25409.111328125,28699.802734375,31120851211,2023,8,17,9,0,6,0.4,0.6,0.0,29150.28271484375,29075.53310815665,20.41477971636448,30414.681528218985,27885.883901468515,632.1994066876172
2023-08-18,26049.556640625,26808.1953125,25668.921875,26636.078125,24026236529,2023,8,18,8,1,4,0.3076923076923077,0.6153846153846154,0.0769230769230769,28984.9146484375,28787.34487315364,18.22544849876641,30855.389838157564,27114.43945871744,935.237594860031
2023-08-19,26096.205078125,26249.44921875,25802.408203125,26047.83203125,10631443812,2023,8,19,1,0,1,0.5,0.5,0.0,28825.95947265625,28531.045845055676,19.146517182325997,31091.197798583693,26560.721146728807,1132.6191629637206
2023-08-21,26124.140625,26220.201171875,25846.087890625,26188.69140625,13371557893,2023,8,21,10,2,6,0.3333333333333333,0.5555555555555556,0.1111111111111111,28670.6609375,28301.81677647894,19.617991293800472,31226.472925510592,26114.84894948941,1277.9059940052962
2023-08-22,26031.65625,26135.5078125,25520.728515625,26130.748046875,14503820706,2023,8,22,4,0,5,0.5555555555555556,0.4444444444444444,0.0,28488.45712890625,28085.611012052374,16.891626594994918,31253.57988645155,25723.334371360957,1382.5613787726484
2023-08-23,26431.640625,26786.8984375,25804.998046875,26040.474609375,16985265785,2023,8,23,5,3,5,0.3846153846153846,0.3846153846153846,0.2307692307692307,28352.4412109375,27928.090022809287,13.52896432661572,31244.837637691224,25460.044784183778,1446.1982133768608
2023-08-24,26162.373046875,26554.91015625,25914.92578125,26431.51953125,12871532023,2023,8,24,7,2,3,0.25,0.5833333333333334,0.1666666666666666,28201.62587890625,27759.92650129174,13.338484574504378,31224.246541447046,25179.00521636545,1511.310331270398
2023-08-25,26047.66796875,26248.103515625,25786.8125,26163.6796875,12406045118,2023,8,25,3,3,3,0.3333333333333333,0.3333333333333333,0.3333333333333333,28050.3046875,27596.854260097287,13.388149951812736,31189.78152195989,24910.827853040108,1569.7384172299458
2023-08-26,26008.462890625,26107.384765625,25983.87890625,26047.234375,6034817316,2023,8,26,1,1,2,0.5,0.25,0.25,27898.621484375,27445.578891576115,13.366941314806724,31128.18055177577,24669.062416974222,1614.7795337003884
2023-08-27,26089.693359375,26165.373046875,25965.09765625,26008.2421875,6913768611,2023,8,27,0,2,0,0.0,0.0,1.0,27751.01337890625,27316.446936128392,14.530574229265994,31030.04468223768,24471.982075574822,1639.5156516657128
2023-08-28,26106.150390625,26198.578125,25880.599609375,26089.615234375,11002805166,2023,8,28,2,1,6,0.6666666666666666,0.2222222222222222,0.1111111111111111,27597.2919921875,27201.180598461404,15.261027707830095,30882.395001429744,24312.188982945256,1642.5515046211217
2023-08-29,27727.392578125,28089.337890625,25912.62890625,26102.486328125,29368391712,2023,8,29,7,4,13,0.5416666666666666,0.2916666666666667,0.1666666666666666,27495.38701171875,27251.29602509603,36.14833721723681,30619.8128549216,24370.961168515903,1562.2129216014243
2023-08-30,27297.265625,27760.16015625,27069.20703125,27726.083984375,16343655235,2023,8,30,6,3,9,0.5,0.3333333333333333,0.1666666666666666,27382.1755859375,27255.674082229743,35.03946760848132,30351.626781490417,24412.724390384585,1484.7255977764587
2023-08-31,25931.47265625,27456.078125,25752.9296875,27301.9296875,20181001451,2023,8,31,7,4,5,0.3125,0.4375,0.25,27207.26962890625,27129.559660707862,30.6469927049487,30079.443787474705,24335.0954703378,1436.0870792842245
2023-09-01,25800.724609375,26125.869140625,25362.609375,25934.021484375,17202862221,2023,9,1,10,2,3,0.2,0.6666666666666666,0.1333333333333333,27027.4201171875,27003.003941533305,41.774372391824045,29769.6043254374,24285.2359089376,1371.092104124952
2023-09-02,25868.798828125,25970.28515625,25753.09375,25800.91015625,10100387473,2023,9,2,0,0,1,1.0,0.0,0.0,26850.06181640625,26894.98440692299,48.07863982614169,29393.41706594496,24306.706566867542,1271.6776247693522
2023-09-03,25969.56640625,26087.1484375,25817.03125,25869.47265625,8962524523,2023,9,3,4,1,2,0.2857142857142857,0.5714285714285714,0.1428571428571428,26684.39443359375,26806.84935923985,48.66920870060305,28980.097702832343,24388.691164355158,1147.851634619297
2023-09-04,25812.416015625,26081.525390625,25657.025390625,25968.169921875,10680635106,2023,9,4,5,1,2,0.25,0.625,0.125,26504.59306640625,26712.141421752724,46.81082938857396,28436.433601689117,24572.752531123388,965.9202676414318
2023-09-05,25779.982421875,25858.375,25589.98828125,25814.95703125,11094740040,2023,9,5,5,4,5,0.3571428571428571,0.3571428571428571,0.2857142857142857,26335.0748046875,26623.36437414532,47.3931618571413,27826.885540329666,24843.264069045337,745.9053678210817
2023-09-06,25753.236328125,25953.015625,25404.359375,25783.931640625,12752705327,2023,9,6,8,3,2,0.1538461538461538,0.6153846153846154,0.2307692307692307,26187.64765625,26540.495036429096,42.38423519165978,27200.582123365155,25174.713189134844,506.46723355757786
2023-09-07,26240.1953125,26409.302734375,25608.201171875,25748.3125,11088307100,2023,9,7,4,0,6,0.6,0.4,0.0,26166.4298828125,26511.895062721564,50.83292256840751,27154.782355847303,25178.07740977769,494.1762365174039
2023-09-08,25905.654296875,26414.005859375,25677.48046875,26245.208984375,10817356400,2023,9,8,3,2,1,0.1666666666666666,0.5,0.3333333333333333,26159.234765625,26454.157846926653,48.54835521784355,27153.248644516392,25165.220886733605,497.0069394456973
2023-09-10,25832.2265625,25978.130859375,25640.26171875,25895.2109375,7899553047,2023,9,10,1,0,0,0.0,1.0,0.0,26146.03583984375,26394.92629602888,48.21105197273387,27150.528846275145,25141.542833412357,502.2465032156987
2023-09-11,25162.654296875,25883.947265625,24930.296875,25831.71484375,14600006467,2023,9,11,3,0,3,0.5,0.5,0.0,26097.9615234375,26277.567058014225,41.5938293872034,27194.66630168681,25001.25674518819,548.3523891246543
2023-09-12,25833.34375,26451.939453125,25133.078125,25160.658203125,18657279324,2023,9,12,6,4,7,0.4117647058823529,0.3529411764705882,0.2352941176470588,26088.0458984375,26235.260076298586,47.78862975376445,27190.84389920561,24985.247897669386,551.3990003840572
2023-09-13,26228.32421875,26376.11328125,25781.123046875,25837.5546875,13072077070,2023,9,13,4,1,5,0.5,0.4,0.1,26077.880078125,26234.59951843681,34.833413626557075,27171.048345409723,24984.71181084028,546.5841336423616
2023-09-14,26539.673828125,26774.623046875,26171.451171875,26228.27734375,13811359124,2023,9,14,3,0,4,0.5714285714285714,0.4285714285714285,0.0,26096.7451171875,26263.65421459759,42.14643074798694,27208.91007084047,24984.58016353453,556.0824768264852
2023-09-15,26608.693359375,26840.498046875,26240.701171875,26533.818359375,11479735788,2023,9,15,1,3,4,0.5,0.125,0.375,26124.79638671875,26296.51508552877,59.60199319098312,27259.81520514562,24989.77756829188,567.5094092134347
2023-09-16,26568.28125,26754.76953125,26473.890625,26606.19921875,7402031417,2023,9,16,1,0,1,0.5,0.5,0.0,26152.7873046875,26322.397577383173,61.1689341469168,27303.23318376325,25002.341425611747,575.2229395378769
2023-09-17,26534.1875,26617.998046875,26445.07421875,26567.927734375,6774210670,2023,9,17,0,1,1,0.5,0.0,0.5,26175.01201171875,26342.568046203825,59.77896511676638,27337.43721558197,25012.58680785553,581.2126019316086
2023-09-18,26754.28125,27414.734375,26415.515625,26532.994140625,15615339655,2023,9,18,4,2,4,0.4,0.4,0.2,26207.4185546875,26381.778827517748,61.141868627259576,27397.56767681275,25017.26943256225,595.0745610626234
2023-09-19,27211.1171875,27488.763671875,26681.60546875,26760.8515625,13807690550,2023,9,19,3,3,9,0.6,0.2,0.2,26181.60478515625,26460.763433230342,68.30207658741861,27249.009293976877,25114.20027633563,533.7022544103104
2023-09-20,27132.0078125,27379.505859375,26864.08203125,27210.228515625,13281116604,2023,9,20,6,2,9,0.5294117647058824,0.3529411764705882,0.1176470588235294,26173.34189453125,26524.691469351263,67.4778281790551,27206.38799107079,25140.295797991712,516.52304826977
2023-09-21,26567.6328125,27152.939453125,26389.30078125,27129.83984375,13371443708,2023,9,21,7,2,3,0.25,0.5833333333333334,0.1666666666666666,26205.14990234375,26528.78112107971,59.24303786805699,27245.98506709113,25164.31473759637,520.417582373689
2023-09-22,26579.568359375,26726.078125,26495.533203125,26564.056640625,10578746709,2023,9,22,7,1,8,0.5,0.4375,0.0625,26244.09208984375,26533.61800091736,54.31724477895113,27279.4820977108,25208.702081976706,517.695003933522
2023-09-23,26579.390625,26634.185546875,26520.51953125,26578.556640625,7404700301,2023,9,23,2,1,0,0.0,0.6666666666666666,0.3333333333333333,26279.6216796875,26537.97729844904,59.367669478798746,27309.54117221351,25249.70218716149,514.9597462630053
2023-09-24,26256.826171875,26716.05859375,26221.05078125,26579.373046875,8192867686,2023,9,24,1,0,1,0.5,0.5,0.0,26293.98466796875,26511.201000680085,55.52115127032575,27313.659200056685,25274.310135880816,509.837266043968
2023-09-25,26298.48046875,26421.5078125,26011.46875,26253.775390625,11997833257,2023,9,25,7,2,6,0.4,0.4666666666666667,0.1333333333333333,26318.287890625,26490.941902401028,67.65190289530508,27312.48639158962,25324.08938966038,497.0992504823107
2023-09-26,26217.25,26389.884765625,26090.712890625,26294.7578125,9985498161,2023,9,26,6,1,3,0.3,0.6,0.1,26340.15126953125,26464.87600693426,57.30461927236241,27303.25167558652,25377.05086347597,481.5502030276371
2023-09-27,26352.716796875,26817.841796875,26111.46484375,26209.498046875,11718380997,2023,9,27,10,4,2,0.125,0.625,0.25,26370.12529296875,26454.194177404806,52.6261794076922,27292.780644611244,25447.469941326257,461.3276758212472
2023-09-28,27021.546875,27259.5,26327.322265625,26355.8125,14079002707,2023,9,28,5,2,5,0.4166666666666667,0.4166666666666667,0.1666666666666666,26409.19287109375,26508.22776765197,58.83911611346731,27373.89451895608,25444.49122323142,482.3508239311646
2023-09-29,26911.720703125,27225.9375,26721.763671875,27024.841796875,10396435377,2023,9,29,4,0,4,0.5,0.5,0.0,26459.49619140625,26546.655666268445,55.47651891772831,27418.548209659017,25500.444173153486,479.5260091263825
2023-09-30,26967.916015625,27091.794921875,26888.96875,26911.689453125,5331172801,2023,9,30,3,1,2,0.3333333333333333,0.5,0.1666666666666666,26516.2806640625,26586.775699540496,57.18150504393216,27453.184038146584,25579.377289978413,468.4516870420434
2023-10-01,27983.75,28047.23828125,26965.09375,26967.396484375,9503917434,2023,10,1,1,0,2,0.6666666666666666,0.3333333333333333,0.0,26657.33544921875,26719.820871012827,69.25495295329992,27585.57379660702,25729.09710183048,464.1191736941354
2023-10-02,27530.78515625,28494.458984375,27347.787109375,27976.798828125,19793041322,2023,10,2,4,2,7,0.5384615384615384,0.3076923076923077,0.1538461538461538,26742.20751953125,26797.05556484494,59.71358401613711,27663.603742018888,25820.81129704361,460.6981112438186
2023-10-03,27429.978515625,27667.19140625,27216.001953125,27508.251953125,11407814187,2023,10,3,9,3,8,0.4,0.45,0.15,26802.290234375,26857.333941109708,53.005535418578816,27739.17943055954,25865.40103819046,468.44459809227
2023-10-04,27799.39453125,27826.658203125,27248.10546875,27429.07421875,11143355314,2023,10,4,7,2,7,0.4375,0.4375,0.125,26865.27626953125,26947.053997313546,58.48816631839803,27892.82022711836,25837.73231194414,513.771978793554
2023-10-05,27415.912109375,28091.861328125,27375.6015625,27798.646484375,11877253670,2023,10,5,4,3,6,0.4615384615384615,0.3076923076923077,0.2307692307692307,26905.63720703125,26991.70715084321,61.30923025085447,27953.94975689854,25857.32465716396,524.1562749336437
2023-10-06,27946.59765625,28252.537109375,27215.552734375,27412.123046875,13492391599,2023,10,6,3,3,4,0.4,0.3,0.3,26974.55302734375,27082.64910373909,66.0106130624207,28107.305429313597,25841.800625373908,566.3762009849221
2023-10-07,27968.83984375,28028.091796875,27870.423828125,27946.78125,6553044316,2023,10,7,0,2,1,0.3333333333333333,0.0,0.6666666666666666,27046.28564453125,27167.04822183537,66.1895212494322,28241.594996961576,25850.976292100924,597.6546762151623
2023-10-08,27935.08984375,28102.169921875,27740.662109375,27971.677734375,7916875290,2023,10,8,0,0,3,1.0,0.0,0.0,27105.32607421875,27240.1950429701,70.96579627087561,28355.304770408125,25855.34737802937,624.9893480946888
2023-10-09,27583.677734375,27989.470703125,27302.5625,27934.47265625,12007668568,2023,10,9,6,2,7,0.4666666666666667,0.4,0.1333333333333333,27123.9541015625,27272.90768024676,64.90207295260431,28391.551123903355,25856.357079221645,633.7985111704282
2023-10-10,27391.01953125,27715.84765625,27301.654296875,27589.201171875,9973350678,2023,10,10,5,0,3,0.375,0.625,0.0,27136.9046875,27284.156427961352,63.26721910504277,28410.1281334229,25863.6812415771,636.6117229614495
2023-10-11,26873.3203125,27474.115234375,26561.099609375,27392.076171875,13648094333,2023,10,11,2,1,6,0.6666666666666666,0.2222222222222222,0.1111111111111111,27152.1890625,27245.029178869798,55.41640537907664,28403.79428385816,25900.583841141844,625.8026106790778
2023-10-12,26756.798828125,26921.439453125,26558.3203125,26873.29296875,9392909295,2023,10,12,4,1,15,0.75,0.2,0.05,27161.0505859375,27198.531050227437,46.88787573084445,28398.009307876648,25924.091863998357,618.4793609695732
2023-10-13,26862.375,27092.697265625,26686.322265625,26752.87890625,15165312851,2023,10,13,4,1,2,0.2857142857142857,0.5714285714285714,0.1428571428571428,27175.1998046875,27166.51618830101,49.41935904961039,28390.42709264329,25959.97251673171,607.6136439778962
2023-10-14,26861.70703125,26969.0,26814.5859375,26866.203125,5388116782,2023,10,14,0,0,1,1.0,0.0,0.0,27205.44384765625,27137.486744772345,48.7337129625188,28352.63868848956,26058.249006822934,573.597420416655
2023-10-15,27159.65234375,27289.169921875,26817.89453125,26858.01171875,7098201980,2023,10,15,1,1,2,0.5,0.25,0.25,27248.50244140625,27139.59775419879,38.14530485091233,28314.1082196724,26182.8966631401,532.8028891330748
2023-10-16,28519.466796875,29448.138671875,27130.47265625,27162.62890625,27833876539,2023,10,16,3,5,10,0.5555555555555556,0.1666666666666666,0.2777777777777778,27363.61328125,27271.013853501285,61.2794243673268,28457.18859963676,26270.037962863244,546.7876591933773
2023-10-17,28415.748046875,28618.751953125,28110.185546875,28522.09765625,14872527508,2023,10,17,8,1,12,0.5714285714285714,0.3809523809523809,0.0476190476190476,27466.76484375,27380.03615763212,61.23873374359029,28547.9755790072,26385.5541084928,540.6053676286017
2023-10-18,28328.341796875,28889.009765625,28174.251953125,28413.53125,12724128586,2023,10,18,8,2,6,0.375,0.5,0.125,27532.10458984375,27470.35098041715,56.44494874664034,28657.087795775427,26407.12138391208,562.4916029658378
2023-10-19,28719.806640625,28892.474609375,28177.98828125,28332.416015625,14448058195,2023,10,19,1,1,5,0.7142857142857143,0.1428571428571428,0.1428571428571428,27622.50888671875,27589.3467575798,65.85643573763016,28825.473690980965,26419.544082456538,601.4824021311074
2023-10-20,29682.94921875,30104.0859375,28601.669921875,28732.8125,21536125230,2023,10,20,11,2,3,0.1875,0.6875,0.125,27758.260546875,27788.73746816744,69.10589897951377,29232.40206630179,26284.11902744821,737.0707597133957
2023-10-22,29993.896484375,30199.43359375,29720.3125,29918.654296875,10446520040,2023,10,22,0,0,3,1.0,0.0,0.0,27858.76787109375,27998.75261256816,70.95150049204742,29639.80133209941,26077.73441008809,890.5167305028307
2023-10-23,33086.234375,34370.4375,30097.828125,30140.685546875,38363572311,2023,10,23,1,2,8,0.7272727272727273,0.0909090909090909,0.1818181818181818,28136.54033203125,28483.27468518072,82.63807212836902,31065.275050244563,25207.805613817934,1464.3673591066556
2023-10-24,33901.52734375,35150.43359375,32880.76171875,33077.3046875,44934999645,2023,10,24,8,3,14,0.56,0.32,0.12,28460.1177734375,28999.2987479016,87.80791980287336,32336.76477606245,24583.47077081256,1938.3235013124724
2023-10-25,34502.8203125,35133.7578125,33709.109375,33916.04296875,25254318008,2023,10,25,5,0,11,0.6875,0.3125,0.0,28795.2890625,29523.443658815737,90.5747390284996,33501.74073366158,24088.83739133842,2353.2258355807894
2023-10-26,34156.6484375,34832.91015625,33762.32421875,34504.2890625,19427195376,2023,10,26,8,4,6,0.3333333333333333,0.4444444444444444,0.2222222222222222,29132.32587890625,29964.70125678567,92.38287456657464,34359.489386432666,23905.162371379836,2613.5817537632074
2023-10-27,33909.80078125,34238.2109375,33416.88671875,34156.5,16418032871,2023,10,27,4,1,3,0.375,0.5,0.125,29430.48603515625,30340.425021020368,91.00256718282752,35039.23310487728,23821.73896543522,2804.3735348605146
2023-10-28,34089.57421875,34399.390625,33874.8046875,33907.72265625,10160330825,2023,10,28,1,2,2,0.4,0.2,0.4,29736.52275390625,30697.48684937557,91.07845649197796,35668.11934711487,23804.92616069763,2965.798296604311
2023-10-29,34538.48046875,34743.26171875,33947.56640625,34089.37109375,11160323986,2023,10,29,0,2,2,0.5,0.0,0.5,30066.69228515625,31063.295765506467,91.51823439538671,36303.368697016645,23830.01587329585,3118.338205930199
2023-10-30,34502.36328125,34843.93359375,34110.97265625,34531.7421875,17184860315,2023,10,30,6,1,3,0.3,0.6,0.1,30412.6265625,31390.826005101088,90.86897119112513,36834.18622886216,23991.066896137847,3210.779833181077
2023-10-31,34667.78125,34719.25390625,34083.30859375,34500.078125,15758270810,2023,10,31,2,4,11,0.6470588235294118,0.1176470588235294,0.2352941176470588,30776.4646484375,31702.91698080575,89.46875348712413,37300.94010488953,24251.98919198547,3262.2377282260154
2023-11-01,35437.25390625,35527.9296875,34170.69140625,34657.2734375,22446272005,2023,11,1,4,3,4,0.3636363636363636,0.3636363636363636,0.2727272727272727,31204.661328125,32058.568116562343,91.5248070401832,37774.49794841888,24634.82470783112,3284.91831014694
2023-11-02,34938.2421875,35919.84375,34401.57421875,35441.578125,20998158544,2023,11,2,3,6,11,0.55,0.15,0.3,31613.73349609375,32332.822789984977,87.2758477653782,38034.62738737818,25192.839604809324,3210.4469456422144
2023-11-03,34732.32421875,34942.47265625,34133.44140625,34942.47265625,17158456701,2023,11,3,8,7,7,0.3181818181818182,0.3636363636363636,0.3181818181818182,32007.23095703125,32561.346735581646,84.63172289842734,38161.14828412991,25853.31362993259,3076.95866354933
2023-11-04,35082.1953125,35256.03125,34616.69140625,34736.32421875,9561294264,2023,11,4,0,1,14,0.9333333333333332,0.0,0.0666666666666666,32418.25537109375,32801.427552431014,83.46344678050927,38212.73524265465,26623.77549953285,2897.2399357804497
2023-11-05,35049.35546875,35340.33984375,34594.2421875,35090.01171875,12412743996,2023,11,5,1,1,0,0.0,0.5,0.5,32812.74052734375,33015.515925413776,82.45142369550265,38156.56917293418,27468.911881753316,2671.914322795217
2023-11-06,35037.37109375,35286.02734375,34765.36328125,35044.7890625,12693436420,2023,11,6,4,3,11,0.6111111111111112,0.2222222222222222,0.1666666666666666,33138.6357421875,33208.073560493416,70.71746345655642,38165.637042113005,28111.634442261995,2513.500649962752
2023-11-07,35443.5625,35892.41796875,34545.81640625,35047.79296875,18834737789,2023,11,7,1,3,3,0.4285714285714285,0.1428571428571428,0.4285714285714285,33490.02646484375,33420.97726901785,67.93140695505713,38091.480130048345,28888.57279963916,2300.726832602296
2023-11-08,35655.27734375,35994.41796875,35147.80078125,35419.4765625,17295394918,2023,11,8,2,1,4,0.5714285714285714,0.2857142857142857,0.1428571428571428,33856.3732421875,33633.76775232567,64.73640413138186,37854.653365559614,29858.09311881539,1999.140061686056
2023-11-09,36693.125,37926.2578125,35592.1015625,35633.6328125,37762672382,2023,11,9,4,4,10,0.5555555555555556,0.2222222222222222,0.2222222222222222,34255.03916015625,33925.13510924704,77.55893013267237,37639.79795708827,30870.28036322424,1692.3793984660065
2023-11-10,37313.96875,37493.80078125,36362.75390625,36702.25,22711265155,2023,11,10,3,3,7,0.5384615384615384,0.2307692307692307,0.2307692307692307,34636.59013671875,34247.881170271125,84.2064854655202,37537.05229182393,31736.127981613565,1450.2310775525912
2023-11-11,37138.05078125,37407.09375,36773.66796875,37310.0703125,13924272142,2023,11,11,0,0,2,1.0,0.0,0.0,34993.7978515625,34523.13541893578,80.65610450910793,37151.32993894649,32836.26576417851,1078.7660436919928
2023-11-12,37054.51953125,37227.69140625,36779.1171875,37133.9921875,11545715999,2023,11,12,0,1,1,0.5,0.0,0.5,35192.212109375,34764.21962010856,77.30859570426776,37340.96442462496,33043.45979412505,1074.3761576249783
2023-11-13,36502.35546875,37405.1171875,36399.60546875,37070.3046875,19057712790,2023,11,13,2,1,7,0.7,0.2,0.1,35322.253515625,34929.756367598224,69.52077827206887,37456.87003705876,33187.63699419124,1067.3082607168783
2023-11-14,35537.640625,36753.3515625,34948.5,36491.7890625,23857403554,2023,11,14,4,2,7,0.5384615384615384,0.3076923076923077,0.1538461538461538,35373.99453125,34987.6501063984,57.34427501157623,37474.88004495422,33273.10901754578,1050.4427568521112
2023-11-15,37880.58203125,37964.89453125,35383.78125,35548.11328125,27365821679,2023,11,15,4,1,11,0.6875,0.25,0.0625,35560.1912109375,35263.16743257474,66.2986503346282,37857.68801974085,33262.69440213414,1148.748404401677
2023-11-16,36154.76953125,37934.625,35545.47265625,37879.98046875,26007385366,2023,11,16,8,1,9,0.5,0.4444444444444444,0.0555555555555555,35672.4396484375,35348.081918162854,56.97366706271242,37846.4766698552,33498.40262701981,1087.0185107088482
2023-11-17,36596.68359375,36704.484375,35901.234375,36164.82421875,22445028430,2023,11,17,0,5,2,0.2857142857142857,0.0,0.7142857142857143,35797.7951171875,35466.99636345687,60.40577816808978,37874.48578623848,33721.10444813653,1038.3453345254852
2023-11-18,36585.703125,36839.28125,36233.3125,36625.37109375,11886022717,2023,11,18,1,0,1,0.5,0.5,0.0,35900.15625,35573.539864556216,58.72165165238656,37916.428435869566,33883.884064130434,1008.1360929347824
2023-11-20,37476.95703125,37756.8203125,36882.53125,37374.07421875,20888209068,2023,11,20,1,3,5,0.5555555555555556,0.1111111111111111,0.3333333333333333,36048.8859375,35754.81768995562,62.80676085594645,38069.85466702004,34027.91720797997,1010.484364760018
2023-11-21,35813.8125,37631.140625,35813.8125,37469.16015625,25172163756,2023,11,21,4,2,5,0.4545454545454545,0.3636363636363636,0.1818181818181818,36106.1875,35760.43624329318,53.488378623223376,38024.66465698782,34187.71034301218,959.2385784939092
2023-11-22,37432.33984375,37856.98046875,35670.97265625,35756.5546875,24397247860,2023,11,22,5,2,6,0.4615384615384615,0.3846153846153846,0.1538461538461538,36205.941796875,35919.6651576224,58.05740059347181,38184.5018181789,34227.3817755711,989.280010651948
2023-11-23,37289.62109375,37643.91796875,36923.86328125,37420.43359375,14214948217,2023,11,23,5,0,6,0.5454545454545454,0.4545454545454545,0.0,36323.5107421875,36050.13715153932,56.65866253813208,38263.9758644476,34383.0456199274,970.2325611300524
2023-11-24,37720.28125,38415.33984375,37261.60546875,37296.31640625,22922957823,2023,11,24,3,1,4,0.5,0.375,0.125,36472.90859375,36209.19849424986,54.40267999699961,38356.8223345934,34588.9948529066,941.9568704216967
2023-11-25,37796.79296875,37892.4296875,37617.41796875,37721.4140625,9099571165,2023,11,25,1,0,2,0.6666666666666666,0.3333333333333333,0.0,36608.6384765625,36360.39796801178,52.17081740531795,38461.573931734885,34755.70302139011,926.4677275861956
2023-11-26,37479.12109375,37820.30078125,37162.75,37796.828125,13744796068,2023,11,26,3,0,8,0.7272727272727273,0.2727272727272727,0.0,36730.1267578125,36466.94302760589,51.51417932500281,38467.62011220596,34992.63340341904,868.7466771967283
2023-11-27,37254.16796875,37559.35546875,36750.12890625,37454.19140625,19002925720,2023,11,27,2,1,11,0.7857142857142857,0.1428571428571428,0.0714285714285714,36840.9666015625,36541.91683152438,50.875346302137146,38397.15513208126,35284.77807104374,778.0942652593804
2023-11-28,37831.0859375,38368.48046875,36891.08984375,37247.9921875,21696137014,2023,11,28,1,1,3,0.6,0.2,0.2,36960.3427734375,36664.694841617296,55.81311887913984,38429.016911998064,35491.668634876936,734.3370692802807
2023-11-29,37858.4921875,38366.11328125,37612.6328125,37826.10546875,20728546658,2023,11,29,2,3,5,0.5,0.2,0.3,37070.503515625,36778.389826939456,61.06071854887293,38455.12100085279,35685.88603039722,692.3087426138935
2023-11-30,37712.74609375,38141.75390625,37531.140625,37861.1171875,18115982627,2023,11,30,1,2,9,0.75,0.0833333333333333,0.1666666666666666,37121.4845703125,36867.37613806427,48.9882354049319,38522.58309671415,35720.386043910854,700.5492632008254
2023-12-01,38688.75,38954.109375,37629.359375,37718.0078125,23512784002,2023,12,1,2,2,5,0.5555555555555556,0.2222222222222222,0.2222222222222222,37190.2236328125,37040.84031539148,66.7937613164548,38756.27033015007,35624.176935474934,783.0233486687819
2023-12-02,39476.33203125,39678.9375,38652.59375,38689.27734375,15534035612,2023,12,2,1,1,1,0.3333333333333333,0.3333333333333333,0.3333333333333333,37307.1376953125,37272.791907378,68.24854197815691,39176.53542379197,35437.73996683303,934.6988642397332
2023-12-03,39978.390625,40135.60546875,39298.1640625,39472.20703125,15769696322,2023,12,3,3,1,7,0.6363636363636364,0.2727272727272727,0.0909090909090909,37453.33125,37530.46797572295,70.23997285577393,39665.4463387694,35241.21616123061,1106.0575443846992
2023-12-04,41980.09765625,42371.75,39978.62890625,39978.62890625,39856129827,2023,12,4,8,5,7,0.35,0.4,0.25,37727.218359375,37954.24223101124,73.72169169151043,40677.00438997054,34777.43232877946,1474.8930152977698
2023-12-05,44080.6484375,44408.6640625,41421.1484375,41986.265625,36312154535,2023,12,5,2,3,6,0.5454545454545454,0.1818181818181818,0.2727272727272727,38154.36875,38537.70948877208,91.62968540750988,42081.42879144894,34227.30870855106,1963.5300207244704
2023-12-06,43746.4453125,44265.76953125,43478.08203125,44080.0234375,29909761586,2023,12,6,12,3,4,0.2105263157894736,0.631578947368421,0.1578947368421052,38447.6619140625,39033.77956722235,86.52013225240744,43098.173967707655,33797.14986041734,2325.25602682258
2023-12-07,43292.6640625,44042.58984375,42880.6484375,43769.1328125,27635760671,2023,12,7,4,2,8,0.5714285714285714,0.2857142857142857,0.1428571428571428,38804.556640625,39439.38761439165,83.51500628305912,43797.15557647017,33811.95770477983,2496.2994679225844
2023-12-08,44166.6015625,44705.515625,43125.296875,43293.13671875,24421116687,2023,12,8,1,2,6,0.6666666666666666,0.1111111111111111,0.2222222222222222,39183.0525390625,39889.59846659245,84.29247196353347,44600.57477495533,33765.53030316966,2708.761117946418
2023-12-09,43725.984375,44361.2578125,43627.59765625,44180.01953125,17368210171,2023,12,9,0,0,2,1.0,0.0,0.0,39540.0666015625,40254.96855310745,80.36519705220891,45173.67204630972,33906.46115681529,2816.802722373607
2023-12-10,43779.69921875,44034.625,43593.28515625,43728.3828125,13000481418,2023,12,10,1,1,1,0.3333333333333333,0.3333333333333333,0.3333333333333333,39855.2037109375,40590.65718793055,83.16380115059278,45703.91044399361,34006.49697788139,2924.353366528057
2023-12-11,41243.83203125,43808.375,40234.578125,43792.01953125,40632672038,2023,12,11,11,8,13,0.40625,0.34375,0.25,40126.7046875,40652.864315865736,66.89090767166857,45682.28414414675,34571.12523085325,2777.789728323376
2023-12-12,41450.22265625,42048.3046875,40667.5625,41238.734375,24779520132,2023,12,12,10,10,14,0.4117647058823529,0.2941176470588235,0.2941176470588235,40327.598828125,40728.80320542614,65.81850478516688,45762.20777659817,34892.98987965184,2717.3044742365814
2023-12-13,42890.7421875,43429.78125,40676.8671875,41468.46484375,26797884674,2023,12,13,3,3,8,0.5714285714285714,0.2142857142857142,0.2142857142857142,40607.6548828125,40934.70215609985,69.57665686204786,45959.74047333303,35255.56929229197,2676.042795260268
2023-12-14,43023.97265625,43390.859375,41767.08984375,42884.26171875,25578530178,2023,12,14,5,1,9,0.6,0.3333333333333333,0.0666666666666666,40872.839453125,41133.680298971296,70.6820821628423,46147.567757614255,35598.11114863575,2637.364152244625
2023-12-15,41929.7578125,43087.82421875,41692.96875,43028.25,19639442462,2023,12,15,7,1,8,0.5,0.4375,0.0625,41079.4876953125,41209.49720502165,62.50545617216665,46167.32765232288,35991.64773830212,2543.919978505191
2023-12-17,41364.6640625,42359.49609375,41274.54296875,42236.109375,16678702876,2023,12,17,0,0,1,1.0,0.0,0.0,41273.76484375,41224.275000971975,57.41342975542474,46071.19533956586,36476.33434793414,2398.715247907931
2023-12-18,42623.5390625,42720.296875,40530.2578125,41348.203125,25224642008,2023,12,18,4,0,8,0.6666666666666666,0.3333333333333333,0.0,41542.2333984375,41357.53824492703,59.80214421452336,45980.01582419799,37104.45097267701,2218.8912128802426
2023-12-19,42270.52734375,43354.296875,41826.3359375,42641.51171875,23171001281,2023,12,19,3,4,11,0.6111111111111112,0.1666666666666666,0.2222222222222222,41764.20546875,41444.48958767207,51.22606170182311,45850.60011366171,37677.810823838285,2043.1973224558585
2023-12-20,43652.25,44275.5859375,42223.81640625,42261.30078125,27868908174,2023,12,20,9,4,10,0.4347826086956521,0.391304347826087,0.1739130434782608,42053.893359375,41654.75248408425,48.07464486177541,45780.0508300842,38327.7358886658,1863.0787353546
2023-12-21,43869.15234375,44240.66796875,43330.05078125,43648.125,22452766169,2023,12,21,6,0,8,0.5714285714285714,0.4285714285714285,0.0,42361.713671875,41865.64770881432,50.55736001592609,45557.26069896844,39166.16664478155,1597.7735135467246
2023-12-22,43997.90234375,44367.95703125,43441.96875,43868.98828125,21028503216,2023,12,22,4,0,7,0.6363636363636364,0.3636363636363636,0.0,42627.1712890625,42068.7195788082,53.30079724031916,45390.914750225966,39863.42782789903,1381.8717305817322
2023-12-23,43739.54296875,44015.69921875,43351.35546875,44012.19921875,13507796558,2023,12,23,3,3,2,0.25,0.375,0.375,42840.3318359375,42227.84561594551,47.87897506655425,45210.43751717687,40470.226154698124,1185.0528406196852
2023-12-24,43016.1171875,43945.5234375,42786.91796875,43728.3671875,18830554085,2023,12,24,0,1,5,0.8333333333333334,0.0,0.1666666666666666,42992.2181640625,42302.9190989507,46.57071580075633,44942.1956715004,41042.2406566246,974.9887537189496
2023-12-25,43613.140625,43765.09375,42765.76953125,43010.57421875,21115795370,2023,12,25,0,1,2,0.6666666666666666,0.0,0.3333333333333333,43073.8703125,42427.70210143158,49.23550591725843,44981.70863958853,41166.03198541147,953.9191635442652
2023-12-26,42520.40234375,43603.17578125,41676.48828125,43599.84765625,30026850982,2023,12,26,0,0,3,1.0,0.0,0.0,42995.8580078125,42436.5306959381,56.75415601260878,44857.395563974846,41134.32045165016,930.7687780811722
2023-12-27,43442.85546875,43683.16015625,42167.58203125,42518.46875,25260941032,2023,12,27,5,2,7,0.5,0.3571428571428571,0.1428571428571428,42980.678515625,42532.371150491614,59.800167372505264,44821.27892883282,41140.07810241717,920.3002066039104
2023-12-28,42627.85546875,43804.78125,42318.55078125,43468.19921875,22992093014,2023,12,28,0,4,13,0.7647058823529411,0.0,0.2352941176470588,42947.4380859375,42541.46489508765,48.6223026516462,44788.32731802417,41106.54885385084,920.444616043332
2023-12-29,42099.40234375,43124.32421875,41424.0625,42614.64453125,26000021055,2023,12,29,0,3,9,0.75,0.0,0.25,42844.078125,42499.36369972216,45.34738259065223,44627.99970339224,41060.156546607766,891.9607891961161
2023-12-30,42156.90234375,42584.125,41556.2265625,42091.75390625,16013925945,2023,12,30,0,0,1,1.0,0.0,0.0,42765.6240234375,42466.74833248672,51.276192014565744,44524.07058305,41007.177463825,879.2232798062511
2023-12-31,42265.1875,42860.9375,41998.25390625,42152.09765625,16397498810,2023,12,31,0,1,0,0.0,0.0,1.0,42689.8984375,42447.552062726085,55.33327472608824,44394.07527933938,40985.72159566062,852.0884209196893
2024-01-01,44167.33203125,44175.4375,42214.9765625,42280.234375,18426978443,2024,1,1,1,0,1,0.5,0.5,0.0,42836.0734375,42611.34063115693,58.495664365248366,44519.39085288131,41152.75602211869,841.6587076906553
2024-01-02,44957.96875,45899.70703125,44176.94921875,44187.140625,39335274536,2024,1,2,12,7,3,0.1363636363636363,0.5454545454545454,0.3181818181818182,43011.4607421875,42834.8290234277,64.10968220119122,44813.56719507478,41209.354289300216,901.0532264436392
2024-01-03,42848.17578125,45503.2421875,40813.53515625,44961.6015625,46342323118,2024,1,3,19,2,12,0.3636363636363636,0.5757575757575758,0.0606060606060606,43009.332421875,42836.10014322031,46.078247201714696,44812.13958001715,41206.525263732845,901.4035790710778
2024-01-04,44179.921875,44770.0234375,42675.17578125,42855.81640625,30448091210,2024,1,4,13,2,11,0.4230769230769231,0.5,0.0769230769230769,43067.1298828125,42964.08316529456,51.3670644637472,44944.49052934005,41189.76923628495,938.6803232637756
2024-01-05,44162.69140625,44353.28515625,42784.71875,44192.98046875,32336029347,2024,1,5,3,3,11,0.6470588235294118,0.1764705882352941,0.1764705882352941,43178.7765625,43078.23633109983,50.73208418916114,45036.82502597614,41320.728099023865,929.0242317380691
2024-01-06,43989.1953125,44227.6328125,43475.15625,44178.953125,16092503468,2024,1,6,2,1,1,0.25,0.5,0.25,43310.003125,43164.994329328416,51.11752015474028,44990.85507775036,41629.15117224964,840.4259763751783
2024-01-07,43943.09765625,44495.5703125,43662.23046875,43998.46484375,19330573863,2024,1,7,0,1,1,0.5,0.0,0.5,43375.9810546875,43239.09940808285,54.41730684392456,45046.94136136493,41705.02074801007,835.480153338714
2024-01-08,46970.50390625,47218.0,43244.08203125,43948.70703125,42746192015,2024,1,8,7,3,9,0.4736842105263157,0.3684210526315789,0.1578947368421052,43610.9798828125,43594.47126505116,62.98989536263976,45852.06008686876,41369.89967875624,1120.5401020281315
2024-01-09,46139.73046875,47893.69921875,45244.71484375,46987.640625,39821290992,2024,1,9,17,3,13,0.3939393939393939,0.5151515151515151,0.0909090909090909,43735.35390625,43836.87690349866,64.29319824016882,46245.96677477,41224.74103773,1255.3064342600028
2024-01-10,46627.77734375,47647.22265625,44483.15234375,46121.5390625,50114613298,2024,1,10,25,12,15,0.2884615384615384,0.4807692307692308,0.2307692307692307,43873.28515625,44102.67694542736,63.024550704597935,46698.27891905213,41048.29139344787,1412.4968814010645
2024-01-11,46368.5859375,48969.37109375,45678.64453125,46656.07421875,45833734549,2024,1,11,23,19,36,0.4615384615384615,0.2948717948717949,0.2435897435897435,43991.8193359375,44318.47780181523,66.02602314470039,47029.74767679186,40953.89099508314,1518.9641704271828
2024-01-12,42853.16796875,46498.13671875,41903.76953125,46354.79296875,43332698900,2024,1,12,9,9,11,0.3793103448275862,0.3103448275862069,0.3103448275862069,43947.5005859375,44178.92448438045,52.57121598299536,47026.509018544704,40868.4921533303,1539.504216303602
2024-01-13,42842.3828125,43234.66015625,42464.14453125,42799.4453125,20601860469,2024,1,13,1,3,2,0.3333333333333333,0.1666666666666666,0.5,43938.8138671875,44051.63480134422,52.3457603392552,47029.84307697795,40847.784657397046,1545.5146048952251
2024-01-14,41796.26953125,43065.59765625,41724.61328125,42842.26171875,17521429522,2024,1,14,1,1,1,0.3333333333333333,0.3333333333333333,0.3333333333333333,43847.9703125,43836.83810895429,48.49211646840495,47082.75085910055,40613.18976589945,1617.390273300275
2024-01-15,42511.96875,43319.72265625,41705.41796875,41715.06640625,22320220558,2024,1,15,10,8,11,0.3793103448275862,0.3448275862068966,0.2758620689655172,43847.5486328125,43710.660074768166,44.2371769016556,47083.05996584088,40612.03729978412,1617.7556665141906
2024-01-16,43154.9453125,43566.2734375,42085.99609375,42499.3359375,24062872740,2024,1,16,16,2,13,0.4193548387096774,0.5161290322580645,0.064516129032258,43833.153125,43657.734859314056,43.65792411174334,47078.79190645823,40587.51434354176,1622.8193907291184
2024-01-17,42742.65234375,43189.890625,42189.30859375,43132.1015625,20851232595,2024,1,17,4,3,4,0.3636363636363636,0.3636363636363636,0.2727272727272727,43838.89296875,43570.584143546046,49.57848872589192,47075.95152052592,40601.83441697408,1618.5292758879607
2024-01-18,41262.05859375,42876.34765625,40631.171875,42742.3125,25218357242,2024,1,18,12,3,6,0.2857142857142857,0.5714285714285714,0.1428571428571428,43797.02578125,43350.72456737499,38.48162251231832,47148.45262130539,40445.59894119461,1675.7134200276953
2024-01-19,41618.40625,42134.16015625,40297.45703125,41278.4609375,25752407154,2024,1,19,17,2,14,0.4242424242424242,0.5151515151515151,0.0606060606060606,43770.1009765625,43185.74187048213,40.218229373320426,47185.05795786557,40355.14399525942,1707.4784906515376
2024-01-20,41665.5859375,41877.89453125,41446.82421875,41624.58984375,11586690904,2024,1,20,2,1,1,0.25,0.5,0.25,43740.1208984375,43040.965114960025,40.97902216679143,47220.605317254376,40259.63647962062,1740.242209408441
2024-01-21,41545.78515625,41855.3671875,41497.0078125,41671.48828125,9344043642,2024,1,21,1,1,2,0.5,0.25,0.25,43609.0435546875,42898.56702365431,40.74584302409744,47216.91187406306,40001.175235311945,1803.9341596877784
2024-01-22,39507.3671875,41651.20703125,39450.1171875,41553.65234375,31338708143,2024,1,22,7,7,4,0.2222222222222222,0.3888888888888889,0.3888888888888889,43336.5134765625,42575.59561068723,18.809079988807227,47319.320938278295,39353.7060148467,1991.4037308579009
2024-01-23,39845.55078125,40127.3515625,38521.89453125,39518.71484375,29244553045,2024,1,23,6,6,8,0.4,0.3,0.3,43186.3822265625,42315.59134121702,22.564929094581885,47462.27909295427,38910.48536017073,2137.9484331958856
2024-01-24,40077.07421875,40483.78515625,39508.796875,39877.59375,22359526178,2024,1,24,4,1,7,0.5833333333333334,0.3333333333333333,0.0833333333333333,42981.23984375,42102.3992343154,20.793662514916832,47445.94715111307,38516.53253638693,2232.353653681532
